{"type":"FeatureCollection","features":[{"id":1478,"type":"Feature","geometry":{"type":"MultiPolygon","coordinates":[[[[102.7110363,-3.13843436999997],[102.7109432,-3.13843416999992],[102.71094645,-3.13844043999996],[102.71098214,-3.13850913999994],[102.71121168,-3.13895096999994],[102.70148972,-3.14155906999997],[102.70109537,-3.14166485999994],[102.70101492,-3.14168643999994],[102.70100585,-3.14168886999994],[102.70099341,-3.14165361999994],[102.69724248,-3.14054487999994],[102.69724243,-3.14054486999993],[102.69719331,-3.14053034999995],[102.69714051,-3.14051770999992],[102.69566696,-3.14036804999995],[102.69375563,-3.14018911999994],[102.69352418,-3.14016744999999],[102.69292314,-3.14010568999994],[102.68898099,-3.13970057999995],[102.68358781,-3.13963928999993],[102.67608551,-3.13547136999995],[102.67608548,-3.13547135999994],[102.67501723,-3.134901],[102.6724799,-3.13346824999997],[102.66947042,-3.13179629999997],[102.66835498,-3.13198219999993],[102.66483395,-3.13258432999993],[102.66478855,-3.13259209999995],[102.66475612,-3.13259201999995],[102.66260952,-3.13258720999994],[102.66251439,-3.132587],[102.66248525,-3.13259181999996],[102.66040123,-3.13293615999993],[102.65955687,-3.13311391999998],[102.65409815,-3.13185903999993],[102.65212603,-3.13143644999997],[102.65138673,-3.13129960999993],[102.6511466,-3.13125515999997],[102.64806174,-3.13059506999998],[102.64659908,-3.13091833999994],[102.64491989,-3.13143355999995],[102.64448594,-3.13156670999996],[102.64409266,-3.13156581999994],[102.6418572,-3.13156076999997],[102.64139964,-3.13155972999994],[102.64138935,-3.13156094999994],[102.63959958,-3.13177272999996],[102.63733763,-3.13204038999993],[102.63597075,-3.13226620999996],[102.63326151,-3.13271378999997],[102.63246271,-3.13284574999995],[102.62807511,-3.13365218999996],[102.6266132,-3.13364885999994],[102.62653278,-3.13366662999994],[102.62465514,-3.13408156999998],[102.62076259,-3.13494177999997],[102.61899816,-3.13533168999994],[102.61491199,-3.13623464999995],[102.61188904,-3.13651705999996],[102.61150013,-3.13655338999997],[102.6058131,-3.13735672999997],[102.60213112,-3.13775939999993],[102.6008039,-3.13793125999996],[102.59931391,-3.13815815999993],[102.59929339,-3.13815344999995],[102.59921926,-3.13813644999993],[102.59861878,-3.13799868999996],[102.59592639,-3.13738102999997],[102.59491116,-3.13714811999996],[102.5944041,-3.13703179999993],[102.591731374,-3.13738041599993],[102.59173065,-3.13738050999996],[102.59171193,-3.13751151999998],[102.59173196,-3.13752212999998],[102.59170666,-3.13754843999993],[102.5916679,-3.13781971999993],[102.58677387,-3.14277648999997],[102.58605704,-3.14342505999997],[102.58413863,-3.14516075999996],[102.58193892,-3.14682176999998],[102.58106417,-3.14748228999998],[102.57760414,-3.14892562999996],[102.57008398,-3.15206259999997],[102.5691197,-3.15242745999996],[102.56776245,-3.15294100999995],[102.56764745,-3.15299676999996],[102.56695727,-3.15333140999996],[102.56263855,-3.15542532999996],[102.5615508,-3.15595271999996],[102.56153525,-3.15596970999997],[102.56152362,-3.15598240999999],[102.55408427,-3.16410943999996],[102.55349293,-3.16467506999993],[102.55046171,-3.16757450999996],[102.54704085,-3.17080668999995],[102.54300049,-3.17578100000001],[102.54295118,-3.17605572999998],[102.54272761,-3.17634450999997],[102.54236909,-3.17635808999995],[102.53465671,-3.17665022999995],[102.52786003,-3.18319758999997],[102.52539912,-3.18556817999997],[102.52536251,-3.18560344999998],[102.52004728,-3.18559059999997],[102.51047721,-3.18563061999993],[102.50953275,-3.18556510999997],[102.50681144,-3.18555848999996],[102.50049202,-3.18493800999994],[102.49959887,-3.18485030999995],[102.49439116,-3.18329689999996],[102.49071358,-3.18139680999997],[102.49065012,-3.18136402999994],[102.49096384,-3.17759938999995],[102.49155523,-3.17591619999996],[102.49177951,-3.17527785999993],[102.49204709,-3.17458777999998],[102.49297165,-3.17220340999996],[102.49302442,-3.17170674999995],[102.49403829,-3.16216436999997],[102.49308944,-3.16155815999998],[102.49177951,-3.16072125999995],[102.49127756,-3.16034479999997],[102.49096384,-3.15990558999995],[102.4890693,-3.15672765999995],[102.48901878,-3.15664290999997],[102.48922281,-3.15388859999996],[102.48964622,-3.14817246999996],[102.48904586,-3.14452412999998],[102.48883054,-3.14321569999994],[102.4897717,-3.14145886999996],[102.49253244,-3.13593739999993],[102.49231566,-3.13360701999995],[102.49228146,-3.13323940999993],[102.49218391,-3.13316721999996],[102.48914426,-3.13091787999998],[102.48914096,-3.13088128999993],[102.48910635,-3.13049787999996],[102.48832859,-3.12188274999994],[102.48581883,-3.11579657999994],[102.48814036,-3.11027511999993],[102.48770115,-3.10945944999998],[102.48807762,-3.10845554999997],[102.48828034,-3.10789590999997],[102.488636199,-3.10767635899993],[102.49000929,-3.10682921999995],[102.49168345,-3.10579631999998],[102.49414544,-3.10420322999995],[102.5000741,-3.10421733999994],[102.50412398,-3.10379087999996],[102.50889927,-3.10234857999996],[102.51352928,-3.10119662999996],[102.51801537,-3.09975357999997],[102.5200432,-3.09830472999994],[102.52120375,-3.09670846999995],[102.52294574,-3.09380529999993],[102.52468503,-3.09206501999995],[102.52772338,-3.09134530999995],[102.53105261,-3.08989945999997],[102.53481533,-3.08859995999996],[102.53684346,-3.08700567999995],[102.53915879,-3.08628423999994],[102.54075144,-3.08541574999993],[102.54422327,-3.08484234999998],[102.54624406,-3.08644605999996],[102.54737506,-3.08750041999997],[102.54983978,-3.08812675999998],[102.55159077,-3.08805747999998],[102.55303983,-3.08675253999996],[102.55412885,-3.08479260999996],[102.55775195,-3.08131215999993],[102.55934658,-3.07957142999994],[102.56050541,-3.07870188999994],[102.56209805,-3.07783334999994],[102.56383562,-3.07681975999999],[102.56673036,-3.07566345999994],[102.57961488,-3.07293340999997],[102.57963495,-3.07291652999993],[102.57991844,-3.07267814999995],[102.58306045,-3.07003600999998],[102.58422859,-3.06905369999993],[102.58411339,-3.06698006999995],[102.58401888,-3.06527884999998],[102.58401888,-3.06307684999996],[102.58450517,-3.06167198999998],[102.58469428,-3.06112568999993],[102.58483089,-3.06073101999995],[102.58489921,-3.06053367999994],[102.58855056,-3.05722056999997],[102.58925425,-3.05702933999993],[102.59018193,-3.05677724999993],[102.59227815,-3.05615588999996],[102.59292575,-3.05596392999996],[102.59343962,-3.05596508999998],[102.59390979,-3.05596614999996],[102.59500077,-3.05596860999998],[102.59707613,-3.05582426999996],[102.59833663,-3.05552909999995],[102.59875768,-3.05510770999996],[102.59907937,-3.05478576999997],[102.60204386,-3.05471791999998],[102.60271249,-3.05397440999997],[102.60349203,-3.05334290999997],[102.60423411,-3.05289755999997],[102.60438447,-3.05192938999995],[102.60512588,-3.05178204999994],[102.60660805,-3.05178535999994],[102.60670621,-3.05176842999992],[102.6068319,-3.05174673999995],[102.6083132,-3.05149116999997],[102.608981,-3.05112015999993],[102.61009263,-3.05112263999997],[102.61105456,-3.05179529999999],[102.61238456,-3.05358629999996],[102.61291454,-3.05417243999994],[102.61393707,-3.05530329999994],[102.61433382,-3.05577679999994],[102.61725856,-3.05542228999997],[102.62365484,-3.05301056999998],[102.62444555,-3.05217044999995],[102.62701027,-3.04944542999993],[102.62801517,-3.04834917999995],[102.6281637,-3.04818714999993],[102.6288912,-3.04713868999994],[102.63172884,-3.04304914999995],[102.63786017,-3.04012946999996],[102.63833483,-3.03990343999993],[102.63848426,-3.04003792999992],[102.6393834,-3.04084714999994],[102.64223709,-3.04127952999995],[102.64228786,-3.04126463999995],[102.64310311,-3.04102553999997],[102.64345884,-3.04055122999995],[102.6437874,-3.04011314999996],[102.64459756,-3.03945028999994],[102.64494082,-3.03916943999997],[102.64583691,-3.03881100999997],[102.64703796,-3.03833058999993],[102.64810243,-3.03799793999997],[102.64810247,-3.03798252999996],[102.64827187,-3.03734943999996],[102.64840132,-3.03686563999998],[102.64886843,-3.03643149999994],[102.650248167,-3.03514914899995],[102.65196625,-3.03539458999995],[102.65227032,-3.03532061999994],[102.65584596,-3.03445086999995],[102.65741881,-3.03445086999995],[102.65930624,-3.03319258999994],[102.66308109,-3.03161972999994],[102.66408901,-3.03146466999994],[102.66665077,-3.03107054999993],[102.66717052,-3.03099058999993],[102.66943996,-3.03010061999993],[102.67251823,-3.02889344999994],[102.67230851,-3.02805458999996],[102.67220366,-3.02396516999995],[102.67418404,-3.02330503999997],[102.6750348,-3.02302145999994],[102.67849508,-3.02144859999993],[102.68195536,-3.01903688999995],[102.6826119,-3.01838034999998],[102.68289908,-3.01809317999994],[102.68333296,-3.01592373999996],[102.68342336,-3.01547174999997],[102.68304718,-3.01445606999994],[102.68237479,-3.01264060999995],[102.68307071,-3.01237549999996],[102.68457679,-3.01180174999996],[102.68727397,-3.010594],[102.69034934,-3.00921687999994],[102.69310359,-3.00919839999994],[102.69397748,-3.00919252999995],[102.69457718,-3.00918850999995],[102.6954427,-3.00918269999994],[102.69579649,-3.00918032999994],[102.69925677,-3.00760746999992],[102.69942436,-3.00759984999996],[102.70145057,-3.00750774999994],[102.70356453,-3.00741165999995],[102.70387049,-3.00739775999995],[102.70511771,-3.00832426999996],[102.705130178,-3.00833353199994],[102.7053785,-3.008518],[102.7060815,-3.00904021999998],[102.70734512,-3.00997890999997],[102.70754048,-3.01012403999994],[102.710702398,-3.01127771299997],[102.7152999,-3.01295517999995],[102.7153895,-3.01274611899993],[102.715843864,-3.01168594499996],[102.71592905,-3.01148717999996],[102.716825451,-3.01067802299997],[102.717129741,-3.01040334999994],[102.717376783,-3.01018035399994],[102.71782504,-3.00977572999995],[102.71815163,-3.00948093999995],[102.71858373,-3.00909088999993],[102.71872954,-3.00895926999994],[102.72032832,-3.00846498999993],[102.72106704,-3.00823660999994],[102.72136821,-3.00794806999995],[102.7214258,-3.00789289999995],[102.721471,-3.00784958999998],[102.72208034,-3.00726578999997],[102.72231451,-3.00704143999997],[102.72235397,-3.00700362999993],[102.72234969,-3.00678043999994],[102.72234219,-3.00638975999994],[102.72232533,-3.00551032999994],[102.72298183,-3.00492333999996],[102.72425995,-3.00378054999993],[102.72787589,-3.00388759999994],[102.72956046,-3.00393746999993],[102.730767593,-3.00520496199995],[102.7316576,-3.00613946999994],[102.73238592,-3.00655112999994],[102.73263562,-3.00669225999997],[102.73394784,-3.00743394999995],[102.73406931,-3.00750260999996],[102.734477994,-3.00775803899996],[102.73490817,-3.00802689999995],[102.73510863,-3.00839696999998],[102.73572745,-3.00953940999995],[102.73607996,-3.01019020999996],[102.736111188,-3.01024786199998],[102.73763445,-3.01306003999997],[102.73918952,-3.01228249999997],[102.74056187,-3.01159632999997],[102.74056472,-3.01157961999997],[102.74063221,-3.01155183999993],[102.74241548,-3.01081785999998],[102.74250622,-3.01012956999995],[102.74260668,-3.01001222999997],[102.74296581,-3.00959276999993],[102.74327242,-3.00913247999995],[102.74472469,-3.00894343999994],[102.74617837,-3.00806300999995],[102.74633191,-3.00771761999994],[102.74667625,-3.00748786999998],[102.74683042,-3.00683519999996],[102.74736721,-3.00591444999999],[102.74745626,-3.00569830999996],[102.747636,-3.00526201999998],[102.74813348,-3.00487893999997],[102.74905195,-3.00415102999996],[102.7497396,-3.00419085999994],[102.74998144,-3.00450012999994],[102.75031121,-3.00492185999998],[102.75095963,-3.00546095999995],[102.75149422,-3.00561570999998],[102.75222078,-3.00530991999996],[102.75264217,-3.00477303999998],[102.75291032,-3.00442788999993],[102.75333068,-3.00439034999994],[102.7537887,-3.00462175999996],[102.75474364,-3.00473896999995],[102.7555081,-3.00458689999994],[102.75585275,-3.00420349999996],[102.75634984,-3.00401246999997],[102.75644279,-3.00391251999997],[102.756511058,-3.00383910699997],[102.757101605,-3.00389534899995],[102.75710387,-3.00388653999995],[102.75789037,-3.00082888999999],[102.75803658,-2.99997587999996],[102.75852774,-2.99711035999997],[102.75986896,-2.99568849999997],[102.760242324,-2.99533024799996],[102.76176204,-2.99387203999993],[102.76280852,-2.99232839999997],[102.76623499,-2.99481183999996],[102.7662353,-2.99481140999996],[102.7669349,-2.99383595999996],[102.76748987,-2.99335694999996],[102.7696315,-2.99236262999995],[102.771186155,-2.99239101499995],[102.77200028,-2.99240587999998],[102.773346126,-2.99252838499997],[102.774816188,-2.99266219599998],[102.775021981,-2.99268092799998],[102.77631693,-2.99279879999995],[102.77826699,-2.99207294999998],[102.7786647,-2.99192577999998],[102.77929936,-2.99169092999995],[102.78144694,-2.99209188999993],[102.78155676,-2.99209509999997],[102.781880625,-2.99210455799995],[102.78222756,-2.99211468999993],[102.78379769,-2.99216053999993],[102.78435962,-2.99217694999993],[102.788063803,-2.99204394499998],[102.78853239,-2.99202711999993],[102.78867003,-2.99203186999995],[102.79030774,-2.99208829999998],[102.79050991,-2.99209526999994],[102.79341307,-2.99219529999994],[102.79522156,-2.99330701999998],[102.80135336,-2.99775166999996],[102.80501352,-2.99875252999993],[102.806293722,-2.99910259799998],[102.80631048,-2.99910717999995],[102.80694293,-2.99900467999993],[102.80913097,-2.99865005999993],[102.81016937,-2.99848175999995],[102.81041515,-2.99365420999993],[102.81199283,-2.99207440999994],[102.81223319,-2.99186583999995],[102.81317578,-2.99104785999999],[102.81382449,-2.99036732999997],[102.81483249,-2.98930990999997],[102.819390996,-2.99040924599996],[102.82106636,-2.99081327999995],[102.82199373,-2.99097056999996],[102.825884204,-2.99385681399997],[102.826528107,-2.99433450899995],[102.827211279,-2.99450179599996],[102.82907428,-2.99495798399995],[102.83214395,-2.99369761999999],[102.83227068,-2.99360396999998],[102.83279133,-2.99321921999996],[102.83511057,-2.99150534999996],[102.83545536,-2.99125055999997],[102.84509664,-2.99087580899993],[102.8452443,-2.99087006999998],[102.84727049,-2.98826620999995],[102.84805854,-2.98787201999994],[102.84997538,-2.98668695999993],[102.85073855,-2.98621512999995],[102.85186144,-2.98481648999996],[102.85296587,-2.98238633999995],[102.85381812,-2.98162770999995],[102.85516999,-2.98042432999994],[102.85528113,-2.98026070999992],[102.85531647,-2.98020866999997],[102.85941998,-2.97523019999995],[102.86335396,-2.97650427999998],[102.8677282,-2.97802776999993],[102.86815321,-2.97817578999997],[102.86890099,-2.97844807999996],[102.869029264,-2.97849478799999],[102.878825166,-2.97847737399997],[102.87240428,-2.97085503999995],[102.87262992,-2.97082620999993],[102.8728684,-2.97079573999997],[102.87287963,-2.97079430999998],[102.87514528,-2.97050484999995],[102.87515508,-2.97050345999998],[102.87625893,-2.97030123999998],[102.87852194,-2.96988663999997],[102.88229578,-2.96925320999998],[102.88327185,-2.96908937999996],[102.88853517,-2.96820592999996],[102.88853836,-2.96820539499993],[102.889431706,-2.96805544699993],[102.89164415,-2.96768408999997],[102.892641633,-2.96776316099994],[102.89293214,-2.96778618999997],[102.89385713,-2.96785949999998],[102.89385952,-2.96795566999999],[102.9015863,-2.96927502999995],[102.90158645,-2.96927504999997],[102.902941473,-2.96950641299998],[102.90589042,-2.97000992999995],[102.90627402,-2.97073635999995],[102.90689141,-2.97190550999995],[102.90766383,-2.97307514999995],[102.90963332,-2.97705409999997],[102.90963337,-2.97705419999995],[102.91075734,-2.97916198999997],[102.91340004,-2.98411786999998],[102.91426248,-2.98573519999997],[102.91436393,-2.98592545999997],[102.91551706,-2.98808901999996],[102.92060415,-2.99763366999998],[102.92086355,-2.99812035999998],[102.92089905,-2.99818696999995],[102.92090982,-2.99825487999994],[102.92096627,-2.99861103999997],[102.92117791,-2.99925341999995],[102.92243349,-3.00235471999998],[102.92245147,-3.00260802999997],[102.92243901,-3.00261356999993],[102.92245031,-3.00276237999998],[102.92263523,-3.00519680999997],[102.923262217,-3.01403034499998],[102.92368493,-3.01998587999998],[102.923695053,-3.02012849899995],[102.92475029,-3.03499549999998],[102.92470482,-3.03512038999998],[102.92261504,-3.04085985999996],[102.92261428,-3.04086191999995],[102.92232647,-3.04164935999996],[102.92224696,-3.04191771999997],[102.92219195,-3.04210336999996],[102.92201075,-3.04269779999993],[102.92201061,-3.04269822999993],[102.92201016,-3.04269970999997],[102.920840886,-3.04249389699993],[102.91995833,-3.04233855199993],[102.92121386,-3.05009759899998],[102.925142684,-3.07437731799997],[102.925470659,-3.07640417099998],[102.928797023,-3.07678333399997],[102.928330903,-3.07767319899996],[102.927943007,-3.07832600099994],[102.927148291,-3.07888419399996],[102.926266507,-3.07950601599993],[102.925059372,-3.08200634999998],[102.925063654,-3.08201056699995],[102.924888686,-3.08202325199995],[102.924681831,-3.08203824799996],[102.92444167,-3.08205565999998],[102.924079762,-3.08208189899995],[102.923988352,-3.08298076199998],[102.924650615,-3.08382278199998],[102.925516287,-3.08492970599997],[102.925724427,-3.08584741299995],[102.924485049,-3.08590417899995],[102.924499241,-3.08667051099997],[102.923751769,-3.08811926299996],[102.923657221,-3.08830251599994],[102.922228626,-3.08832143799998],[102.922219165,-3.08720505199995],[102.922162399,-3.08645291099998],[102.920595154,-3.08718970099994],[102.920424721,-3.08731143899996],[102.919864727,-3.08736013399995],[102.917786735,-3.08821500299997],[102.917512369,-3.08648838899996],[102.916034333,-3.08610265799997],[102.915853538,-3.08656153199996],[102.914479705,-3.08600182199996],[102.913645749,-3.08943771999998],[102.913412297,-3.09039954299993],[102.912923242,-3.09071742899994],[102.912582928,-3.09061354399996],[102.912135147,-3.09082489599997],[102.912038426,-3.09096460399997],[102.911918421,-3.09120998799995],[102.911687366,-3.09132999299994],[102.91155124,-3.09169896499998],[102.911583481,-3.09173836999998],[102.911681992,-3.09183688199994],[102.91152672,-3.09237152999998],[102.910874195,-3.09302081499993],[102.910458654,-3.09307096699996],[102.910163174,-3.09377832799994],[102.910162768,-3.09377791499997],[102.910152144,-3.09396895599997],[102.909965744,-3.09732075999994],[102.911157152,-3.09969073799994],[102.912639699,-3.10010835699995],[102.9096865,-3.10822235999995],[102.90958455,-3.10850372999994],[102.90955347,-3.10858948999994],[102.909550911,-3.10859656399993],[102.909598968,-3.10861086599994],[102.909691576,-3.10862353299996],[102.91168168,-3.10889572999998],[102.91168273,-3.10889586999997],[102.91168279,-3.10889587999999],[102.91493279,-3.10932642999996],[102.918448231,-3.10979215099997],[102.91952394,-3.10993465999996],[102.919573448,-3.10994121899995],[102.920472277,-3.11006028099996],[102.928868804,-3.10158528699998],[102.92898812,-3.10214987999995],[102.92933979,-3.10381391999993],[102.92933979,-3.10381395999998],[102.93005041,-3.10706664999999],[102.93034234,-3.10840292999996],[102.930873939,-3.11083622799993],[102.9311204,-3.11196435999996],[102.931680631,-3.11452869899995],[102.93185411,-3.11532275999997],[102.932471561,-3.11814907799993],[102.93247632,-3.11817085999997],[102.932507625,-3.11817139899996],[102.932818898,-3.11817675399994],[102.93413284,-3.11819935999995],[102.93433499,-3.11819974999997],[102.93440425,-3.11819988999998],[102.93666392,-3.11919279999996],[102.93666441,-3.11919476999998],[102.93666643,-3.11920295999994],[102.93667565,-3.11920701999998],[102.93670317,-3.11931467999995],[102.93672382,-3.11939549999994],[102.93678825,-3.11964761999997],[102.93687696,-3.11999475999994],[102.93694854,-3.12017301999993],[102.9370467,-3.12041746999995],[102.93714673,-3.12060104999995],[102.937155728,-3.12061950399994],[102.93729893,-3.12091320999998],[102.93799536,-3.12234155999994],[102.93802177,-3.12239571999993],[102.93812081,-3.12251565999998],[102.93834143,-3.12278285999997],[102.93887666,-3.12355058999998],[102.93918028,-3.12398609999997],[102.93950378,-3.12445011999995],[102.93964784,-3.12573783999995],[102.93967704,-3.12609975999994],[102.93971071,-3.12624131999996],[102.9398941,-3.12701235999998],[102.93995501,-3.12708260999995],[102.9396222,-3.12771154999996],[102.93959666,-3.12775981999994],[102.93974697,-3.12785320999996],[102.94017013,-3.12811612999998],[102.94017001,-3.12811624999995],[102.940795351,-3.12831917499995],[102.941127606,-3.12848530299993],[102.941343572,-3.12861820499996],[102.941584457,-3.12880094499997],[102.941775504,-3.12905844299996],[102.941908406,-3.12943222999997],[102.941966551,-3.12968142099993],[102.942033002,-3.12996383799998],[102.942066227,-3.13027117399998],[102.942051133,-3.13041608399994],[102.94206481,-3.13042853999997],[102.94227566,-3.13106859999994],[102.94245666,-3.13161801999996],[102.942634897,-3.13215906199998],[102.94276892,-3.13256588999998],[102.94277332,-3.13257682999995],[102.94281097,-3.13267061999995],[102.94324578,-3.13304673999995],[102.94345933,-3.13316654999995],[102.94404635,-3.13349588999995],[102.94435483,-3.13385167999997],[102.94490484,-3.13420991999993],[102.94572228,-3.13474232999993],[102.94630087,-3.13704608999996],[102.94633586,-3.13718541999998],[102.94712147,-3.13715772999996],[102.947125,-3.13715759999996],[102.94735061,-3.13714963999996],[102.94737287,-3.13721617999994],[102.94737285,-3.13722390999994],[102.94737181,-3.13775856999996],[102.9473718,-3.13776628999995],[102.94705311,-3.13816511999994],[102.94705302,-3.13821157999996],[102.947053,-3.13821929999995],[102.94705196,-3.13875656999995],[102.94705194,-3.13876428999993],[102.94697365,-3.13884267999993],[102.94695005,-3.13886630999997],[102.94676178,-3.13905482999996],[102.94661396,-3.13920282999994],[102.94589805,-3.13952097999993],[102.94586801,-3.13951601999999],[102.944836658,-3.13934580899997],[102.944111958,-3.13969555799998],[102.944111683,-3.13969569099993],[102.944088182,-3.13970703299999],[102.943910154,-3.13990355699997],[102.943448305,-3.14017296899993],[102.942835714,-3.14059064499998],[102.942789743,-3.14062198899995],[102.942744841,-3.14104321199995],[102.942618688,-3.14179799299996],[102.942595168,-3.14216789899996],[102.942823954,-3.14266395899995],[102.943123301,-3.14295475299997],[102.943609183,-3.14337860799998],[102.943845566,-3.14338699699994],[102.94387053,-3.14341939099996],[102.943993041,-3.14357836999994],[102.944049354,-3.14371235599999],[102.944004692,-3.14385022399994],[102.943864882,-3.14400750999994],[102.943672643,-3.14412013499999],[102.943587924,-3.14417997199996],[102.943394965,-3.14431625699997],[102.943154182,-3.14450655399997],[102.942952234,-3.14477840699993],[102.942686206,-3.14514734999995],[102.942406587,-3.14551046699996],[102.942239591,-3.14571824099994],[102.941967739,-3.14584834199997],[102.94172577,-3.14587020699998],[102.941464811,-3.14566581199996],[102.941383566,-3.14539282999994],[102.941293932,-3.14525609099996],[102.941142471,-3.14527550899993],[102.940800714,-3.14553571099998],[102.94053857,-3.14603475499996],[102.940373953,-3.14656136199994],[102.940327276,-3.14659001499997],[102.940227798,-3.14664528099996],[102.940205163,-3.14676977299996],[102.940193904,-3.14682998299998],[102.940200864,-3.14686427499993],[102.940273764,-3.14722347599996],[102.940277625,-3.14722667399996],[102.940498881,-3.14740992199996],[102.940500134,-3.14741743899998],[102.94051388,-3.14749991499997],[102.940572367,-3.14762106699993],[102.940606966,-3.14772961299997],[102.940963264,-3.14884741099997],[102.94103643,-3.14907205999999],[102.941140975,-3.14938859699993],[102.941139896,-3.14940154899995],[102.941139051,-3.14941168399997],[102.941138097,-3.14942312899996],[102.941138071,-3.14942344599996],[102.941265847,-3.14964705399996],[102.941299224,-3.14985501799992],[102.941303168,-3.14988262699996],[102.941303474,-3.14988476899993],[102.941137346,-3.15001767099994],[102.94095466,-3.15001767099994],[102.940937993,-3.15001767099994],[102.940856542,-3.15001767099994],[102.940541785,-3.15001767099994],[102.94051903,-3.15001767099994],[102.940406385,-3.15001767099994],[102.940068497,-3.15004838899995],[102.940040904,-3.15005089699997],[102.939990978,-3.15013202699993],[102.9397751,-3.15048282899994],[102.9397751,-3.15078185799997],[102.939817827,-3.15105958499993],[102.939841551,-3.15121378999993],[102.939896949,-3.15139844899994],[102.940020628,-3.15181071399997],[102.940040904,-3.15187830099995],[102.940158073,-3.15213607299996],[102.940194366,-3.15221591699999],[102.940208787,-3.15224323999996],[102.940207032,-3.15228448299996],[102.940207032,-3.15237668299995],[102.940202978,-3.15237972699993],[102.940075202,-3.15247555899993],[102.94007413,-3.15247635999998],[102.940004472,-3.15247556099997],[102.939712239,-3.15247220899994],[102.939712094,-3.15247251999996],[102.939706962,-3.15246584699998],[102.939706886,-3.15246586199993],[102.939706855,-3.15246586799999],[102.939703131,-3.15246034699994],[102.93970307,-3.15246039999994],[102.939675813,-3.15242145999997],[102.939426621,-3.15233839599995],[102.93941271,-3.15233994199997],[102.939270655,-3.15235572599995],[102.938529532,-3.15243807299993],[102.937981311,-3.15250452399994],[102.937815703,-3.15254836099997],[102.937416477,-3.15265403899997],[102.93719106,-3.15281370999998],[102.937017771,-3.15293645599997],[102.936888723,-3.15305032099997],[102.936871965,-3.15306510799996],[102.936735354,-3.15318564699993],[102.936505993,-3.15354464699994],[102.93635326,-3.15378370599995],[102.936326927,-3.15378370599995],[102.936239175,-3.15378370599995],[102.936153907,-3.15378370599995],[102.935788426,-3.15380031899998],[102.935409179,-3.15389225799993],[102.935351466,-3.15390560499998],[102.935243142,-3.15393250899997],[102.935240205,-3.15393322099994],[102.935206065,-3.15394533499995],[102.93500542,-3.15401631599998],[102.93482584,-3.15407984499995],[102.934741811,-3.15411007099993],[102.934725193,-3.15411604899998],[102.934724926,-3.15411614499994],[102.934710769,-3.15418620499998],[102.934700774,-3.15423813999997],[102.934691984,-3.15428208899994],[102.934693616,-3.15429677699996],[102.934701856,-3.15437093799995],[102.934708591,-3.15442977899994],[102.93487049,-3.15459095099994],[102.934992644,-3.15471565099996],[102.935007627,-3.15473063399997],[102.935007422,-3.15473073699998],[102.935009882,-3.15473324799996],[102.934883074,-3.15479423199997],[102.934768444,-3.15485505599997],[102.934693345,-3.15489490399995],[102.934692891,-3.15489626599998],[102.934691984,-3.15489676099997],[102.934625533,-3.15509611499993],[102.934625652,-3.15509798399995],[102.934625585,-3.15509818499993],[102.934717545,-3.15654922199997],[102.934731097,-3.15678347899996],[102.934731374,-3.15678363299998],[102.934737721,-3.15683623199993],[102.934749735,-3.15693985199994],[102.934824743,-3.15758679399994],[102.934824886,-3.15758802899996],[102.934642146,-3.15797012199994],[102.934559709,-3.15796352699995],[102.934226827,-3.15793689699996],[102.934255812,-3.15809631699995],[102.934260052,-3.15811963699997],[102.934293278,-3.15838544099995],[102.934284554,-3.15839009399998],[102.934044087,-3.15851834299998],[102.933678606,-3.15846850499999],[102.933047321,-3.15821931399996],[102.93303635,-3.15822395499993],[102.933007649,-3.15823609799999],[102.933007045,-3.15823660299998],[102.933007083,-3.15823645299997],[102.932994682,-3.15824158399994],[102.932993047,-3.15824226099995],[102.93235126,-3.15851354399996],[102.932235584,-3.15856266999999],[102.932235583,-3.15856274099997],[102.932235479,-3.15856278499996],[102.931755974,-3.15876565299994],[102.931751525,-3.15876753499993],[102.931743731,-3.15876972299998],[102.931737334,-3.15877148599999],[102.931707781,-3.15877981099993],[102.931683389,-3.15878666099996],[102.931683337,-3.15878667599998],[102.931675218,-3.15878023699998],[102.930783488,-3.15903540099993],[102.93078346,-3.15903655399996],[102.930761221,-3.15904004099998],[102.930618625,-3.15906239699996],[102.930280174,-3.15911527799996],[102.930273034,-3.15911636499994],[102.93027013,-3.15911660699993],[102.929902712,-3.15914860599998],[102.929890893,-3.15914963099994],[102.929890793,-3.15914963999996],[102.929808838,-3.15920145399998],[102.929664383,-3.15929268999998],[102.929664348,-3.15929271199997],[102.92962964,-3.15931463299996],[102.929575254,-3.15934898199993],[102.929558641,-3.15954833499996],[102.929560079,-3.15955057199995],[102.929593985,-3.15960331499998],[102.929989574,-3.16017264099998],[102.930031205,-3.16027104099994],[102.93011735,-3.16047465799995],[102.930047654,-3.16116581299997],[102.929522583,-3.16166780399994],[102.929519124,-3.16167111099997],[102.929267752,-3.16185167399995],[102.929236602,-3.16187404899995],[102.929093484,-3.16197379799996],[102.929126685,-3.16228920699997],[102.929126709,-3.16228943999995],[102.929125826,-3.16229135399993],[102.929028687,-3.16250182299996],[102.928903474,-3.16261200999998],[102.928591056,-3.16276821899993],[102.928512037,-3.16280443599993],[102.927573325,-3.16291971699997],[102.927569242,-3.16292021799996],[102.927567378,-3.16293070999996],[102.926950562,-3.16287588199998],[102.926890496,-3.16287049399994],[102.926870999,-3.16286880999997],[102.926520719,-3.16283854999995],[102.92651528,-3.16283718999996],[102.926427135,-3.16282935499993],[102.926296597,-3.16285111099996],[102.926292754,-3.16285210199993],[102.926172949,-3.16287171899996],[102.926127226,-3.16287920599995],[102.926023165,-3.16295664699993],[102.925969192,-3.16299837899993],[102.925928753,-3.16302870799996],[102.925933299,-3.16311508399997],[102.925938949,-3.16323543199996],[102.925944757,-3.16334578399996],[102.926010823,-3.16345371699992],[102.92603392,-3.16349194099996],[102.926045146,-3.16351051999994],[102.926045187,-3.16351058699996],[102.926054666,-3.16351464899998],[102.926054639,-3.16351515799995],[102.926059801,-3.16351719799998],[102.926230132,-3.16358451399999],[102.926539609,-3.16370682199994],[102.92687357,-3.16395656699995],[102.926873513,-3.16395739799997],[102.92687568,-3.16395902299997],[102.926868336,-3.16403246399995],[102.926859067,-3.16412514999997],[102.926770116,-3.16415749599998],[102.926676327,-3.16419160199996],[102.926602635,-3.16419861999998],[102.926327459,-3.16422482699994],[102.925862301,-3.16419160199996],[102.925431138,-3.16408329999996],[102.925427553,-3.16408239899995],[102.925425788,-3.16408397699996],[102.925181178,-3.16399224799994],[102.925169715,-3.16399048499994],[102.924992725,-3.16396288599998],[102.924891461,-3.16394767599997],[102.924749246,-3.16392579699994],[102.924748482,-3.16392620099993],[102.924571234,-3.16402003899998],[102.924467099,-3.16407517199998],[102.92446683,-3.16407531199996],[102.92444737,-3.16414017599993],[102.924443517,-3.16415301899997],[102.924443266,-3.16415312999994],[102.924083202,-3.16431213499994],[102.924081516,-3.16431287999995],[102.924101349,-3.16450724399993],[102.92435054,-3.16492256299995],[102.924432489,-3.16580761199998],[102.924433604,-3.16581965199993],[102.924416962,-3.16589953399996],[102.92435054,-3.16621835799998],[102.92409218,-3.16659974599998],[102.924007046,-3.16672542099997],[102.924001672,-3.16673335399998],[102.924001672,-3.16681140999998],[102.924001672,-3.16717248899993],[102.924001672,-3.16744770299994],[102.924084736,-3.16773011999994],[102.924097691,-3.16774091499998],[102.924262384,-3.16787815899994],[102.924387737,-3.16797281399994],[102.924535841,-3.16841422399995],[102.924530464,-3.16844334999996],[102.924524016,-3.16847881599995],[102.92446683,-3.16879333599998],[102.924380193,-3.16889730099996],[102.924300702,-3.16899268999993],[102.924104707,-3.16909068699994],[102.923898738,-3.16919336799999],[102.923890334,-3.16919755699996],[102.923889162,-3.16919814199998],[102.922501181,-3.16776595799996],[102.922178183,-3.16711996199996],[102.922018152,-3.16679989999994],[102.921858626,-3.16645093699998],[102.921622502,-3.16585368399996],[102.921616358,-3.16583814299998],[102.921598288,-3.16573261299994],[102.921371964,-3.16441088199997],[102.921317988,-3.16410244699994],[102.921261774,-3.16378121999999],[102.921243467,-3.16367661099998],[102.921226301,-3.16367807199994],[102.921195524,-3.16368069099997],[102.920896002,-3.16144789299994],[102.920837215,-3.16100965999994],[102.920838789,-3.16099982199996],[102.920753067,-3.16032832999997],[102.920476942,-3.15968247899997],[102.920200237,-3.15903527099994],[102.920198539,-3.15899912699997],[102.920196242,-3.15895021499996],[102.92004792,-3.15862942599995],[102.919973709,-3.15846892299993],[102.919961801,-3.15846892299993],[102.919407861,-3.15709726299997],[102.919133898,-3.15641887899994],[102.919114106,-3.15636986899994],[102.917910224,-3.15338882899994],[102.917865077,-3.15345528099994],[102.917846676,-3.15348236599994],[102.917290757,-3.15221891299996],[102.917287278,-3.15221100599997],[102.916972513,-3.15227002399996],[102.916681713,-3.15232454899996],[102.915978809,-3.15257349399997],[102.915871353,-3.15261155099996],[102.915574626,-3.15271664199997],[102.914724082,-3.15301787699997],[102.914284978,-3.15333830399994],[102.913599441,-3.15383855999994],[102.913215074,-3.15411904399997],[102.912640696,-3.15462714799998],[102.911094307,-3.15599510799996],[102.910398254,-3.15636990499997],[102.910428572,-3.15641891499997],[102.909718663,-3.15673583799998],[102.908762087,-3.15716288099998],[102.908785179,-3.15719193799993],[102.908787912,-3.15719537699994],[102.908191068,-3.15747335899994],[102.907213327,-3.15792874499993],[102.904631938,-3.15826544799995],[102.904216561,-3.15831962799997],[102.904063052,-3.15831420999996],[102.903483867,-3.15829376799997],[102.900919601,-3.15820326499994],[102.900787245,-3.15815723099996],[102.90059018,-3.15808868999995],[102.90005204,-3.15796434999993],[102.89965716,-3.15792039999997],[102.8994873,-3.15790148999998],[102.898322349,-3.15777180999993],[102.89694396,-3.15761836999997],[102.89670121,-3.15759134999997],[102.89669632,-3.15759080999994],[102.89543115,-3.15724638999996],[102.89436432,-3.15695595999996],[102.89362273,-3.15675406999998],[102.89338245,-3.15668865999993],[102.89282671,-3.15653736999997],[102.89242557,-3.15642815999996],[102.8920587,-3.15632827999997],[102.89167969,-3.15622510999999],[102.89154968,-3.15618970999999],[102.88985058,-3.15562992999998],[102.88933398,-3.15545972999996],[102.88933312,-3.15545943999996],[102.88865415,-3.15523339999993],[102.88843088,-3.15515906999997],[102.88761067,-3.15488600999994],[102.88717273,-3.15474020999995],[102.88701183,-3.15468663999997],[102.88638985,-3.15447957999994],[102.88560682,-3.15421888999993],[102.88558306,-3.15421097999997],[102.88545477,-3.15416826999996],[102.8854431,-3.15422860999997],[102.88530185,-3.15416645999994],[102.88528069,-3.15415714999994],[102.88526201,-3.15414892999996],[102.88526189,-3.15414887999998],[102.88526183,-3.15414892999996],[102.88526128,-3.15414945999992],[102.88523504,-3.15417469999995],[102.88521432,-3.15419462999995],[102.88510398,-3.15430074999995],[102.88471347,-3.15467632999998],[102.88400639,-3.15533279999994],[102.88348279,-3.15581286999999],[102.88292791,-3.15632160999996],[102.88271836,-3.15651583999995],[102.88255053,-3.15667139999994],[102.88188534,-3.15666994999998],[102.88152825,-3.15666917999993],[102.88125621,-3.15666861999995],[102.88106084,-3.15666821999998],[102.8808162,-3.15636509999996],[102.88068205,-3.15619888999994],[102.88030784,-3.15573523999996],[102.88008461,-3.15545865999997],[102.87976048,-3.15505705999993],[102.87841089,-3.15338489999994],[102.878215,-3.15314218999993],[102.87801896,-3.15289929999996],[102.87798755,-3.15286037999993],[102.87798434,-3.15285639999996],[102.87546969,-3.14974071999996],[102.87529756,-3.14952745999995],[102.873396894,-3.14603524499995],[102.87248571,-3.14436106999996],[102.87029061,-3.14100596999998],[102.86907985,-3.13915536999997],[102.86685482,-3.13749662999993],[102.8643248,-3.13561049999993],[102.86333286,-3.13427653999998],[102.8632882,-3.13421647999997],[102.86277613,-3.13352783999995],[102.86115636,-3.13073571999997],[102.86241341,-3.13025054999997],[102.86278818,-3.13010589999994],[102.86282197,-3.13009285999994],[102.86292894,-3.12994577999997],[102.86402604,-3.12843726999995],[102.86410299,-3.12833144999997],[102.86410185,-3.12832745999999],[102.86406944,-3.12821401999998],[102.86386282,-3.12749082999994],[102.86366712,-3.12680589999997],[102.86362261,-3.12665010999996],[102.86371163,-3.12665580999993],[102.86407849,-3.12667931999994],[102.86411967,-3.12668195999993],[102.86413115,-3.12667302999996],[102.86415223,-3.12665662999997],[102.86574275,-3.12541927999997],[102.86606456,-3.12516891999997],[102.86609958,-3.12522143999996],[102.86624793,-3.12544396999994],[102.86638482,-3.12564930999997],[102.86651604,-3.12564930999997],[102.86651948,-3.12564930999997],[102.8668652,-3.12564930999997],[102.86687601,-3.12553045999995],[102.86687968,-3.12549002999998],[102.86694527,-3.12476859999992],[102.86695093,-3.12473650999993],[102.86706098,-3.12411288999993],[102.86706245,-3.12410455999998],[102.866982726,-3.12404407499997],[102.86696602,-3.12403139999998],[102.867057589,-3.12284107999994],[102.86709089,-3.12240819999994],[102.86674245,-3.12022638999998],[102.8667404,-3.12021350999994],[102.8654697,-3.11225669999994],[102.86496679,-3.10910763999993],[102.864093,-3.10407044999994],[102.864026917,-3.10354178399996],[102.8640159,-3.10345364999995],[102.864283398,-3.10349377499995],[102.8645299,-3.10353074999995],[102.864412997,-3.10346951599996],[102.86363151,-3.10306016999994],[102.86161513,-3.10212108999997],[102.86109058,-3.10187679999996],[102.86105965,-3.10186238999996],[102.86067918,-3.10168519999997],[102.843990626,-3.09397601699994],[102.838453585,-3.09141821199996],[102.83494833,-3.08979897999995],[102.83494481,-3.08975452999995],[102.83195485,-3.08835984999997],[102.83077851,-3.08779527999996],[102.82827575,-3.08659408999995],[102.82588938,-3.08548268999994],[102.825802796,-3.08544236399996],[102.82530871,-3.08521224999993],[102.823525439,-3.08533806599996],[102.81664946,-3.08582318999993],[102.81587354,-3.08587792999999],[102.815813015,-3.08588219999996],[102.81266944,-3.08610397999996],[102.81258941,-3.086737],[102.811816,-3.08694460999994],[102.81112696,-3.08716077999997],[102.81047862,-3.08736417999996],[102.81040394,-3.08738760999996],[102.80917157,-3.08891743999994],[102.80826471,-3.08905014999995],[102.80742926,-3.08917240999994],[102.80742663,-3.08917482999993],[102.80734297,-3.08925179999995],[102.80535915,-3.09242651999996],[102.80525252,-3.09266741999995],[102.8052195,-3.09274202999997],[102.80516538,-3.09273983999998],[102.80516341,-3.09273975999997],[102.80513808,-3.09273873999997],[102.80478402,-3.09272443999993],[102.80477535,-3.09312332999997],[102.80476943,-3.09312295999997],[102.80065173,-3.09287086999996],[102.80055313,-3.09180344999993],[102.80030209,-3.08908594999997],[102.80014108,-3.08902081999998],[102.79870083,-3.08843820999993],[102.79865805,-3.08842090999998],[102.79833539,-3.08829037999994],[102.79628931,-3.08781123999996],[102.79565739,-3.08808586999994],[102.79447682,-3.08859892999993],[102.79447645,-3.08877682999998],[102.7944763,-3.08884773999995],[102.79441234,-3.09045324999994],[102.79427246,-3.09071311999998],[102.79391996,-3.09136792999994],[102.79376402,-3.09121050999995],[102.79250571,-3.08994031999993],[102.79226799,-3.08999953999995],[102.79196112,-3.09007597999995],[102.79187552,-3.09009729999997],[102.79176574,-3.09036061999997],[102.79147989,-3.09104623999998],[102.79000826,-3.09152005999994],[102.78903753,-3.09183259999998],[102.78643573,-3.09356837999996],[102.78600613,-3.09299005999998],[102.78598604,-3.09296301999996],[102.78596465,-3.09293421999996],[102.78513143,-3.093165],[102.78454664,-3.09332697999997],[102.78375816,-3.09387934999995],[102.78329667,-3.09395357999996],[102.78097112,-3.09432766999993],[102.78065651,-3.094308],[102.77934879,-3.09402836999993],[102.7779321,-3.09378794999998],[102.77715849,-3.09410418999995],[102.77613035,-3.09441889999995],[102.77611714,-3.09442293999996],[102.77611261,-3.09442432999993],[102.77452033,-3.09266927999994],[102.77296987,-3.09096030999995],[102.77184414,-3.08971949899996],[102.76999397,-3.08768018999996],[102.7675171,-3.08730802999998],[102.76531628,-3.08697734999994],[102.76483655,-3.08704512999998],[102.76291525,-3.08731658999994],[102.76211266,-3.08742998999999],[102.76190542,-3.08782719999994],[102.76158991,-3.08843192999996],[102.76136206,-3.08886863999993],[102.76136005,-3.08886862999999],[102.75857027,-3.08885394999994],[102.75193154,-3.08881908999997],[102.751304195,-3.08960330199995],[102.75087711,-3.09013717999994],[102.74962105,-3.09170729999994],[102.74954011,-3.09180848999996],[102.74935246,-3.09374753999993],[102.7493739,-3.09388228999996],[102.75021104,-3.09914435999997],[102.75022816,-3.09925193999994],[102.75025306,-3.10054706999995],[102.75029071,-3.10250453999993],[102.75025439,-3.10252394999998],[102.74951708,-3.10291803999997],[102.74713453,-3.10419146999993],[102.74668769,-3.10447581999995],[102.74665284,-3.104498],[102.74664549,-3.10450266999993],[102.74530689,-3.10623497999996],[102.74453495,-3.10727224999993],[102.74451268,-3.10730216999997],[102.74449205,-3.10750519999994],[102.74437034,-3.10870281999997],[102.74434252,-3.10897659999994],[102.74372308,-3.11058528999996],[102.74359856,-3.11090866999997],[102.74350486,-3.11115201999997],[102.7434148,-3.11145144999995],[102.74300148,-3.11282572999994],[102.74299927,-3.11386105999998],[102.74299681,-3.11501932999994],[102.74299541,-3.11567285999996],[102.74181,-3.11626643999995],[102.74132446,-3.11650955999995],[102.741306123,-3.11651378699998],[102.74131444,-3.11647790999996],[102.7390412,-3.11754727999995],[102.73714983,-3.12144726999998],[102.73692073,-3.12191964999994],[102.73689437,-3.12197400999998],[102.73528444,-3.12519333999996],[102.73527472,-3.12530756999997],[102.73525031,-3.12559450999993],[102.73514739,-3.12680444999996],[102.73513814,-3.12684314999996],[102.7347924,-3.12828897999999],[102.73447341,-3.12962293999994],[102.7341005,-3.13005836999997],[102.73366987,-3.13056117999997],[102.73328815,-3.13098143999997],[102.73295032,-3.13135336999995],[102.73233083,-3.13203538999995],[102.72872054,-3.13363892999996],[102.72591295,-3.13470242999996],[102.72484336,-3.13510757999996],[102.7247731,-3.13512737999998],[102.72389569,-3.13537455999995],[102.72286553,-3.13574916999994],[102.717549269,-3.13717095999994],[102.71746955,-3.13719227999997],[102.71516383,-3.13759224999996],[102.71137402,-3.13839987999995],[102.71132064,-3.13841125999994],[102.71121037,-3.13843475999994],[102.7110363,-3.13843436999997]]]]},"properties":{"gid":1478,"luas":null,"idkec":"1605030","kdkab":"05","kdkec":"030","nmkab":"MUSI RAWAS","nmkec":"SUKU TENGAH LAKITAN ULU","kdprov":"16","nmprov":"SUMATERA SELATAN","sumber":null,"periode":"2025_1"}},{"id":1479,"type":"Feature","geometry":{"type":"MultiPolygon","coordinates":[[[[103.25963945,-3.50351512999993],[103.25468223,-3.50334880999998],[103.24958913,-3.50317789999997],[103.24598738,-3.50310434999995],[103.24588829,-3.50310232999995],[103.23849286,-3.50261800999994],[103.23631341,-3.50247526999994],[103.23498468,-3.50238824999997],[103.2327816,-3.50224394999998],[103.22863913,-3.50197260999994],[103.224489651,-3.50170079599997],[103.22424118,-3.50168451999997],[103.2234609,-3.50130058999997],[103.221186108,-3.50142086099993],[103.220077914,-3.50147945299995],[103.21597328,-3.50169646999996],[103.21475791,-3.50176071999994],[103.21354114,-3.50182503999997],[103.21144279,-3.50193596999998],[103.21022213,-3.50200048999995],[103.2092158,-3.50205367999996],[103.20848993,-3.50209205999994],[103.20843652,-3.50209487999996],[103.20834213,-3.50209646999998],[103.20682451,-3.50212214999994],[103.20425946,-3.50216554999998],[103.20401562,-3.50216966999996],[103.20278518,-3.50219047999997],[103.20161967,-3.50221018999998],[103.20128905,-3.50212645999994],[103.20110867,-3.50208077999997],[103.20109561,-3.50205578999994],[103.20057505,-3.50105948999994],[103.19707273,-3.49435639999997],[103.19694097,-3.49410421999994],[103.196921815,-3.49406755799993],[103.19614405,-3.49257896999996],[103.19568672,-3.49170367999995],[103.19487436,-3.49014889999996],[103.19487406,-3.49014831999995],[103.19487385,-3.49014792999998],[103.1946809,-3.48977863999994],[103.194680826,-3.48977866599996],[103.194162523,-3.48878672299997],[103.190921,-3.482583],[103.18917,-3.482001],[103.189170417,-3.48200065499998],[103.190149,-3.48119200000001],[103.190148952,-3.48119190599994],[103.190103678,-3.48110309499999],[103.18797317,-3.47692381199995],[103.187860324,-3.47670244899996],[103.187804237,-3.47659242699996],[103.18780302,-3.47659003999997],[103.187803,-3.47659],[103.187803147,-3.47658966099993],[103.187806425,-3.47658208399997],[103.187860324,-3.47645749099996],[103.187941,-3.476271],[103.187935867,-3.47627228099998],[103.186097081,-3.47673097999996],[103.186097,-3.476731],[103.185428187,-3.47490225999997],[103.185412,-3.474858],[103.185410698,-3.47485627199996],[103.183626,-3.47248800000001],[103.183476938,-3.47228320299997],[103.181802,-3.46998200000001],[103.179943384,-3.46758199299995],[103.179828,-3.467433],[103.179123598,-3.46649130599997],[103.179092965,-3.46645035399996],[103.179074,-3.466425],[103.177640384,-3.46522015799997],[103.176041,-3.463876],[103.176006798,-3.46387948499996],[103.172469,-3.46424],[103.172041904,-3.46432561799998],[103.17204,-3.464326],[103.170991636,-3.46468648999997],[103.16748,-3.465894],[103.164868,-3.468255],[103.162278592,-3.47108833399995],[103.161314703,-3.47214302299994],[103.160505,-3.47302900000001],[103.158448,-3.47387700000001],[103.156908872,-3.47452369199993],[103.154759,-3.475427],[103.152437249,-3.47627826499996],[103.151197,-3.476733],[103.148208741,-3.47798129499995],[103.147915,-3.478104],[103.14549,-3.47913200000001],[103.14358093,-3.47984509999999],[103.142679,-3.480182],[103.142652755,-3.48019267399997],[103.136271737,-3.48278788899995],[103.136052641,-3.48287699699995],[103.136001,-3.482898],[103.136000549,-3.48289810099993],[103.124962551,-3.48537813399997],[103.113952863,-3.48785180599999],[103.113952,-3.48785200000001],[103.113951521,-3.48785194099998],[103.11395181,-3.48785185999998],[103.113952084,-3.48785177999997],[103.11395212,-3.48785176999997],[103.11397841,-3.48771473999995],[103.11397767,-3.48771366999996],[103.11397855,-3.48771400000001],[103.11409607,-3.48710814999993],[103.11456986,-3.48466566999998],[103.11471019,-3.48399090999994],[103.11497603,-3.48271265999996],[103.11692389,-3.48096486999998],[103.11713136,-3.48081978999995],[103.118307475,-3.47999736499998],[103.11916277,-3.47939927999995],[103.12183295,-3.47583653999993],[103.1222401,-3.47529327999995],[103.122896443,-3.47389895799995],[103.12310511,-3.47345566999996],[103.12388389,-3.47180122999993],[103.1239558,-3.47172925999996],[103.12528221,-3.47040166999995],[103.12548304,-3.46998183999996],[103.12566405,-3.46995946999994],[103.12745584,-3.46739810999998],[103.12746803,-3.46738067999997],[103.12821839,-3.46630803999995],[103.12839667,-3.46605318999997],[103.13167971,-3.46133069999996],[103.13520498,-3.45849844999998],[103.1354361,-3.45812972999994],[103.13783043,-3.45430976999995],[103.13844749,-3.45332529999997],[103.13873936,-3.45226319999995],[103.13883836,-3.45190294999997],[103.13885012,-3.45162682999995],[103.13886544,-3.45126679999993],[103.13891676,-3.45006109999998],[103.13897888,-3.44860189999997],[103.13920787,-3.44833448999998],[103.13938207,-3.44813106999993],[103.14029976,-3.44777747999996],[103.14151141,-3.44857103999993],[103.14259805,-3.44928273999994],[103.14349095,-3.44951059999994],[103.14397912,-3.44963517999998],[103.14461048,-3.44874768999995],[103.14479402,-3.44807656999996],[103.14501563,-3.44726624999992],[103.14562236,-3.44634862999994],[103.14803766,-3.44471191999998],[103.14822293,-3.44415698999996],[103.1483074,-3.44390395999994],[103.14829186,-3.44382506999995],[103.14784264,-3.44154493999998],[103.14812826,-3.44108054999999],[103.1483807,-3.44067011999994],[103.14856768,-3.44058213999995],[103.14873302,-3.44050434999997],[103.14873892,-3.44050156999998],[103.14920994,-3.44027994999993],[103.14952151,-3.44013334999994],[103.14966081,-3.44011962999997],[103.1501921,-3.44006727999995],[103.15113139,-3.43973223999996],[103.15103571,-3.43921391999993],[103.15093233,-3.43865384999998],[103.15082465,-3.43821743999996],[103.15066623,-3.43757533999997],[103.150639157,-3.43689064699993],[103.15060229,-3.43595822999993],[103.15086941,-3.43481402999993],[103.15127832,-3.43306242999995],[103.1512784,-3.43302183999998],[103.1512799,-3.43224433999996],[103.15128053,-3.43191706999994],[103.15138502,-3.43156258999994],[103.15161795,-3.43077234999994],[103.1524403,-3.43005893999998],[103.15262531,-3.42989843999993],[103.15369829,-3.42976576999996],[103.15420941,-3.42988229999998],[103.1551604,-3.43009910999996],[103.1552702,-3.43012413999998],[103.15557704,-3.43035500999998],[103.15738052,-3.43171193999996],[103.15811851,-3.43226719999996],[103.15852271,-3.43220996999998],[103.15858795,-3.43220072999998],[103.15905805,-3.43179738999993],[103.16044534,-3.42996449999993],[103.16073844,-3.42957725999998],[103.16268545,-3.42816613999997],[103.16652943,-3.42706168999997],[103.17021586,-3.42521824999994],[103.17113844,-3.42542000999993],[103.17194247,-3.42569104999997],[103.17201029,-3.42528692999997],[103.17241048,-3.42479729999997],[103.1726151,-3.42454695999993],[103.17308191,-3.42440128999994],[103.17375475,-3.42461650999997],[103.17656824,-3.42590202999998],[103.17730536,-3.42610556999995],[103.17732491,-3.42609939999994],[103.17857999,-3.42570374999997],[103.179050714,-3.42527558499995],[103.1801583,-3.42426813999999],[103.18044854,-3.42400413999997],[103.18046495,-3.42396790999993],[103.18153777,-3.42159946999994],[103.18182005,-3.42084733999997],[103.18194207,-3.42052221999996],[103.18194283,-3.42011796999998],[103.18174284,-3.41951120999994],[103.18107213,-3.41964467999998],[103.18107195,-3.41964471999996],[103.1810718,-3.41964474999998],[103.18024476,-3.41831554999993],[103.18052019,-3.41785622999993],[103.18281724,-3.41655243999998],[103.1841744,-3.41578211999997],[103.18433844,-3.41568901999995],[103.18434333,-3.41558761999994],[103.18438672,-3.41468830999999],[103.18438673,-3.41468815999997],[103.18487141,-3.40464209999994],[103.18509142,-3.40368235999995],[103.18525341,-3.40375711999996],[103.18778331,-3.40507956999994],[103.187787311,-3.40508248899994],[103.19173124,-3.40796040999993],[103.19309172,-3.40869989999993],[103.19383059,-3.40909080999996],[103.19430888,-3.40970615999993],[103.1943112,-3.40968580999994],[103.19439999,-3.40930364999997],[103.19440004,-3.40930358999998],[103.19457604,-3.40908823999996],[103.19484255,-3.40876214999998],[103.19494365,-3.40866281999997],[103.19507652,-3.40853227999998],[103.19520788,-3.40825493999995],[103.19532007,-3.40801806999997],[103.19691277,-3.40703138999993],[103.19745182,-3.40669743999996],[103.19760937,-3.40660041999997],[103.19783394,-3.40646211999996],[103.19804548,-3.40632845999994],[103.198176905,-3.40624541599993],[103.19819187,-3.40623595999995],[103.19997616,-3.40510853999996],[103.20009881,-3.40503104999994],[103.20078162,-3.40459959999992],[103.20097515,-3.40447731999996],[103.2020357,-3.40390458999997],[103.2020358,-3.40390453999993],[103.20629753,-3.40050067999994],[103.20923181,-3.39815703999995],[103.210436936,-3.39724727499993],[103.21075029,-3.39701071999997],[103.21146662,-3.39646994999993],[103.21226512,-3.39586714999996],[103.2123335,-3.39581552999994],[103.21234795,-3.39580461999998],[103.21234922,-3.39582976999997],[103.21240503,-3.39580496999997],[103.21243632,-3.39632336999996],[103.21245519,-3.39663600999996],[103.2128164,-3.39666088999997],[103.21323027,-3.39668938999996],[103.21398302,-3.39679166999998],[103.21478024,-3.3969],[103.21591727,-3.39685017999995],[103.21638171,-3.39721457999997],[103.2164638,-3.39732539999995],[103.21665194,-3.39757939999993],[103.2166553,-3.39758127999994],[103.21675865,-3.39772345999996],[103.21675867,-3.39772348999998],[103.21846598,-3.40002841999996],[103.21878827,-3.40046352999996],[103.21900113,-3.40075089999994],[103.21900539,-3.40075663999995],[103.22136138,-3.40448523999993],[103.22227727,-3.40576858999998],[103.22360034,-3.40756533999997],[103.22472199,-3.40792627999998],[103.22543553,-3.40828645999994],[103.22630145,-3.40900578999998],[103.22622638,-3.40859419999992],[103.22604892,-3.40762113999995],[103.22609044,-3.40757124999994],[103.22637623,-3.40722788999994],[103.22681581,-3.40669976999993],[103.22741019,-3.40523719999993],[103.2274124,-3.40523173999998],[103.227482,-3.40506048999994],[103.22722758,-3.40470115999995],[103.22794196,-3.40459994999998],[103.22794202,-3.40457144999994],[103.22794281,-3.40413855999998],[103.22758646,-3.40372776999993],[103.22758666,-3.40361685999994],[103.22758721,-3.40331764999996],[103.22819947,-3.40326750999999],[103.22860674,-3.40372964999995],[103.2286366,-3.40371685999999],[103.22896412,-3.40357651999996],[103.22937279,-3.40326966999993],[103.22968228,-3.40314592999994],[103.2298833,-3.40306554999996],[103.22988397,-3.40269941999997],[103.22988433,-3.40250162999997],[103.22996113,-3.40249074999998],[103.23024152,-3.40245101999995],[103.23028027,-3.40250966999998],[103.23044501,-3.40275898999994],[103.23042211,-3.40287296999998],[103.23039353,-3.40301522999993],[103.23035403,-3.40321184999994],[103.23031039,-3.40342902999993],[103.23032325,-3.40356065999993],[103.23035937,-3.40359708999995],[103.23059609,-3.40383585999996],[103.23073944,-3.40390821999995],[103.23087072,-3.40397447999993],[103.23137812,-3.40397541999995],[103.23143297,-3.40370240999994],[103.23131873,-3.40345247999994],[103.2312602,-3.40332441999994],[103.23132283,-3.40326170999998],[103.23157154,-3.40301268999998],[103.23165164,-3.40293248999995],[103.23166066,-3.40292345999996],[103.23166906,-3.40291503999992],[103.23228198,-3.40250603999993],[103.23229837,-3.40246506999994],[103.23220382,-3.40219766999997],[103.23202756,-3.40214670999996],[103.23198473,-3.40208188999998],[103.23197324,-3.40206448999993],[103.23182142,-3.40183472999996],[103.23178975,-3.40178680999997],[103.23172232,-3.40168475999996],[103.23185969,-3.40157013999993],[103.23202887,-3.40142898999995],[103.23197823,-3.40122382999994],[103.23223395,-3.40086543999997],[103.23233551,-3.40112195999997],[103.23253206,-3.40147901999996],[103.23255379,-3.40151850999996],[103.23258974,-3.40158381999993],[103.23304887,-3.40158466999997],[103.23304899,-3.40151683999995],[103.23304915,-3.40143086999996],[103.23305027,-3.40081567999994],[103.23305083,-3.40050807999995],[103.23315313,-3.40035446999998],[103.23323554,-3.40043758999997],[103.23350958,-3.40071398999994],[103.23384084,-3.40089402999997],[103.23409684,-3.40038183999997],[103.23415591,-3.40036710999994],[103.23430099,-3.40033094999995],[103.23432457,-3.40038253999996],[103.23447876,-3.40071988999995],[103.23460586,-3.40099796999994],[103.23463591,-3.40098078999995],[103.23496333,-3.40079355999996],[103.23505212,-3.40094288999995],[103.23511591,-3.40105016999996],[103.23506452,-3.40125513999994],[103.23500847,-3.40139520999998],[103.23544816,-3.40147638999998],[103.23562539,-3.40140996999998],[103.23576743,-3.40153532999995],[103.23580365,-3.40154200999996],[103.23673937,-3.40235713999994],[103.23679783,-3.40241827999996],[103.23710293,-3.40243800999998],[103.23720416,-3.40277079999993],[103.23723651,-3.40287713999994],[103.23788739,-3.40355793999994],[103.23804307,-3.40367011999996],[103.23823961,-3.40367047999997],[103.23852717,-3.40313100999993],[103.23867953,-3.40257502999998],[103.23887263,-3.40221165999998],[103.23900718,-3.40182184999998],[103.23904179,-3.40124827999994],[103.2388764,-3.40070456999995],[103.23870411,-3.40042641999998],[103.23858634,-3.40023627999995],[103.23873985,-3.39998022999993],[103.2389439,-3.39998059999994],[103.23896923,-3.39999686999994],[103.23905749,-3.40005353999993],[103.2395044,-3.40034048999996],[103.23965745,-3.40034076999997],[103.24007498,-3.40034153999995],[103.24011657,-3.40034160999994],[103.24012733,-3.40032724999998],[103.24026999,-3.40013682999996],[103.2401906,-3.39969343999997],[103.24016898,-3.39957271999998],[103.24016935,-3.39936764999993],[103.24024235,-3.39919732999994],[103.24027166,-3.39912896999994],[103.24027972,-3.39911014999996],[103.24032304,-3.39900906999998],[103.24057415,-3.39885828999997],[103.24057839,-3.39885573999993],[103.24093549,-3.39885638999993],[103.24110166,-3.39894026999997],[103.2411553,-3.39896733999996],[103.24124129,-3.39901074999994],[103.24124364,-3.39901114999999],[103.24154728,-3.39906257999996],[103.24154663,-3.39942228999996],[103.24154636,-3.39957523999993],[103.24205659,-3.39952489999997],[103.24216284,-3.399277],[103.24222402,-3.39913425999993],[103.24236397,-3.39880773999994],[103.24249856,-3.39879295999999],[103.24266445,-3.39877473999997],[103.24286584,-3.39857308999995],[103.24294269,-3.39824121999993],[103.24301081,-3.39727413999998],[103.24284413,-3.39703391999996],[103.24262257,-3.39686008999996],[103.24262331,-3.39644995999994],[103.24264143,-3.39642878999996],[103.24270005,-3.39636030999998],[103.24288152,-3.39614832999996],[103.24293004,-3.39609164999996],[103.24298529,-3.39613808999997],[103.24323566,-3.39634853999997],[103.24352958,-3.39652155999995],[103.24376635,-3.39666093999995],[103.24384718,-3.39670852999995],[103.2441528,-3.39696541999996],[103.24432836,-3.39714248999997],[103.24462376,-3.39719542999996],[103.24481561,-3.39717168999994],[103.24512734,-3.39714988999998],[103.24552989,-3.39712172999998],[103.24573367,-3.39727589999995],[103.24577193,-3.39728878999994],[103.24596309,-3.39735321999996],[103.24607786,-3.39736535999999],[103.24615542,-3.39697927999992],[103.24568469,-3.39614794999994],[103.24561396,-3.39589741999994],[103.24548194,-3.39542984999997],[103.24529337,-3.39528717999997],[103.24519789,-3.39521494999997],[103.24507438,-3.39512150999998],[103.24521788,-3.39477081999996],[103.24527379,-3.39440993999995],[103.24560794,-3.39349164999993],[103.24561751,-3.39342522999993],[103.24563886,-3.39327693999997],[103.24586028,-3.39310451999996],[103.24609863,-3.39291890999993],[103.2461484,-3.39300680999998],[103.2462987,-3.39327224999994],[103.24630496,-3.39327619999996],[103.24639501,-3.39321610999997],[103.24645527,-3.39317589999996],[103.24665978,-3.39291993999996],[103.24686467,-3.39245890999996],[103.24696725,-3.39215149999995],[103.24698811,-3.39209936999993],[103.24706974,-3.39189534999997],[103.24717868,-3.39203663999996],[103.24742601,-3.39235739999998],[103.24742561,-3.39257701999998],[103.2474497,-3.39257302999994],[103.24762976,-3.39252512999997],[103.24763006,-3.39235776999994],[103.24778329,-3.39225551999994],[103.24793311,-3.39244442999995],[103.24798688,-3.39251221999997],[103.24832907,-3.39246372999997],[103.24833199,-3.39246330999992],[103.24834407,-3.39246159999993],[103.24836812,-3.39234186999993],[103.24844702,-3.39194911999994],[103.24847878,-3.39197581999998],[103.24875264,-3.39220600999993],[103.24863669,-3.39266855999996],[103.24854711,-3.39302589999994],[103.2488326,-3.39302641999996],[103.24900623,-3.39302673999993],[103.2516428,-3.39040906999997],[103.25212906,-3.38995636999995],[103.25451543,-3.38773465999999],[103.25469949,-3.38756330999996],[103.25471528,-3.38754860999995],[103.2548567,-3.38741693999998],[103.25510691,-3.38679157999996],[103.25498349,-3.38616554999994],[103.25507175,-3.38604772999997],[103.25510201,-3.38589707999995],[103.25515189,-3.38564876999994],[103.25520517,-3.38560875999998],[103.255511,-3.38537910999998],[103.25557342,-3.38530767999993],[103.25593026,-3.38489932999995],[103.25591184,-3.38485747999994],[103.2558112,-3.38462880999998],[103.25528209,-3.38446824999995],[103.2552824,-3.38429642999995],[103.25528242,-3.38428598999997],[103.25479822,-3.38393708999997],[103.25473021,-3.38324092999995],[103.25480747,-3.38321519999994],[103.25489834,-3.38318493999997],[103.25493811,-3.38317169999994],[103.25517117,-3.38327257999993],[103.25542256,-3.38338138999995],[103.25545074,-3.38342878999993],[103.25555016,-3.38359598999994],[103.25591109,-3.38382359999998],[103.25620362,-3.38385679999993],[103.25632207,-3.38387023999997],[103.25655722,-3.38385490999997],[103.25685299,-3.38383562999997],[103.25715771,-3.38370018999996],[103.25700903,-3.38327944999998],[103.25709917,-3.38300929999997],[103.25754826,-3.38255960999993],[103.25759904,-3.38213243999996],[103.25757186,-3.38213238999999],[103.25757273,-3.38164516999996],[103.25759856,-3.38164845999996],[103.25765571,-3.38165573999993],[103.25766963,-3.38153866999995],[103.25780412,-3.38125039999994],[103.25778138,-3.38115830999993],[103.25778298,-3.38115430999994],[103.25785641,-3.38097078999994],[103.25782478,-3.38081036999995],[103.25736644,-3.38080954999999],[103.25734418,-3.38069663999994],[103.25734313,-3.38069127999996],[103.25733862,-3.38066839999993],[103.25729781,-3.38046139999995],[103.25750621,-3.38011375999998],[103.25759324,-3.38011390999999],[103.25786158,-3.38011439999997],[103.25806029,-3.38011474999996],[103.25817102,-3.38025436999994],[103.25826959,-3.38027832999995],[103.25856855,-3.38021879999996],[103.25850974,-3.37967808999997],[103.25857015,-3.37931778999997],[103.25939321,-3.37920900999995],[103.25950166,-3.37911592999996],[103.25979402,-3.378865],[103.25982786,-3.37856391999998],[103.2598644,-3.37823868999994],[103.26011339,-3.37823913999996],[103.2602107,-3.37823930999997],[103.26026323,-3.37827904999995],[103.2604547,-3.37833005999994],[103.26064246,-3.37807940999994],[103.2604191,-3.37789166999994],[103.26041989,-3.37744472999998],[103.26042059,-3.37705641999998],[103.26048864,-3.37705653999995],[103.26055911,-3.37705666999994],[103.26122311,-3.37777787999993],[103.26138095,-3.37794931999997],[103.26162093,-3.37794171999997],[103.26180099,-3.37752155999994],[103.26174384,-3.37604979999998],[103.26187356,-3.37602830999998],[103.26187677,-3.37601547999998],[103.2618769,-3.37601496999998],[103.26229246,-3.37601571999994],[103.26277578,-3.37671223999996],[103.26338678,-3.37647321999998],[103.26339934,-3.37648188999998],[103.2637463,-3.37636634999996],[103.26381263,-3.37656751999999],[103.26388408,-3.37678421999994],[103.26391418,-3.37678931999994],[103.26395711,-3.37679658999996],[103.26398497,-3.37620398999997],[103.26413467,-3.37605408999997],[103.26449351,-3.37593459999994],[103.26476306,-3.37560470999994],[103.26484076,-3.37562781999998],[103.26485582,-3.37560268999994],[103.26498081,-3.37560290999995],[103.2650636,-3.37560305999994],[103.26506344,-3.37569407999996],[103.26527085,-3.37575578999997],[103.26542075,-3.37548574999994],[103.2650332,-3.37494443999998],[103.26506383,-3.37452401999998],[103.26508626,-3.37452405999994],[103.2650657,-3.37441978999994],[103.26534274,-3.37442028999994],[103.26618919,-3.37516728999998],[103.26644918,-3.37539672999998],[103.26673134,-3.37546026999997],[103.26679325,-3.37547421999995],[103.26685557,-3.37530810999993],[103.26685594,-3.37509787999994],[103.26669476,-3.37486300999996],[103.26662337,-3.37480539999995],[103.26662613,-3.37479441999995],[103.2666319,-3.37477139999994],[103.26669313,-3.37452710999997],[103.26690662,-3.37431331999995],[103.26724819,-3.37397126999997],[103.26720142,-3.37387683999998],[103.26711017,-3.37369259999997],[103.2670745,-3.37362058999998],[103.26704115,-3.37355326999995],[103.26709691,-3.37327565999994],[103.26715201,-3.37300134999993],[103.2671765,-3.37287942999995],[103.26718091,-3.37285747999994],[103.26746256,-3.37285797999993],[103.26766573,-3.37285833999994],[103.26766673,-3.37229168999994],[103.26766684,-3.37223189999998],[103.26780747,-3.37222127999996],[103.2681883,-3.37219252999995],[103.26856734,-3.37216390999993],[103.26873484,-3.37182872999995],[103.26877456,-3.37174923999992],[103.26877586,-3.37174664999998],[103.26891585,-3.37091164999993],[103.26926387,-3.36993780999995],[103.26974955,-3.36945143999998],[103.26985102,-3.36945161999996],[103.27008895,-3.36945204999995],[103.27009585,-3.36945205999996],[103.27022409,-3.36948261999994],[103.27053722,-3.36955725999997],[103.27087036,-3.36957877999992],[103.27128939,-3.36921911999998],[103.27224773,-3.36807952999993],[103.27375743,-3.36654724999994],[103.27446473,-3.36565152999999],[103.27453535,-3.36556209999998],[103.27550058,-3.36524065999993],[103.27549327,-3.36514671999993],[103.2766505,-3.36486976999993],[103.2772446,-3.36466450999996],[103.28247695,-3.36329220999994],[103.28488604,-3.36276898999996],[103.28488612,-3.36276895999992],[103.28739479,-3.36207339999993],[103.28776932,-3.36176978999993],[103.28772791,-3.36159366999994],[103.28660526,-3.36120091999993],[103.28578116,-3.36108650999995],[103.2833312,-3.36005552999996],[103.27479587,-3.35706945999994],[103.2742954,-3.35692878999993],[103.27401985,-3.35685133999994],[103.27392051,-3.35662563999995],[103.27336046,-3.35535319999998],[103.27310941,-3.35478279999996],[103.27294197,-3.35440238999997],[103.27308011,-3.35277126999995],[103.27308289,-3.35118627999998],[103.27308441,-3.35031846999994],[103.27308559,-3.34964450999996],[103.27301,-3.34902790999997],[103.27295223,-3.34855669999996],[103.27277213,-3.34788840999994],[103.27276781,-3.34787237999996],[103.27254904,-3.34706056999994],[103.27251514,-3.34703613999995],[103.27176804,-3.34649782999998],[103.27160334,-3.34637915999997],[103.27011704,-3.34542489999997],[103.26985114,-3.34488807999998],[103.26971266,-3.34460850999994],[103.26966866,-3.34454438999996],[103.26949963,-3.34429808999994],[103.26931464,-3.34404929999995],[103.26853579,-3.34294934999997],[103.26852378,-3.34287612999998],[103.26849833,-3.34283904999995],[103.26849842,-3.34278864999994],[103.26849854,-3.34272224999996],[103.26850028,-3.34173123999995],[103.26850098,-3.34133228999997],[103.26850174,-3.34089609999995],[103.2685062,-3.33835282999996],[103.26891438,-3.33699408999996],[103.26899355,-3.33621237999995],[103.26905203,-3.33563485999998],[103.26862294,-3.33380941999997],[103.26824176,-3.33251249999995],[103.26812604,-3.33216152999996],[103.267756498,-3.33126574999994],[103.26775076,-3.33125183999994],[103.26769014,-3.33114479999995],[103.26709937,-3.33109426999995],[103.26628847,-3.33102490999994],[103.26608423,-3.33100743999995],[103.26603152,-3.33082080999998],[103.26595327,-3.33054370999997],[103.26582522,-3.33031109999996],[103.26574797,-3.32984014999993],[103.26535965,-3.32866243999996],[103.26458108,-3.32740555999994],[103.26013442,-3.32710933999994],[103.26007409,-3.32711529999994],[103.25965247,-3.32715690999992],[103.25855632,-3.32807166999993],[103.25803603,-3.32866714999994],[103.25677649,-3.33010869999993],[103.25648122,-3.33044662999993],[103.25444592,-3.33122173999993],[103.25409353,-3.33135592999998],[103.25407872,-3.33136157999997],[103.25363871,-3.33152913999993],[103.25158187,-3.33232881999993],[103.25157409,-3.33233183999994],[103.25157113,-3.33233298999994],[103.25120223,-3.33247641999999],[103.25079427,-3.33369919999995],[103.25077526,-3.33378444999994],[103.25068483,-3.33419002999995],[103.25053698,-3.33485311999994],[103.25052157,-3.33492221999995],[103.25041222,-3.33479615999995],[103.25016215,-3.33450790999996],[103.25004187,-3.33436925999996],[103.24957663,-3.33383296999996],[103.24855378,-3.33337389999997],[103.24714375,-3.33274105999994],[103.24631434,-3.33171137999995],[103.24507352,-3.33036759999993],[103.24239401,-3.32871047999992],[103.24120049,-3.32797235999993],[103.2362027,-3.32402100999996],[103.23079939,-3.31993297999997],[103.23071612,-3.31987481999994],[103.22670477,-3.31523185999992],[103.22599805,-3.31401943999994],[103.22485586,-3.31205991999997],[103.22337854,-3.30851587999996],[103.22242721,-3.30604418999997],[103.221994695,-3.30550754699993],[103.221006793,-3.30428180799993],[103.215090032,-3.29694058499996],[103.21439443,-3.29378122999998],[103.21384103,-3.29350187999996],[103.21377544,-3.29346876999995],[103.21374294,-3.29343552999996],[103.2128096,-3.29248073999998],[103.21209387,-3.29184902999998],[103.21166354,-3.29071476999997],[103.21152429,-3.29064987999994],[103.21146854,-3.29062388999996],[103.21099291,-3.29040221999998],[103.21063703,-3.29040157999998],[103.21047662,-3.29040128999998],[103.2101154,-3.29029685999995],[103.21009536,-3.28981361999996],[103.21007694,-3.28936941999996],[103.2100659,-3.28910328999997],[103.21006634,-3.28886169999993],[103.21006702,-3.28848060999996],[103.21068118,-3.28710537999996],[103.21129832,-3.28572346999994],[103.21140636,-3.28560376999997],[103.21141387,-3.28559544999997],[103.21152805,-3.28546894999993],[103.21152807,-3.28546891999998],[103.2125526,-3.28433383999993],[103.2127669,-3.28415224999998],[103.21300507,-3.28395043999996],[103.21322479,-3.28376424999993],[103.2133073,-3.28364033999998],[103.21332832,-3.28360876999995],[103.2135527,-3.28331988999998],[103.21369056,-3.28314239999997],[103.21402641,-3.28275801999997],[103.2140527,-3.28272792999997],[103.2146219,-3.28200247999997],[103.2145711,-3.28153537999998],[103.21421136,-3.28060069999998],[103.21421102,-3.28059653999997],[103.21416084,-3.27997792999998],[103.214720459,-3.28000705499995],[103.21509964,-3.28002678999997],[103.21519332,-3.28003166999997],[103.21601956,-3.27992936999993],[103.21724286,-3.27958592999994],[103.21767251,-3.27946530999999],[103.2174671,-3.27884224999997],[103.21726178,-3.27816730999996],[103.21649029,-3.27650542999994],[103.21607947,-3.27525931999998],[103.21571093,-3.27339304999993],[103.21561904,-3.27287152999998],[103.21639511,-3.27193887999994],[103.21675771,-3.27126494999993],[103.21700496,-3.27077011999996],[103.21701799,-3.27074404999996],[103.21706858,-3.27064281999998],[103.21717266,-3.27017598999993],[103.21748893,-3.26966147999997],[103.21758687,-3.26950214999994],[103.21769006,-3.26898359999996],[103.21769038,-3.26880347999998],[103.21806512,-3.26822184999997],[103.21820907,-3.26799842999998],[103.21862374,-3.26706513999995],[103.21875302,-3.26676344999993],[103.21909032,-3.26597626999995],[103.21918884,-3.26530716999997],[103.21929536,-3.26541324999994],[103.21952619,-3.26564311999994],[103.21968312,-3.26579940999994],[103.22007089,-3.26618556999995],[103.22069042,-3.26618667999998],[103.22187979,-3.26509907999997],[103.22281293,-3.26292132999993],[103.22290066,-3.26289210999994],[103.22306036,-3.26283891999999],[103.22292897,-3.26278582999993],[103.22280892,-3.26254342999994],[103.22248785,-3.26242176999994],[103.22220737,-3.26205798999997],[103.22220808,-3.26165434999996],[103.2220462,-3.26080565999996],[103.22179925,-3.26050081999995],[103.22166547,-3.26033567999997],[103.22088681,-3.25937447999997],[103.22066035,-3.25909491999994],[103.22059354,-3.25901244999995],[103.2204559,-3.25884254999995],[103.22039371,-3.25876576999997],[103.22032288,-3.25772015999996],[103.22021087,-3.25606654999996],[103.22052929,-3.25625017999994],[103.22055419,-3.25626453999997],[103.22104168,-3.25654566999998],[103.22121345,-3.25632450999996],[103.22125067,-3.25617597999997],[103.22131373,-3.25533022999998],[103.2213976,-3.25420543999996],[103.22143634,-3.25368589999994],[103.22198918,-3.25480212999998],[103.22201926,-3.25483246999994],[103.22223118,-3.25497325999993],[103.22232598,-3.25478352999995],[103.22240606,-3.25462325999997],[103.22286605,-3.25370263999998],[103.22287315,-3.25368843999996],[103.22308561,-3.25365323999996],[103.22373549,-3.25354555999997],[103.22506462,-3.25261391999994],[103.22517406,-3.25253719999996],[103.2260676,-3.25273843999998],[103.22646669,-3.25282831999994],[103.22675683,-3.25124027999993],[103.2284527,-3.25209627999994],[103.22847948,-3.25210979999998],[103.22854517,-3.25205497999997],[103.22868951,-3.25193450999996],[103.22977614,-3.25102760999994],[103.22978481,-3.25099300999995],[103.22950268,-3.25065667999996],[103.22942593,-3.25044987999997],[103.22950326,-3.25032084999998],[103.22988902,-3.25019235999997],[103.23024921,-3.24998632999996],[103.23050618,-3.25001261999995],[103.23101955,-3.25040101999998],[103.23189342,-3.25040255999995],[103.23233072,-3.25019665999997],[103.23291686,-3.24954674999999],[103.23372313,-3.24761577999993],[103.23408513,-3.24682557999996],[103.23408839,-3.24674098999999],[103.2340926,-3.24663193999994],[103.2341923,-3.24645229999994],[103.23455789,-3.24579358999995],[103.23473316,-3.24547778999994],[103.2352947,-3.24446601999996],[103.23503963,-3.24433726999996],[103.23485508,-3.24432602999997],[103.23436252,-3.24453718999997],[103.23251437,-3.24532943999998],[103.23241935,-3.24518563999994],[103.23222776,-3.24489568999996],[103.231298958,-3.24395887399994],[103.23108033,-3.24373835999995],[103.23108217,-3.24267700000001],[103.23108225,-3.24263054999995],[103.23108284,-3.24229422999997],[103.2324298,-3.24186929999996],[103.23381426,-3.24143252999994],[103.23435115,-3.24153161999994],[103.23437635,-3.24146860999998],[103.23429992,-3.24108097999994],[103.23394067,-3.24074451999996],[103.23376139,-3.24038253999993],[103.23374882,-3.23961453999994],[103.23321775,-3.23831176999994],[103.23316744,-3.23818833999996],[103.2329587,-3.23767625999995],[103.2328641,-3.23714808999995],[103.23284513,-3.23704219999997],[103.23270376,-3.23625286999993],[103.23268204,-3.23613159999997],[103.23267409,-3.23608720999995],[103.23343162,-3.23517674999993],[103.23411388,-3.23435675999997],[103.23425731,-3.23450141999996],[103.23498073,-3.23523106999994],[103.23504505,-3.23529594999997],[103.23554818,-3.23580340999996],[103.23644927,-3.23594435999996],[103.23741551,-3.23609549999997],[103.23762104,-3.23537719999996],[103.23799372,-3.23407469999996],[103.23770911,-3.23248564999994],[103.23805714,-3.23231149999998],[103.23857193,-3.23205390999993],[103.24003544,-3.23291540999998],[103.24027744,-3.23259225999994],[103.24045775,-3.23236006999998],[103.24043254,-3.23207585999995],[103.24033013,-3.23184317999995],[103.24009899,-3.23173944999997],[103.23889128,-3.23158233999993],[103.23830045,-3.23140047999994],[103.23817226,-3.23121941999995],[103.23814709,-3.23090937999997],[103.23812214,-3.23047016999994],[103.23827676,-3.23023793999994],[103.23854273,-3.23007815999995],[103.23848446,-3.22990141999997],[103.23843223,-3.22974302999996],[103.23919805,-3.22908555999994],[103.24001016,-3.22838834999993],[103.24026846,-3.22816658999994],[103.24044672,-3.22801354999996],[103.23964595,-3.22795465999996],[103.23843547,-3.22786563999995],[103.23846731,-3.22773854999997],[103.23858208,-3.22728050999996],[103.23872482,-3.22671082999996],[103.23884116,-3.22666774999994],[103.24082297,-3.22593389999998],[103.24238834,-3.22535424999995],[103.24257798,-3.22528401999995],[103.24260114,-3.22527544999998],[103.24260662,-3.22527341999996],[103.24263184,-3.22528126999993],[103.24352852,-3.22523538999996],[103.24407512,-3.22503000999996],[103.24468626,-3.22455946999997],[103.24465864,-3.22380396999995],[103.24465808,-3.22378848999996],[103.24463831,-3.22324753999994],[103.2448367,-3.22285042999994],[103.24504128,-3.22244093999996],[103.24507067,-3.22243187999993],[103.24536594,-3.22234080999993],[103.24503874,-3.22208410999997],[103.24373743,-3.22160591999995],[103.24350149,-3.22112957999998],[103.24409398,-3.22077365999996],[103.24488574,-3.22077502999998],[103.24586961,-3.22077673999996],[103.24764687,-3.21982793999997],[103.24816639,-3.21924973999995],[103.24871428,-3.21863995999997],[103.2482643,-3.21829952999997],[103.24824139,-3.21828218999997],[103.24764931,-3.21840014999999],[103.2462282,-3.21875464999994],[103.24551713,-3.21922934999997],[103.244917,-3.21882570999999],[103.24445298,-3.21851360999995],[103.24457033,-3.21781329999994],[103.24469217,-3.21708622999995],[103.245376561,-3.21698160999994],[103.24592319,-3.21689804999994],[103.24623145,-3.21685092999997],[103.24664825,-3.21673744999993],[103.24753419,-3.21649622999996],[103.24812566,-3.21673521999998],[103.24895469,-3.21649867999997],[103.24883794,-3.21554660999994],[103.24789337,-3.21411718999998],[103.24907712,-3.21411922999994],[103.24982863,-3.21355471999994],[103.25049945,-3.21305082999993],[103.25097396,-3.21245672999993],[103.25091491,-3.21197519999992],[103.2508572,-3.21150466999997],[103.24884767,-3.20983544999995],[103.24861174,-3.20935910999998],[103.2490779,-3.20865886999996],[103.24908645,-3.20864602999995],[103.2491371,-3.20819483999998],[103.24920664,-3.20757538999993],[103.24942414,-3.20735751999997],[103.24979953,-3.20698148999999],[103.25011567,-3.20698202999995],[103.25074652,-3.20698311999996],[103.25196955,-3.20732685999997],[103.25287624,-3.20758168999994],[103.25362321,-3.20833505999997],[103.25382162,-3.20853517999996],[103.2544135,-3.20853618999997],[103.25446853,-3.20837117999997],[103.25453248,-3.20817944999994],[103.25434379,-3.20779850999997],[103.25374113,-3.20658179999998],[103.2538707,-3.20670243999996],[103.25599898,-3.20813546999996],[103.25895113,-3.20937779999997],[103.26303944,-3.21093421999996],[103.26743921,-3.21260918999997],[103.26762605,-3.21265520999999],[103.26926094,-3.21305787999995],[103.27199185,-3.21373048999994],[103.27765673,-3.21225536999999],[103.27810069,-3.21212566999998],[103.27866569,-3.21194628999996],[103.28249336,-3.21073102999998],[103.282943587,-3.21058808099996],[103.289040149,-3.20865239899996],[103.29458471,-3.20689197999997],[103.29652936,-3.20627452999998],[103.29673935,-3.20621182999998],[103.29885347,-3.20558061999999],[103.29957137,-3.20536627999997],[103.300895352,-3.20497097499998],[103.30128221,-3.20485546999994],[103.30276547,-3.20417479999998],[103.30286253,-3.20413025999994],[103.30290981,-3.20410855999995],[103.30677925,-3.19845771999996],[103.34580235,-3.14146304999997],[103.34580225,-3.14152930999995],[103.34580163,-3.14192360999994],[103.34580163,-3.14192364999997],[103.34578096,-3.15502294999994],[103.3458095,-3.155023],[103.353138,-3.15503467999998],[103.358634233,-3.15503241699998],[103.36015757,-3.15503178999995],[103.36377718,-3.15503027999996],[103.3637845,-3.15315353999995],[103.36378787,-3.15229073999996],[103.36378788,-3.15228917999997],[103.363715833,-3.13476121099995],[103.36371236,-3.13391622999995],[103.36371004,-3.13335417999998],[103.36377392,-3.13335455999993],[103.36386163,-3.13335507999995],[103.36482031,-3.13336080499995],[103.368388121,-3.13338211199994],[103.36839621,-3.13338215999994],[103.3723258,-3.13340563999998],[103.37238808,-3.13340600999994],[103.37773081,-3.13343790999994],[103.37772588,-3.13339107999997],[103.37772086,-3.13334346999994],[103.37772085,-3.13334337999993],[103.37752219,-3.13145661999995],[103.37504546,-3.10793512999994],[103.37494996,-3.10793550999995],[103.37381607,-3.10793992999993],[103.37352663,-3.10794104999996],[103.37353692,-3.10459966999997],[103.37356585,-3.09519734999998],[103.37358523,-3.08889062999998],[103.394387583,-3.08882843499994],[103.409170111,-3.08878423799997],[103.409496527,-3.09416946299996],[103.40936876,-3.09414479999998],[103.40931779,-3.09413495999996],[103.40743995,-3.09400340999998],[103.40701081,-3.09554740999994],[103.40747821,-3.09696403999993],[103.40692216,-3.09918572999993],[103.40666236,-3.10022373999993],[103.4061853,-3.10063009999994],[103.4048089,-3.10108675999993],[103.40354458,-3.10150622999993],[103.40332356,-3.10160738999998],[103.40204965,-3.10219046999993],[103.39940053,-3.10403143999997],[103.39941393,-3.10435973999995],[103.39956519,-3.10806492999996],[103.39999073,-3.10892370999995],[103.400024,-3.10975678999996],[103.40004609,-3.11030981999995],[103.40007299,-3.11098335999998],[103.40044859,-3.11118484999997],[103.40113398,-3.11076690999994],[103.40126857,-3.11068482999997],[103.40169779,-3.10909792999997],[103.40219756,-3.10812323999995],[103.40251116,-3.10751161999997],[103.40318729,-3.10689560999999],[103.40329917,-3.10679367999996],[103.40345148,-3.10665490999997],[103.40435137,-3.10429639999996],[103.40471446,-3.10426735999994],[103.40497798,-3.10424627999992],[103.40587918,-3.10417419999993],[103.40593083,-3.10417006999995],[103.40806139,-3.10657608999998],[103.40886929,-3.10863683999998],[103.40892624,-3.10872492999995],[103.41014683,-3.11061249999995],[103.41042294,-3.11172986999998],[103.41052866,-3.11215772999999],[103.41099709,-3.11288785999994],[103.41309405,-3.11293787999995],[103.41483848,-3.11297947999999],[103.41544709,-3.11340836999994],[103.41789029,-3.11513009999994],[103.4181805,-3.11533459999993],[103.41837751,-3.11547343999996],[103.4183734,-3.11650475999995],[103.41555897,-3.11641313999997],[103.41479966,-3.11649026999994],[103.41389405,-3.11658224999997],[103.4136364,-3.11761162999994],[103.41606668,-3.11941740999993],[103.4159419,-3.11986634999995],[103.41585211,-3.12018940999997],[103.41405681,-3.12190296999996],[103.41301966,-3.12390348999998],[103.41296172,-3.12401524999996],[103.41290099,-3.12413238999995],[103.41325947,-3.12515474999998],[103.41362353,-3.12619301999996],[103.41507492,-3.12610940999997],[103.41622913,-3.12495266999997],[103.41869176,-3.12350651999998],[103.41870699,-3.12349757999995],[103.41924923,-3.12377113999998],[103.41964533,-3.12397097999997],[103.41942806,-3.12654507999997],[103.41917276,-3.12708829999997],[103.41908549,-3.12727397999993],[103.41904082,-3.12860403999998],[103.41959365,-3.12997789999998],[103.41878462,-3.13042129999997],[103.41732952,-3.13121877999993],[103.41700708,-3.13154942999996],[103.41625416,-3.13232153999997],[103.41611975,-3.13245937999994],[103.41549125,-3.13310389999999],[103.4154964,-3.13342062999993],[103.41552391,-3.13511251999995],[103.41553032,-3.13550675999994],[103.41608418,-3.13619410999997],[103.41599945,-3.13653265999994],[103.41586947,-3.13705192999993],[103.4144502,-3.13750607999998],[103.41409886,-3.13761850999993],[103.41396642,-3.13766996999994],[103.41353574,-3.13825276999996],[103.4132498,-3.13863967999993],[103.4128636,-3.13950960999994],[103.41252558,-3.14033123999997],[103.41228386,-3.14110465999995],[103.41213886,-3.14153969999996],[103.41213791,-3.14216839999995],[103.412160134,-3.14246466999993],[103.41223224,-3.14342593999993],[103.41317083,-3.14421460999995],[103.41453866,-3.14536393999993],[103.41454728,-3.14538482999996],[103.41460255,-3.14551874999995],[103.41477383,-3.14593372999997],[103.41477833,-3.14594464999994],[103.4148255,-3.14657341999992],[103.41482066,-3.14660710999993],[103.41475067,-3.14709427999997],[103.41472825,-3.14725033999998],[103.41450967,-3.14750588999994],[103.41443907,-3.14758842999993],[103.413765,-3.14792592999993],[103.41310357,-3.14811785999996],[103.41227288,-3.14835890999995],[103.41140622,-3.14879283999994],[103.41097255,-3.14922742999995],[103.41098392,-3.14940281999999],[103.41101956,-3.14995291999998],[103.4112112,-3.15048519999994],[103.41132332,-3.15055171999995],[103.41136799,-3.15057822999996],[103.41202837,-3.15097006999998],[103.412586789,-3.15110304299997],[103.41284597,-3.15116475999998],[103.41291157,-3.15117246999996],[103.41409665,-3.15131175999994],[103.41452951,-3.15140914999996],[103.41642432,-3.15327618999994],[103.41664328,-3.15349193999999],[103.41832617,-3.15417157999997],[103.41882651,-3.15439962999994],[103.41893998,-3.15445134999993],[103.41963268,-3.15476707999995],[103.41981662,-3.15485091999995],[103.42000366,-3.15478856999994],[103.42053866,-3.15461020999994],[103.42062495,-3.15443740999996],[103.42096288,-3.15376058999993],[103.42097298,-3.15374035999998],[103.42103217,-3.15352596999997],[103.42135999,-3.15233844999995],[103.42133695,-3.15204451999995],[103.4213271,-3.15191886999998],[103.42128695,-3.15140687999998],[103.42150652,-3.15088781999998],[103.42193967,-3.15079174999994],[103.42256469,-3.15108287999994],[103.42264018,-3.15119838999994],[103.42395673,-3.15321291999993],[103.42467651,-3.15447142999995],[103.42539557,-3.15621355999997],[103.42587546,-3.15703643999997],[103.42676223,-3.15799218999996],[103.42726845,-3.15853777999997],[103.42742155,-3.15871786999997],[103.42813295,-3.15955469999995],[103.42904422,-3.15979723999994],[103.42904672,-3.15979789999995],[103.43068501,-3.15815607999997],[103.43131134,-3.15757667999998],[103.43232286,-3.15680441999996],[103.43294905,-3.15632174999996],[103.4335269,-3.15598407999994],[103.43415229,-3.15603338999996],[103.43418585,-3.15606496999994],[103.43487296,-3.15671154999996],[103.43543898,-3.15745069999998],[103.43780211,-3.16053659999994],[103.43809013,-3.16097229999997],[103.43823086,-3.16149406999995],[103.43823247,-3.16150004999997],[103.43823368,-3.16150449999998],[103.43808832,-3.16218135999998],[103.43750952,-3.16314772999994],[103.43740741,-3.16365697999992],[103.4373641,-3.16387293999998],[103.43710717,-3.16422400999994],[103.43683377,-3.16459756999996],[103.4365304,-3.16499827999997],[103.43577319,-3.16599846999998],[103.43567426,-3.16629528999994],[103.4356282,-3.16643350999994],[103.43562954,-3.16646041799993],[103.43563607,-3.16659153999996],[103.43565271,-3.16692560999997],[103.43615613,-3.16730483999994],[103.4363028,-3.16735208999995],[103.43661526,-3.16768188999994],[103.43825385,-3.16812315999993],[103.4407779,-3.16880286999998],[103.44079243,-3.16881384999994],[103.44101772,-3.16898422999998],[103.44160607,-3.16985213999993],[103.44165108,-3.17013919999994],[103.4417286,-3.17063362999994],[103.44176695,-3.17087825999995],[103.44191505,-3.17182287999998],[103.44195863,-3.17210080999997],[103.44342457,-3.17343100999995],[103.44342494,-3.17343133999999],[103.44144052,-3.17268105999994],[103.43990191,-3.17200165999998],[103.4395173,-3.17180762999994],[103.43903616,-3.17180689999998],[103.43902293,-3.17183779999994],[103.43889132,-3.17214520999995],[103.43894258,-3.17250984999993],[103.43898653,-3.17282242999995],[103.43999319,-3.17418752999992],[103.4403453,-3.17466500000001],[103.44037898,-3.17471066999997],[103.44172434,-3.17592176999995],[103.4418095,-3.17624400000001],[103.44181977,-3.17645389999996],[103.44156233,-3.17686249999997],[103.44156223,-3.17686265999993],[103.44134673,-3.17683137999996],[103.44121261,-3.17667290999998],[103.44032949,-3.17562947999994],[103.43994502,-3.17533872999997],[103.43960859,-3.17509640999998],[103.4392718,-3.17509588999997],[103.43910117,-3.17531130999993],[103.43910115,-3.17531132999995],[103.439094233,-3.17543690299993],[103.4390784,-3.17572430999997],[103.43925184,-3.17617964999994],[103.43931802,-3.17635338999998],[103.43974995,-3.17707947999998],[103.43999147,-3.17726248999998],[103.44023727,-3.17744873999993],[103.4404524,-3.17772762999994],[103.44045237,-3.17774436999998],[103.44045198,-3.17800619999997],[103.44029772,-3.17825345999995],[103.44029765,-3.17825357999993],[103.43989189,-3.17867564999995],[103.4391691,-3.17939998999998],[103.438601265,-3.18010810999993],[103.43837439,-3.18051469999996],[103.43834943,-3.18055943999997],[103.43831641,-3.18065307999995],[103.43813778,-3.18115977999998],[103.43811052,-3.18126867999997],[103.43807583,-3.18140729999994],[103.43804848,-3.18175767999998],[103.43804443,-3.18180961999997],[103.43810578,-3.18196447999997],[103.43872201,-3.18171779999995],[103.4389067,-3.18168433999995],[103.43903236,-3.18166156999996],[103.43854637,-3.18277356999995],[103.4376979,-3.18471492999994],[103.43522357,-3.19037630999998],[103.43557977,-3.19136556999997],[103.43595236,-3.19240038999994],[103.4363431,-3.19348559999997],[103.43710179,-3.19559272999994],[103.43762709,-3.19705164999994],[103.43766814,-3.19716563999999],[103.43768645,-3.19721649999997],[103.43777935,-3.19747451999996],[103.43784091,-3.19764548999997],[103.43801086,-3.19811747999995],[103.43812139,-3.19842446999996],[103.4386984,-3.20002700999993],[103.43869764,-3.20053467999998],[103.43868644,-3.20791868999993],[103.43685982,-3.20791587999997],[103.4368596,-3.20791587999997],[103.43149721,-3.20790763999998],[103.43149702,-3.20790763999998],[103.42996278,-3.20790526999998],[103.42283875,-3.21351368999996],[103.42283862,-3.21351378999998],[103.4180155,-3.21731072999995],[103.41800543,-3.21741045999994],[103.41800508,-3.21741383999996],[103.41800359,-3.21838266999994],[103.41800303,-3.21874773999997],[103.41800239,-3.21916058999995],[103.41800135,-3.21983592999993],[103.41727774,-3.22027884999995],[103.4166339,-3.22108520999996],[103.41666729,-3.22133996999997],[103.41671329,-3.22169085999998],[103.41699349,-3.22229681999995],[103.41719305,-3.22310449999998],[103.41775445,-3.22367052999994],[103.41805447,-3.22377444999996],[103.41880268,-3.22403359999994],[103.41902208,-3.22536947999993],[103.41883584,-3.22560989999994],[103.41903584,-3.226135],[103.41918081,-3.22633600000001],[103.41946336,-3.22805649999998],[103.42149184,-3.23123890999995],[103.42147547,-3.23132857999997],[103.42144738,-3.23148251999993],[103.42119605,-3.23168396999995],[103.42054395,-3.23132972999998],[103.42009179,-3.23158128999996],[103.42009173,-3.23158131999998],[103.41998663,-3.23189660999998],[103.41988998,-3.23218652999998],[103.42000438,-3.23259134999995],[103.4200897,-3.23289328999994],[103.42089257,-3.23418892999997],[103.42109127,-3.23450958999996],[103.42209433,-3.23516713999993],[103.4221657,-3.23513140999995],[103.4229987,-3.23471440999998],[103.42370784,-3.23471551999995],[103.427193426,-3.24018390099997],[103.42729585,-3.24034458999996],[103.42641125,-3.24823484999996],[103.41772017,-3.25645913999995],[103.4106848,-3.26311643999998],[103.41305293,-3.26351700000001],[103.41288092,-3.26408998999995],[103.412860816,-3.26415696299995],[103.412963885,-3.26485267899994],[103.412874839,-3.26525338299996],[103.412563181,-3.26578765499994],[103.412207,-3.26645549399996],[103.412117955,-3.26703428799993],[103.411583683,-3.26703428799993],[103.410993256,-3.26697524599997],[103.41074831,-3.267242],[103.41064529,-3.26727926999997],[103.41062977,-3.26729390999999],[103.41059638,-3.26729695999996],[103.40991131,-3.26754477999998],[103.409353336,-3.26774662299994],[103.409313028,-3.26779117299998],[103.409402074,-3.26810283199996],[103.409758255,-3.26832544499996],[103.409891823,-3.26899328499997],[103.409802777,-3.26930494299996],[103.409357551,-3.26952755599995],[103.408734234,-3.26961660199993],[103.408110917,-3.26961660199993],[103.407975583,-3.26963206799996],[103.40806049,-3.26979268999997],[103.40807703,-3.26982397999995],[103.40817375,-3.27000693999998],[103.40776467,-3.27029061999997],[103.40725237,-3.27037559999997],[103.406313389,-3.27058047299994],[103.406240966,-3.27135298399997],[103.406018353,-3.27206534699996],[103.406107398,-3.27259961799997],[103.406508102,-3.27286675399995],[103.407175942,-3.27300032199998],[103.407532123,-3.27300032199998],[103.408066394,-3.27264414099994],[103.40833353,-3.27259961799997],[103.408511621,-3.27277770899997],[103.408689711,-3.27313388999995],[103.408556143,-3.27335650299994],[103.408289008,-3.27344554899997],[103.407754736,-3.27344554899997],[103.407621168,-3.27375720699996],[103.407621168,-3.27429147899995],[103.408110917,-3.27464765999998],[103.408511621,-3.27482574999993],[103.409402074,-3.27553811299992],[103.409535642,-3.27580524799993],[103.409535642,-3.27607238399997],[103.409134938,-3.27616142899996],[103.408689711,-3.27611690699996],[103.408511621,-3.27611690699996],[103.408378053,-3.27656213299998],[103.408289008,-3.27736354099994],[103.408199962,-3.27780876699996],[103.408066394,-3.27816494799993],[103.407888304,-3.27834303899994],[103.407398555,-3.27843208399997],[103.406920858,-3.27843208399997],[103.40686704,-3.27858944999998],[103.406167741,-3.27911484299995],[103.406151921,-3.27923349199995],[103.406240966,-3.27954514999993],[103.407042374,-3.27958967299999],[103.407354032,-3.27981228599999],[103.407443077,-3.28021298999994],[103.406908806,-3.28043560299994],[103.406151921,-3.28065821599995],[103.406129906,-3.28065978899997],[103.40611339,-3.28090298999996],[103.405981983,-3.28092723099996],[103.40579574,-3.28139283999997],[103.405395036,-3.28148188499995],[103.405152109,-3.28134692599997],[103.405084096,-3.28125417999996],[103.404549106,-3.28052464799993],[103.40410388,-3.28007942199997],[103.403836744,-3.28043560299994],[103.403702352,-3.28124195499994],[103.40368418,-3.28122275999994],[103.403614131,-3.28114876999996],[103.403614131,-3.28117022599998],[103.403391517,-3.28161545299998],[103.402990814,-3.28174902099994],[103.402345975,-3.28185649399995],[103.40238266,-3.28199253999999],[103.40240245,-3.28206594999995],[103.4022581,-3.28215888999995],[103.401836274,-3.28243048199994],[103.401699657,-3.28281756399997],[103.400942772,-3.28344088099993],[103.400007797,-3.28428681099996],[103.399963274,-3.28482108299994],[103.400108103,-3.28525556799997],[103.4003229,-3.28519023999996],[103.40063213,-3.28489234999995],[103.40083196,-3.28469985999994],[103.40090664,-3.28462790999993],[103.40114142,-3.28440174999997],[103.40129024,-3.28440198999994],[103.40155005,-3.28440240999992],[103.40168558,-3.28461505999996],[103.40183224,-3.28484514999997],[103.40174465,-3.28496901999996],[103.40158207,-3.28519892999999],[103.40076111,-3.28635985999994],[103.400762002,-3.28639818799997],[103.401343476,-3.28682460199997],[103.401610612,-3.28758148599997],[103.402055838,-3.28807123499996],[103.402322974,-3.28842741699999],[103.402278451,-3.28873907499997],[103.402100361,-3.28918430099998],[103.401975082,-3.28928680199995],[103.40211456,-3.28943156999998],[103.40217061,-3.28948974999998],[103.40214181,-3.28950671999997],[103.40211252,-3.28952397299998],[103.402189406,-3.28960726599996],[103.402412019,-3.28991892499994],[103.402278451,-3.29040867399994],[103.401966793,-3.29063128699994],[103.401477044,-3.29103199099996],[103.400942772,-3.29112103599994],[103.40082834,-3.29112103599994],[103.40053312,-3.29135104999995],[103.40022296,-3.29137002999994],[103.399895872,-3.29154163999995],[103.400185887,-3.29169983099996],[103.401254431,-3.29236766999997],[103.401833225,-3.29290194199997],[103.401477044,-3.29325812299993],[103.400453023,-3.29334716799997],[103.40023041,-3.29334716799997],[103.399859494,-3.29327298499994],[103.39975442,-3.29330894999993],[103.39932068,-3.29345741999993],[103.39929259,-3.29346702999993],[103.39911345,-3.29352834999998],[103.3990208,-3.29356006999996],[103.39829481,-3.29354562999993],[103.39729202,-3.29352567999997],[103.39715674,-3.29338017999994],[103.39675758,-3.29295087999998],[103.39641696,-3.29258453999996],[103.39635064,-3.29251320999993],[103.39566158,-3.29189029999997],[103.39555397,-3.29179301999995],[103.3954404,-3.29169034999996],[103.3951759,-3.29191998999994],[103.39499999,-3.29207271999997],[103.39449609,-3.29251020999993],[103.39403844,-3.29233990999995],[103.3940306,-3.29233698999997],[103.39389922,-3.29228809999995],[103.39320577,-3.29227600000001],[103.39319727,-3.29251381999996],[103.39317489,-3.29313991999993],[103.39313861,-3.29318231999997],[103.39287225,-3.29349361999994],[103.39263625,-3.29376944999996],[103.39260803,-3.29380242999997],[103.39255426,-3.29381505999993],[103.39223533,-3.29388992999998],[103.39207346,-3.29392792999995],[103.39163391,-3.29361129999996],[103.39097195,-3.29355236999993],[103.39091105,-3.29354693999995],[103.39084444,-3.29372775999997],[103.39069005,-3.29414682999993],[103.39064603,-3.29468177999997],[103.39061659,-3.29503956999998],[103.39059615,-3.29528798999996],[103.39059388,-3.29531557999997],[103.39047082,-3.29550727999993],[103.39031027,-3.29575740999997],[103.39015307,-3.29575715999994],[103.38992313,-3.29575677999998],[103.38820425,-3.29575398999999],[103.38802615,-3.29585205999997],[103.38757503,-3.29610047999995],[103.38853814,-3.29709063999996],[103.38896036,-3.29752470999995],[103.38917547,-3.29774585999997],[103.38893772,-3.29789921999998],[103.38731898,-3.29894333999994],[103.38739929,-3.29918746999994],[103.38746399,-3.29938411999995],[103.387464,-3.29938415999994],[103.38734039,-3.29950797999994],[103.38734033,-3.29950803999998],[103.38688913,-3.30034694999995],[103.38675795,-3.30082337999994],[103.3865336,-3.30163813999997],[103.38661541,-3.30262747999995],[103.38669118,-3.30354373999996],[103.3866841,-3.30356262999994],[103.38649756,-3.30406012999993],[103.38614338,-3.30451166999995],[103.38588585,-3.30480189999997],[103.38556453,-3.30480136999996],[103.38537221,-3.30451040999999],[103.38530857,-3.30412277999995],[103.38508511,-3.30321817999994],[103.38463573,-3.30292679999997],[103.38405657,-3.30344251999998],[103.38405652,-3.30344255999996],[103.384025563,-3.30351226299996],[103.384157737,-3.30483400899993],[103.384692009,-3.30679300499998],[103.385404371,-3.30768345799994],[103.386472915,-3.30679300499998],[103.387363367,-3.30732727699996],[103.387363367,-3.30839581999994],[103.387007186,-3.30946436299997],[103.387363367,-3.31053290699993],[103.388788092,-3.31088908799996],[103.389144273,-3.31160144999996],[103.388966182,-3.31231381199996],[103.38825382,-3.31266999299993],[103.387897639,-3.31320426499997],[103.388966182,-3.31391662699998],[103.388966182,-3.31516326099995],[103.388788092,-3.31551944199993],[103.388431911,-3.31587562299995],[103.387719548,-3.31587562299995],[103.386651005,-3.31551944199993],[103.385938643,-3.31498517099993],[103.385760552,-3.31516326099995],[103.385404371,-3.31534135199997],[103.384335828,-3.31640989499994],[103.383801556,-3.31658798599994],[103.382650333,-3.31675244599995],[103.3826525,-3.31676786999999],[103.38266865,-3.31688282999994],[103.38301499,-3.31699949999996],[103.38339031,-3.31705815999993],[103.38350541,-3.31710464999998],[103.3835346,-3.31711643999995],[103.38353427,-3.31731959999997],[103.38347953,-3.31741551999995],[103.38341843,-3.31752256999994],[103.3832445,-3.31792860999997],[103.3832202,-3.31806773999996],[103.38312792,-3.31859584999995],[103.38312791,-3.31859593999997],[103.38266535,-3.31891442999996],[103.38234718,-3.31923315999996],[103.38217349,-3.31949407999997],[103.38225413,-3.31973856999998],[103.38225969,-3.31975542999994],[103.38227803,-3.31977391999994],[103.38249033,-3.31998798999996],[103.3826342,-3.32030747999994],[103.38265736,-3.32052005999998],[103.38266266,-3.32056873999995],[103.3826517,-3.32062875999998],[103.38260438,-3.32088788999995],[103.38167892,-3.32172802999997],[103.38110085,-3.32204633999994],[103.38063476,-3.32208459999993],[103.38006111,-3.32213168999994],[103.37985871,-3.32230546999995],[103.37985868,-3.32230549999997],[103.37981811,-3.32237319999997],[103.37977181,-3.32245046999999],[103.3797715,-3.32264183999996],[103.37977134,-3.32274068999994],[103.37991521,-3.32306017999997],[103.38011324,-3.32326615999996],[103.3802266,-3.32331038999997],[103.38040561,-3.32338023999995],[103.38095462,-3.32317798999998],[103.38149333,-3.32310505999993],[103.38159007,-3.32309195999994],[103.38159361,-3.32309303999995],[103.3818787,-3.32317950999993],[103.3819937,-3.32349894999993],[103.38187771,-3.32378898999997],[103.38150178,-3.32410761999996],[103.38138603,-3.32425254999993],[103.38109692,-3.32445522999996],[103.38040338,-3.32474431999999],[103.38031647,-3.32491830999993],[103.38031604,-3.32517951999995],[103.38054673,-3.32538304999998],[103.38109541,-3.32538395999997],[103.38233734,-3.32526990999998],[103.38251037,-3.32541530999992],[103.38254196,-3.32554318999996],[103.38256775,-3.32564758999997],[103.38253826,-3.32602483999995],[103.38239257,-3.32637878999998],[103.38233531,-3.32651788999994],[103.3823319,-3.32653824999994],[103.38230615,-3.32669197999997],[103.38227684,-3.32695313999995],[103.38239169,-3.32735964999995],[103.38250711,-3.32741788999994],[103.38270925,-3.32741821999998],[103.38308547,-3.32692544999998],[103.38334584,-3.32663564999996],[103.38351902,-3.32669397999997],[103.38357616,-3.32707136999994],[103.3835469,-3.32730350999998],[103.3835465,-3.32730445999994],[103.38337297,-3.32770953999994],[103.38314084,-3.32840563999997],[103.38314081,-3.32840570999997],[103.38290941,-3.32863750999996],[103.38287906,-3.32878871999998],[103.38285118,-3.32892764999997],[103.38292927,-3.32918022999997],[103.38299481,-3.32939224999996],[103.38409019,-3.33061301999993],[103.38409932,-3.33062880999996],[103.38429177,-3.33096162999994],[103.38434002,-3.33114059999998],[103.38437788,-3.33128101999996],[103.38429355,-3.33150029999996],[103.38423287,-3.33165807999996],[103.38388643,-3.33159945999996],[103.38359789,-3.33145386999997],[103.38296347,-3.33090138999996],[103.3828481,-3.33081412999997],[103.38270371,-3.33081388999994],[103.38258778,-3.33107490999993],[103.38256911,-3.33116790999998],[103.38244221,-3.33180017999996],[103.3824422,-3.33180023999996],[103.3823265,-3.33191613999998],[103.38215337,-3.33182878999998],[103.38169194,-3.33145072999998],[103.38160588,-3.33110230999996],[103.38180854,-3.33078338999996],[103.38186673,-3.33052227999997],[103.38172267,-3.33031888999995],[103.38111391,-3.33017917999996],[103.38079891,-3.33011419999998],[103.38053891,-3.33017181999997],[103.38024982,-3.33040346999997],[103.38024975,-3.33040351999996],[103.3799462,-3.33116258999997],[103.37990179,-3.33127363999995],[103.37987627,-3.33132472999995],[103.37972795,-3.33162161999997],[103.37966963,-3.33196979999997],[103.37968523,-3.33199865999995],[103.37984238,-3.33228933999994],[103.38036147,-3.33272553999995],[103.38053369,-3.33336432999995],[103.380561665,-3.33339621799997],[103.38096894,-3.33386045999993],[103.38119665,-3.33412001999994],[103.381587702,-3.33512045299994],[103.38162802,-3.33522359999996],[103.38166344,-3.33531900999998],[103.38180053,-3.33568824999998],[103.38197313,-3.33609485999995],[103.38216958,-3.33617420999997],[103.38226172,-3.33621141999993],[103.38230003,-3.33624113999997],[103.38263666,-3.33650226999993],[103.3826797,-3.33652398999994],[103.38280979,-3.33658962999994],[103.38298273,-3.33679306999994],[103.38298258,-3.33688113999994],[103.38298235,-3.33702517999996],[103.38298235,-3.33702525999997],[103.382961706,-3.33704002799994],[103.38277996,-3.33717003999993],[103.3822888,-3.33731433999998],[103.38208613,-3.33763324999996],[103.382063282,-3.33788128599997],[103.38206212,-3.33789389999993],[103.38205673,-3.33795245999994],[103.38222938,-3.33833003999996],[103.38247642,-3.33863663999996],[103.38260404,-3.33879502999997],[103.38267374,-3.33898864999998],[103.38271903,-3.33911446999998],[103.38270723,-3.33917321999997],[103.38268603,-3.33927886999994],[103.3826608,-3.33940459999997],[103.38242963,-3.33949128999996],[103.38162013,-3.34007037999994],[103.38162009,-3.34007040999995],[103.38144629,-3.34038936999996],[103.38150357,-3.34067969999996],[103.381562368,-3.34074886999998],[103.3816606,-3.34086442999995],[103.38184945,-3.34108658999997],[103.38186856,-3.34111228999995],[103.38202234,-3.34131905999994],[103.38213714,-3.34175458999994],[103.38190502,-3.34242173999996],[103.38180234,-3.34270172999993],[103.38158593,-3.34329188999993],[103.38141218,-3.34358182999995],[103.38138815,-3.34373710999996],[103.381356869,-3.34393927299994],[103.38135381,-3.34395903999996],[103.38164211,-3.34424973999996],[103.38213233,-3.34468589999994],[103.38216078,-3.34494714999994],[103.3819868,-3.34538220999997],[103.38135109,-3.34561333999995],[103.38094622,-3.34596093999995],[103.38039663,-3.34651145999993],[103.379790201,-3.34720567099993],[103.379790137,-3.34720574399996],[103.37978904,-3.347207],[103.37932488,-3.34848323999996],[103.37935295,-3.34897666999996],[103.37943841,-3.34967309999996],[103.37943844,-3.34967335999994],[103.37940904,-3.34999256999993],[103.3788304,-3.35068805999993],[103.37883032,-3.35068814999994],[103.378820504,-3.35070639799995],[103.37862755,-3.35106510999998],[103.37830974,-3.35115164999997],[103.37813662,-3.35106429999997],[103.37771951,-3.35077746999997],[103.37763358,-3.35071837999994],[103.37750201,-3.35062789999995],[103.37727099,-3.35068552999997],[103.37727088,-3.35068555999993],[103.3772705,-3.35091773999995],[103.37726892,-3.35187548999994],[103.37726639,-3.35341369999998],[103.37718532,-3.35389759999992],[103.37701857,-3.35414806999995],[103.376622098,-3.35474360199993],[103.37588522,-3.35585044999994],[103.3751204,-3.35699926999996],[103.37512029,-3.35699942999998],[103.37486482,-3.35622490999998],[103.37457656,-3.35590516999997],[103.37446181,-3.35544061999997],[103.37440506,-3.35483104999997],[103.37408749,-3.35477246999994],[103.37371178,-3.35494597999997],[103.37336482,-3.35526454999996],[103.37336471,-3.35526464999998],[103.37336399,-3.35569998999994],[103.37336327,-3.35613532999997],[103.37339134,-3.35662875999998],[103.37356147,-3.35696067999993],[103.3735805,-3.35699779999994],[103.37368855,-3.35720860999993],[103.37382312,-3.35747114999998],[103.37382269,-3.35773221999994],[103.37382269,-3.35773234999994],[103.37356269,-3.35778995999993],[103.37266769,-3.35764334999994],[103.37206148,-3.35749721999997],[103.37183035,-3.35755487999996],[103.37168562,-3.35775779999995],[103.3717858,-3.35819740999996],[103.37185764,-3.35851267999994],[103.3717699,-3.35918004999997],[103.37142196,-3.36002112999995],[103.371407444,-3.36004189699997],[103.37133887,-3.36014000000001],[103.37121933,-3.36031101999993],[103.37061225,-3.36068729999995],[103.37029435,-3.36083187999998],[103.3702759,-3.36088106999994],[103.37020733,-3.36106390999993],[103.37020706,-3.36122118999998],[103.37020694,-3.36129609999996],[103.37095664,-3.36190671999998],[103.37095678,-3.36190682999996],[103.37049457,-3.36199311999996],[103.37029249,-3.36200406999996],[103.37086201,-3.36205971999993],[103.37018731,-3.36296065999994],[103.36946856,-3.36336537999994],[103.36906367,-3.36395104999997],[103.36901797,-3.36444710999997],[103.36920576,-3.36463647999995],[103.36951082,-3.36494407999994],[103.36978193,-3.36501791999996],[103.36820266,-3.36739000999995],[103.36821504,-3.36759460999997],[103.36831242,-3.36920367999994],[103.36875814,-3.37656883999995],[103.36884164,-3.37794864999996],[103.36884164,-3.37794868999993],[103.36804259,-3.378724],[103.36798931,-3.37937954999996],[103.36797081,-3.37943132999994],[103.36785825,-3.37974636999997],[103.36785822,-3.37974647999995],[103.36759705,-3.37990335999996],[103.36759703,-3.37990337999997],[103.36759699,-3.37990339999994],[103.36748174,-3.38016693999999],[103.36741362,-3.38032268999996],[103.36738691,-3.38068979999997],[103.3674563,-3.38095308999994],[103.36749064,-3.38108335999994],[103.36762046,-3.38147695999993],[103.36785501,-3.38166093999997],[103.36799512,-3.38166757999994],[103.36811747,-3.38167337999995],[103.36842925,-3.38158322999993],[103.36853508,-3.38071796999998],[103.36858771,-3.38045579999993],[103.3688228,-3.38032506999997],[103.36898834,-3.38037290999996],[103.36900538,-3.38037782999993],[103.36931844,-3.38043080999996],[103.36970944,-3.38069372999997],[103.36978871,-3.38086975999994],[103.36983944,-3.38098241999996],[103.36999897,-3.38166444999996],[103.37007264,-3.38197938999997],[103.37010839,-3.38222866999997],[103.37025321,-3.38323850999996],[103.3703436,-3.38360448999993],[103.37040873,-3.38386818999993],[103.37038088,-3.38491715999993],[103.37034086,-3.38502385999994],[103.3702236,-3.38533649999994],[103.36993595,-3.38575546999994],[103.36993585,-3.38575561999994],[103.36962221,-3.38604356999997],[103.36936061,-3.38643647999994],[103.36936059,-3.38643650999996],[103.36935609,-3.38645001999993],[103.36920323,-3.38690829999997],[103.36920244,-3.38738035999996],[103.36920224,-3.38749554999993],[103.36920173,-3.38779996999995],[103.36924395,-3.38798165999998],[103.36930537,-3.38824596999996],[103.3694873,-3.38869211999998],[103.36949219,-3.38869917999995],[103.36983099,-3.39429829999995],[103.36990075,-3.39545117999995],[103.365400758,-3.39883093699996],[103.364955022,-3.39916571099997],[103.36291188,-3.40070022999993],[103.36217631,-3.40314912999997],[103.36217628,-3.40314925999997],[103.3618165,-3.40331285999998],[103.3614506,-3.40367931999998],[103.36145054,-3.40367937999998],[103.36123565,-3.40417112999995],[103.36123206,-3.40629277999995],[103.36123109,-3.40686435999993],[103.36122993,-3.40754751999998],[103.36110468,-3.40804738999998],[103.36110465,-3.40804751999997],[103.36086887,-3.40813669999995],[103.36068914,-3.40810025999998],[103.36060799,-3.40808380999993],[103.36039958,-3.40787364999994],[103.35995784,-3.40674519999993],[103.35948971,-3.40641907999998],[103.3593581,-3.40650809999994],[103.35935803,-3.40650814999999],[103.35928716,-3.40669708999997],[103.35927938,-3.40671781999992],[103.35928705,-3.40682833999994],[103.35930486,-3.40708501999996],[103.35926687,-3.40815711999994],[103.35925004,-3.40863221999997],[103.35928402,-3.40878164999998],[103.35945468,-3.40953209999999],[103.3595216,-3.40975197999995],[103.35953773,-3.40980497999993],[103.35954997,-3.40990475999996],[103.35955832,-3.40997285999992],[103.35955172,-3.41000861999993],[103.35953461,-3.41010131999997],[103.35944618,-3.41018988999998],[103.36044955,-3.41093551999995],[103.36044989,-3.41093576999999],[103.35895139,-3.41062068999998],[103.35895136,-3.41062067999997],[103.35892607,-3.41066876999997],[103.35886836,-3.41077848999994],[103.35900156,-3.41145373999996],[103.35940355,-3.41206194999995],[103.35987277,-3.41263651999998],[103.36037621,-3.41283988999994],[103.36070455,-3.41284044999998],[103.36081282,-3.41284063999996],[103.36111549,-3.41260489999997],[103.36137302,-3.41255682999998],[103.36145167,-3.41254214999998],[103.36201765,-3.41402847999996],[103.36185139,-3.41436120999993],[103.3618411,-3.41450256999997],[103.36181701,-3.41483366999996],[103.36218576,-3.41523930999995],[103.36251697,-3.41533977999995],[103.36300898,-3.41663187999996],[103.36300901,-3.41663195999997],[103.36279719,-3.41674397999998],[103.36261934,-3.41702885999996],[103.36256479,-3.41715978999997],[103.36245072,-3.41743357999997],[103.36245031,-3.41767701999993],[103.36245015,-3.41777108999997],[103.36271849,-3.41797405999995],[103.36273464,-3.41797460999993],[103.36332337,-3.41799454999995],[103.3635682,-3.41810047999996],[103.36357966,-3.41810543999997],[103.36359149,-3.41811055999994],[103.36363863,-3.41828542999997],[103.36367026,-3.41840275999994],[103.36369162,-3.41848198999998],[103.36342156,-3.41929154999997],[103.36338723,-3.41973025999995],[103.3634981,-3.41986069999996],[103.36358834,-3.41996685999994],[103.3637898,-3.42000095999993],[103.36399029,-3.42001472999994],[103.36429353,-3.42003556999993],[103.36430507,-3.42003558999995],[103.3646228,-3.42087],[103.368036706,-3.42500111399994],[103.368651977,-3.42574564299998],[103.36996166,-3.42733046999996],[103.37126773,-3.42891092999997],[103.37126772,-3.42892028999996],[103.37126772,-3.42892067999998],[103.37126766,-3.42895344999994],[103.37126708,-3.42929868999995],[103.37132031,-3.42959578999996],[103.371458138,-3.42985405999997],[103.3715078,-3.42994711999995],[103.37162747,-3.43000202999997],[103.37180313,-3.43008262999996],[103.37195658,-3.43008289999994],[103.37204495,-3.43008304999995],[103.37210773,-3.43006549999996],[103.37220045,-3.43003957999998],[103.37268986,-3.42990276999996],[103.37271699,-3.42989518999997],[103.37298555,-3.42997664999996],[103.37305354,-3.43005892999997],[103.37311962,-3.43013887999996],[103.37306519,-3.43054380999997],[103.37286186,-3.43083993999995],[103.3727689,-3.43097531999996],[103.37273378,-3.43106311999999],[103.37266097,-3.43124513999993],[103.37276799,-3.43151532999997],[103.37322381,-3.43208312999997],[103.37362629,-3.43240782999993],[103.37381396,-3.43265115999998],[103.37414174,-3.43293760999996],[103.3742164,-3.43300285999993],[103.37453778,-3.43362443999997],[103.37467135,-3.43408367999996],[103.3746467,-3.43453956999997],[103.37464362,-3.43459664999995],[103.37437415,-3.43505520999997],[103.37440056,-3.43532525999996],[103.37448098,-3.43543340999997],[103.37474972,-3.43540685999994],[103.37474981,-3.43540670999993],[103.37504619,-3.43486734999994],[103.37531525,-3.43465179999993],[103.37533783,-3.43465596999995],[103.37561072,-3.43470630999996],[103.37582531,-3.43492267999995],[103.37583495,-3.43501130999994],[103.375874521,-3.43537480999993],[103.37587822,-3.43540878999994],[103.37579579,-3.43571049999998],[103.375716,-3.43600253999995],[103.37571575,-3.43615275999997],[103.37571555,-3.43627254999996],[103.37578641,-3.43646941999998],[103.37582252,-3.43656973999992],[103.37621938,-3.43696990999997],[103.37633217,-3.43708362999997],[103.37705595,-3.43808389999999],[103.3773766,-3.43913748999996],[103.3775104,-3.43946172999996],[103.37796685,-3.43965151999993],[103.37842648,-3.43967619999995],[103.37952513,-3.43973517999996],[103.3797986,-3.43971601999994],[103.37990135,-3.43970881999997],[103.38016216,-3.43952601999997],[103.38672701,-3.44732782999995],[103.38672709,-3.44732792999997],[103.38652521,-3.44738840999998],[103.38652516,-3.44738841999993],[103.38647153,-3.44751002999994],[103.38612057,-3.44830576999994],[103.38512394,-3.44976213999997],[103.38501527,-3.45046397999994],[103.38506615,-3.45057697999994],[103.38514912,-3.45076121999994],[103.38646537,-3.45097947999995],[103.38675806,-3.45119414999994],[103.38735098,-3.45162900999997],[103.38802272,-3.45163015999998],[103.38829119,-3.45176561999995],[103.38846379,-3.45200495999995],[103.38850565,-3.45206300000001],[103.38858571,-3.45238714999993],[103.3889615,-3.45291771999996],[103.3889878,-3.45295485999998],[103.3897657,-3.45373921999994],[103.39043672,-3.45417237999994],[103.39083973,-3.45420005999995],[103.39178076,-3.45385064999993],[103.39206476,-3.45369634999998],[103.39207926,-3.45368846999997],[103.39292519,-3.45469376999995],[103.3929303,-3.45473541999997],[103.39293462,-3.45477064999995],[103.39310508,-3.45503635999996],[103.39322942,-3.45523016999994],[103.39356827,-3.45545800999998],[103.39771302,-3.46038357999993],[103.40473765,-3.46982855999995],[103.40481451,-3.46993190999996],[103.40554857,-3.47091887999995],[103.40374589,-3.47362614999998],[103.40374578,-3.47362630999993],[103.40369241,-3.47351858999998],[103.40349648,-3.47344278999998],[103.4033263,-3.47350658999994],[103.40332622,-3.47350661999996],[103.40326001,-3.47375160999997],[103.40328268,-3.47410494999997],[103.40322594,-3.47428567999998],[103.40322589,-3.47428583999994],[103.40304845,-3.47427551999994],[103.40292692,-3.47421854999994],[103.40281497,-3.47399728999994],[103.40258106,-3.47397552999997],[103.40245323,-3.47410353999993],[103.40242435,-3.47426166999999],[103.4024103,-3.47433854999997],[103.40242828,-3.47438885999997],[103.40268549,-3.47510838999994],[103.40268218,-3.47513466999994],[103.40266834,-3.47524441999997],[103.40238676,-3.47566728999994],[103.40238665,-3.47566743999994],[103.4014934,-3.47574750999996],[103.40125931,-3.47583259999994],[103.40104613,-3.47613143999996],[103.40066298,-3.47632312999997],[103.4001736,-3.47649323999997],[103.40017353,-3.47649326999994],[103.40008795,-3.47679231999996],[103.40008778,-3.47689311999994],[103.40008763,-3.47698465999998],[103.40023618,-3.47717725999996],[103.40051252,-3.47726321999994],[103.40132315,-3.47726459999996],[103.40029977,-3.47880147999996],[103.40321966,-3.48237660999997],[103.406995858,-3.48700013899998],[103.41249108,-3.49372841999996],[103.42993314,-3.49989578999993],[103.43020466,-3.50238934999994],[103.4311855,-3.51139707999994],[103.43165207,-3.51568190999996],[103.43178128,-3.51558487999995],[103.43189333,-3.51681758999997],[103.431891071,-3.51681880099995],[103.431704917,-3.51691860399995],[103.42985755,-3.51790903999996],[103.429509856,-3.51809544999998],[103.42823045,-3.51878137999995],[103.42773596,-3.51904647999993],[103.42568943,-3.52014365999997],[103.42566766,-3.52017186999996],[103.42562033,-3.52023320999996],[103.425518396,-3.52036529699996],[103.424758894,-3.52134946799992],[103.425369332,-3.51995902499994],[103.424444755,-3.51743909799995],[103.424213519,-3.51427117499997],[103.422039908,-3.50966959299996],[103.419542567,-3.50650166999998],[103.416387225,-3.50027986799995],[103.416259026,-3.50002708199998],[103.412536139,-3.49667417099995],[103.410648583,-3.49774259899994],[103.410498901,-3.49782732499995],[103.410085045,-3.49806158299998],[103.409761315,-3.50187696499995],[103.414224156,-3.50895276399996],[103.420213149,-3.51480301599998],[103.420135384,-3.51534338599994],[103.419311332,-3.52106949099994],[103.419704432,-3.52534734399995],[103.419745817,-3.52707173799996],[103.419763826,-3.52782208399998],[103.419621148,-3.52800696399993],[103.41815249,-3.52991002999995],[103.41815206,-3.52991056999998],[103.39838881,-3.53030720999993],[103.396331162,-3.53034847199997],[103.39043148,-3.53046677999993],[103.38502977,-3.53057506999995],[103.385029,-3.53057507999996],[103.38489416,-3.53060787999994],[103.3843534,-3.53073940999997],[103.38271132,-3.53064486999995],[103.38270761,-3.53064464999995],[103.38259267,-3.53063803999993],[103.38244576,-3.53073607999994],[103.38244094,-3.53076004999997],[103.38242109,-3.53085890999996],[103.38247583,-3.53104342999995],[103.38249403,-3.53110477999997],[103.38288377,-3.53201471999995],[103.38297283,-3.53216658999998],[103.38390795,-3.53376129999998],[103.38309106,-3.53385269999996],[103.37850188,-3.53436619999997],[103.37502834,-3.53472871999998],[103.37492172,-3.53473339999994],[103.37449025,-3.53475233999996],[103.37442505,-3.53464711999994],[103.3743683,-3.53455553999992],[103.37437525,-3.53447348999994],[103.37439327,-3.53426068999994],[103.3746319,-3.53235141999994],[103.3747157,-3.53168093999995],[103.37473079,-3.53089230999997],[103.37472625,-3.53088050999998],[103.37468855,-3.53078252999996],[103.37405977,-3.52914861999995],[103.37375181,-3.52847906999995],[103.37342629,-3.52777133999996],[103.37304275,-3.52732013999998],[103.37284052,-3.52708222999997],[103.37190488,-3.52675107999995],[103.37007435,-3.52610319999997],[103.36978502,-3.52616760999997],[103.36966243,-3.52633941999994],[103.3696583,-3.52634767999996],[103.36956426,-3.52653583999995],[103.36838932,-3.52938125999998],[103.36813223,-3.53100583999998],[103.3676929,-3.53378196999996],[103.36760995,-3.53395974999995],[103.36752105,-3.53415027999995],[103.36735216,-3.53416694999993],[103.36727644,-3.53417441999994],[103.36649395,-3.53409931999995],[103.36289944,-3.53372434999995],[103.35778841,-3.53346954999995],[103.35770227,-3.53346370999998],[103.35762112,-3.53345820999994],[103.357244856,-3.53343270199997],[103.35443823,-3.53324242999997],[103.35365695,-3.53316251999996],[103.35346014,-3.53314238999996],[103.353295427,-3.53308689699998],[103.353280042,-3.53308171399994],[103.35315768,-3.53304048999997],[103.35302018,-3.53299415999993],[103.35235507,-3.53284440999995],[103.35170004,-3.53269691999998],[103.34937774,-3.53207842999996],[103.34928527,-3.53196962999993],[103.34923131,-3.53190614999994],[103.34916201,-3.53181129999996],[103.34907843,-3.53169688999999],[103.34906136,-3.53167352999999],[103.34888974,-3.53143862999997],[103.34880737,-3.53114098999992],[103.34880021,-3.53111512999994],[103.34878237,-3.53105067999996],[103.34871963,-3.53082396999998],[103.3487201,-3.53055924999995],[103.34872024,-3.53047993999997],[103.34852548,-3.53020308999993],[103.348517803,-3.53019218299994],[103.34851607,-3.53018971999996],[103.348472447,-3.53017000999996],[103.34831363,-3.53009824999999],[103.34823185,-3.53006130999995],[103.34802441,-3.53006093999994],[103.347865,-3.53006064999995],[103.34752243,-3.53015833999996],[103.34708204,-3.53025584999995],[103.34698496,-3.53029523999993],[103.34695045,-3.53030924999996],[103.34621813,-3.53060642999998],[103.34603907,-3.53067909999994],[103.34581949,-3.53076819999996],[103.34461015,-3.53125896999995],[103.34414543,-3.53128270999997],[103.34306965,-3.53110876999995],[103.34305309,-3.53110440999996],[103.3418474,-3.53078710999995],[103.341668105,-3.53078679299996],[103.34158703,-3.53078664999993],[103.34133381,-3.53078618999997],[103.34074686,-3.53078513999997],[103.340635406,-3.53080914799995],[103.34045796,-3.53084736899996],[103.33984162,-3.53098010999997],[103.33932825,-3.53085631999995],[103.33891284,-3.53065897999994],[103.33872802,-3.53055241999994],[103.338599012,-3.53047804299996],[103.33849962,-3.53042073999996],[103.33822876,-3.53026456999993],[103.33816371,-3.53026211999998],[103.33754403,-3.53023876999993],[103.337322651,-3.53017160599995],[103.33729122,-3.53016206999996],[103.33705516,-3.53009044999994],[103.33639597,-3.52945033999994],[103.33595668,-3.52893349999994],[103.33588961,-3.52874867999998],[103.335858916,-3.52866409999996],[103.33568897,-3.52819579999993],[103.33565365,-3.52812448999993],[103.33557137,-3.52795840999994],[103.33556739,-3.527947],[103.33557117,-3.52790604999996],[103.33559206,-3.52767956999997],[103.33567366,-3.52750801999997],[103.33571235,-3.52742667999997],[103.33571013,-3.52736017999996],[103.33570678,-3.52725955999995],[103.33563454,-3.52717096999994],[103.33544633,-3.52711410999996],[103.33534181,-3.52710777099998],[103.33527282,-3.52710358999998],[103.3352375,-3.52710144999998],[103.33516537,-3.52695386999995],[103.33516565,-3.52679671999994],[103.33516568,-3.52677992999998],[103.33516575,-3.52673762999996],[103.33522721,-3.52670743999994],[103.33530038,-3.52667151999998],[103.33536386,-3.52645684999994],[103.33535617,-3.52641104999998],[103.33532562,-3.52622922999995],[103.33528613,-3.52615789999994],[103.33520494,-3.52610329999994],[103.33519233,-3.52609481999997],[103.334790359,-3.52583001299997],[103.33447495,-3.52562222999996],[103.33446641,-3.52561660999994],[103.33444651,-3.52560349999993],[103.33442973,-3.52559244999998],[103.33442628,-3.52559016999993],[103.33442566,-3.52558988999994],[103.33439048,-3.52557381999999],[103.33428141,-3.525524],[103.33386128,-3.52533211999998],[103.3337989,-3.52530362999995],[103.33376996,-3.52529041999998],[103.3337589,-3.52528281999998],[103.33362324,-3.52518808999997],[103.33336304,-3.52500638999993],[103.33318099,-3.52477772999993],[103.33317913,-3.52477539999996],[103.33282931,-3.52433594999997],[103.33259236,-3.52403828999997],[103.33249388,-3.52391457999994],[103.33247281,-3.52388810999997],[103.3324578,-3.52387122999994],[103.33206695,-3.52343160999993],[103.33192622,-3.52319512999999],[103.33191096,-3.52297491999997],[103.33190441,-3.52288031999996],[103.3318829,-3.52256987999993],[103.33188286,-3.52256932999996],[103.33188284,-3.52256911999996],[103.33188044,-3.52253449999995],[103.33185346,-3.52248002999995],[103.33177127,-3.52231411999998],[103.33172299,-3.52228704999994],[103.33163054,-3.52223522999998],[103.33149678,-3.52223670999997],[103.33083237,-3.52224407999995],[103.33040967,-3.52224875999997],[103.33038897,-3.52224987999996],[103.33004094,-3.52223467999995],[103.32994019,-3.52220072999996],[103.32976962,-3.52217335999995],[103.32964289,-3.52215301999997],[103.3291381,-3.52216132999996],[103.32857403,-3.52217061999994],[103.32792149,-3.52214211999996],[103.32604256,-3.52206005999995],[103.32604252,-3.52205990999994],[103.326041605,-3.52205660299995],[103.326030419,-3.52201616999998],[103.325938899,-3.52168532099996],[103.32586172,-3.52140631999993],[103.32584309,-3.52133896999993],[103.32578214,-3.52111862999994],[103.3257821,-3.52111856999994],[103.324551551,-3.51928593899993],[103.323692569,-3.51800667099997],[103.3226185,-3.51640707999996],[103.322609908,-3.51639769199994],[103.320421009,-3.51400634099998],[103.319654241,-3.51316865899997],[103.319181452,-3.51265214099993],[103.31732032,-3.51061886999997],[103.31332476,-3.51061004999997],[103.31008872,-3.51024280999997],[103.30952956,-3.51017935999995],[103.30893316,-3.51011166999996],[103.30779653,-3.50998267999995],[103.30709431,-3.50990298999994],[103.30610891,-3.50979115999997],[103.305582481,-3.50973104899992],[103.3052927,-3.50969795999994],[103.30451608,-3.50960471999998],[103.30402988,-3.50954634999994],[103.30355524,-3.50948935999998],[103.30276828,-3.50939486999994],[103.30178185,-3.50927643999996],[103.30169713,-3.50926626899997],[103.30169589,-3.50926611899996],[103.30004869,-3.50906834799997],[103.29789097,-3.50880927999998],[103.29785916,-3.50880545999997],[103.29691178,-3.50880372999996],[103.2934574,-3.50879740999995],[103.292933092,-3.50879644499998],[103.29261543,-3.50879585999997],[103.29210462,-3.50879429999998],[103.291240731,-3.50864799499994],[103.289893711,-3.50841986599995],[103.289481149,-3.50834999199998],[103.28868319,-3.50821485099994],[103.28819068,-3.50813144099994],[103.287959349,-3.50809226299998],[103.28795797,-3.50809202999995],[103.28830646,-3.50919732999995],[103.28830765,-3.50922678999995],[103.284935577,-3.50843514199994],[103.28351526,-3.50810169999994],[103.26928969,-3.50476187999994],[103.26828067,-3.50452496999998],[103.26751732,-3.50434574999998],[103.26720105,-3.50427149999996],[103.26595273,-3.50397840999996],[103.26594173,-3.50396116999998],[103.26578889,-3.50372146999996],[103.26019324,-3.50353370999995],[103.26015641,-3.50353246999993],[103.26015423,-3.50353239999992],[103.25963945,-3.50351512999993]]]]},"properties":{"gid":1479,"luas":null,"idkec":"1605071","kdkab":"05","kdkec":"071","nmkab":"MUSI RAWAS","nmkec":"BULANG TENGAH SUKU ULU","kdprov":"16","nmprov":"SUMATERA SELATAN","sumber":null,"periode":"2025_1"}},{"id":1480,"type":"Feature","geometry":{"type":"MultiPolygon","coordinates":[[[[102.94587944,-3.12064894999998],[102.945293765,-3.12100223799996],[102.94459988,-3.12142079999996],[102.94457064,-3.12143732999993],[102.94454784,-3.12145022999994],[102.94416664,-3.12166582999994],[102.943663046,-3.12195065299995],[102.94358292,-3.12199596999994],[102.94340614,-3.12209546999998],[102.94334421,-3.12213032999995],[102.943043865,-3.12229937899998],[102.94287547,-3.12239415999994],[102.94284758,-3.12241761999997],[102.94283629,-3.12242711999994],[102.9421905,-3.12297024999999],[102.94176949,-3.12332432999996],[102.94153222,-3.12404643999998],[102.94143404,-3.12434524999997],[102.94123613,-3.12494756899998],[102.94083645,-3.12616394999998],[102.94084058,-3.12618208999993],[102.94083648,-3.12619449999994],[102.94083402,-3.12620192999998],[102.94108821,-3.12729753999998],[102.94052983,-3.12715733999994],[102.93999563,-3.12700583999993],[102.93998929,-3.12701781999994],[102.93995501,-3.12708260999995],[102.9398941,-3.12701235999998],[102.93971071,-3.12624131999996],[102.93967704,-3.12609975999994],[102.93964784,-3.12573783999995],[102.93950378,-3.12445011999995],[102.93918028,-3.12398609999997],[102.93887666,-3.12355058999998],[102.93834143,-3.12278285999997],[102.93812081,-3.12251565999998],[102.93802177,-3.12239571999993],[102.93799536,-3.12234155999994],[102.93729893,-3.12091320999998],[102.937155728,-3.12061950399994],[102.93714673,-3.12060104999995],[102.9370467,-3.12041746999995],[102.93694854,-3.12017301999993],[102.93687696,-3.11999475999994],[102.93678825,-3.11964761999997],[102.93672382,-3.11939549999994],[102.93670317,-3.11931467999995],[102.93667565,-3.11920701999998],[102.93666643,-3.11920295999994],[102.93666441,-3.11919476999998],[102.93666392,-3.11919279999996],[102.93440425,-3.11819988999998],[102.93433499,-3.11819974999997],[102.93413284,-3.11819935999995],[102.932818898,-3.11817675399994],[102.932507625,-3.11817139899996],[102.93247632,-3.11817085999997],[102.932471561,-3.11814907799993],[102.93185411,-3.11532275999997],[102.931680631,-3.11452869899995],[102.9311204,-3.11196435999996],[102.930873939,-3.11083622799993],[102.93034234,-3.10840292999996],[102.93005041,-3.10706664999999],[102.92933979,-3.10381395999998],[102.92933979,-3.10381391999993],[102.92898812,-3.10214987999995],[102.928868804,-3.10158528699998],[102.920472277,-3.11006028099996],[102.919573448,-3.10994121899995],[102.91952394,-3.10993465999996],[102.918448231,-3.10979215099997],[102.91493279,-3.10932642999996],[102.91168279,-3.10889587999999],[102.91168273,-3.10889586999997],[102.91168168,-3.10889572999998],[102.909691576,-3.10862353299996],[102.909598968,-3.10861086599994],[102.909550911,-3.10859656399993],[102.90955347,-3.10858948999994],[102.90958455,-3.10850372999994],[102.9096865,-3.10822235999995],[102.912639699,-3.10010835699995],[102.911157152,-3.09969073799994],[102.909965744,-3.09732075999994],[102.910152144,-3.09396895599997],[102.910162768,-3.09377791499997],[102.910163174,-3.09377832799994],[102.910458654,-3.09307096699996],[102.910874195,-3.09302081499993],[102.91152672,-3.09237152999998],[102.911681992,-3.09183688199994],[102.911583481,-3.09173836999998],[102.91155124,-3.09169896499998],[102.911687366,-3.09132999299994],[102.911918421,-3.09120998799995],[102.912038426,-3.09096460399997],[102.912135147,-3.09082489599997],[102.912582928,-3.09061354399996],[102.912923242,-3.09071742899994],[102.913412297,-3.09039954299993],[102.913645749,-3.08943771999998],[102.914479705,-3.08600182199996],[102.915853538,-3.08656153199996],[102.916034333,-3.08610265799997],[102.917512369,-3.08648838899996],[102.917786735,-3.08821500299997],[102.919864727,-3.08736013399995],[102.920424721,-3.08731143899996],[102.920595154,-3.08718970099994],[102.922162399,-3.08645291099998],[102.922219165,-3.08720505199995],[102.922228626,-3.08832143799998],[102.923657221,-3.08830251599994],[102.923751769,-3.08811926299996],[102.924499241,-3.08667051099997],[102.924485049,-3.08590417899995],[102.925724427,-3.08584741299995],[102.925516287,-3.08492970599997],[102.924650615,-3.08382278199998],[102.923988352,-3.08298076199998],[102.924079762,-3.08208189899995],[102.92444167,-3.08205565999998],[102.924681831,-3.08203824799996],[102.924888686,-3.08202325199995],[102.925063654,-3.08201056699995],[102.925059372,-3.08200634999998],[102.926266507,-3.07950601599993],[102.927148291,-3.07888419399996],[102.927943007,-3.07832600099994],[102.928330903,-3.07767319899996],[102.928797023,-3.07678333399997],[102.925470659,-3.07640417099998],[102.925142684,-3.07437731799997],[102.92121386,-3.05009759899998],[102.91995833,-3.04233855199993],[102.920840886,-3.04249389699993],[102.92201016,-3.04269970999997],[102.92201061,-3.04269822999993],[102.92201075,-3.04269779999993],[102.92219195,-3.04210336999996],[102.92224696,-3.04191771999997],[102.92232647,-3.04164935999996],[102.92261428,-3.04086191999995],[102.92261504,-3.04085985999996],[102.92470482,-3.03512038999998],[102.92475029,-3.03499549999998],[102.923695053,-3.02012849899995],[102.92368493,-3.01998587999998],[102.923262217,-3.01403034499998],[102.92263523,-3.00519680999997],[102.92245031,-3.00276237999998],[102.92243901,-3.00261356999993],[102.92245147,-3.00260802999997],[102.92243349,-3.00235471999998],[102.92117791,-2.99925341999995],[102.92096627,-2.99861103999997],[102.92090982,-2.99825487999994],[102.92089905,-2.99818696999995],[102.92086355,-2.99812035999998],[102.92060415,-2.99763366999998],[102.91551706,-2.98808901999996],[102.91436393,-2.98592545999997],[102.91426248,-2.98573519999997],[102.91340004,-2.98411786999998],[102.91075734,-2.97916198999997],[102.90963337,-2.97705419999995],[102.90963332,-2.97705409999997],[102.90766383,-2.97307514999995],[102.90689141,-2.97190550999995],[102.90627402,-2.97073635999995],[102.90589042,-2.97000992999995],[102.9058102,-2.96985801999994],[102.9058059,-2.96984988999998],[102.90564483,-2.96970076999998],[102.90572724,-2.96970092999993],[102.9065379,-2.96970246999997],[102.90655184,-2.96970122999994],[102.90704727,-2.96965689999996],[102.90737004,-2.96962801999996],[102.90877568,-2.96963068999997],[102.91248683,-2.96963774999994],[102.91725517,-2.96964678999996],[102.92238911,-2.96965649999993],[102.92309096,-2.96965781999996],[102.93078618,-2.96967232999999],[102.93081732,-2.96967238999997],[102.93097813,-2.96961210999996],[102.930993888,-2.96960620299996],[102.93111463,-2.96956093999996],[102.93142284,-2.96944539999993],[102.93159489,-2.96940089999993],[102.93346603,-2.96891692999997],[102.93477027,-2.96852053999993],[102.93520668,-2.96838789999992],[102.93581303,-2.96827476999994],[102.93641729,-2.96816203999993],[102.93755241,-2.96785998999996],[102.93800638,-2.96778479999995],[102.93935821,-2.96733457999995],[102.939575932,-2.96726206999994],[102.93959575,-2.96725546999995],[102.939595793,-2.96725022899995],[102.939717234,-2.96723661999993],[102.93962537,-2.96363726999993],[102.93962231,-2.96351758999998],[102.93961966,-2.96341349999995],[102.93962489,-2.96304182999995],[102.93963767,-2.96213400999994],[102.93966324,-2.96031814999998],[102.93966811,-2.95997173999996],[102.93967187,-2.95922006999996],[102.93968809,-2.95597291999997],[102.93969138,-2.95531218999997],[102.9396916,-2.95526855999999],[102.939633547,-2.95514153099992],[102.93856277,-2.95279850999999],[102.93804778,-2.95167163999998],[102.93791385,-2.95137858999993],[102.93774109,-2.95100055999995],[102.93717883,-2.94915118999995],[102.93619764,-2.94737372999992],[102.9360396,-2.94672639999993],[102.93585192,-2.94595764999998],[102.93585152,-2.94595601999992],[102.93584501,-2.94592936999994],[102.93586276,-2.94595880999999],[102.93590626,-2.94603095999997],[102.93592713,-2.94606556999997],[102.93605163,-2.94627207999997],[102.93720415,-2.94521188999994],[102.93750487,-2.94493525999997],[102.93750514,-2.94493514999994],[102.93751797,-2.94493001999996],[102.93780595,-2.94481482999993],[102.93803302,-2.944724],[102.93906041,-2.94431303999994],[102.93910444,-2.94431359999993],[102.93910917,-2.94431365999999],[102.94042233,-2.94433044999995],[102.94087415,-2.94442466999993],[102.94126838,-2.94450686999995],[102.94147026,-2.94455801999993],[102.94467168,-2.94592676999997],[102.94468809,-2.94592679999994],[102.94515059,-2.94592765999994],[102.94541105,-2.94592813999998],[102.94541929,-2.94593334999997],[102.94544042,-2.94594666999996],[102.945559613,-2.94602187799996],[102.94600439,-2.94630251999996],[102.94639574,-2.94654942999995],[102.94644138,-2.94659164999996],[102.94693086,-2.94704442999995],[102.94787198,-2.94791498999996],[102.94921364,-2.94761102999996],[102.95058414,-2.94730054999997],[102.95230911,-2.94742762999993],[102.95428258,-2.94644012999993],[102.95477821,-2.94495431999997],[102.95662641,-2.94508161999994],[102.95748811,-2.94557877999995],[102.95749833,-2.94557626999994],[102.95784262,-2.94549146999999],[102.95804139,-2.94544250999996],[102.95804945,-2.94544052099996],[102.958536579,-2.94532053799997],[102.95909144,-2.94518386999994],[102.959791561,-2.94561881899996],[102.95982065,-2.94563688999995],[102.96013013,-2.94558162999994],[102.96082374,-2.94545777999998],[102.9608891,-2.94544610999999],[102.96130001,-2.94478779999998],[102.962541499,-2.94572612799994],[102.96292666,-2.94661064999997],[102.96292443,-2.94783698999994],[102.96227259,-2.94873464999995],[102.96193838,-2.94917767999993],[102.96087184,-2.94953292999998],[102.96086452,-2.94954488999997],[102.96054912,-2.95006096999993],[102.96026306,-2.95052901999998],[102.96061799,-2.95072979999998],[102.96136212,-2.95115073999995],[102.96136757,-2.95115381999995],[102.96181384,-2.95121213999995],[102.96181388,-2.95121214999996],[102.96181392,-2.95121214999996],[102.96253606,-2.95130651999995],[102.96311869,-2.95138265999998],[102.96312464,-2.95138596999993],[102.96313501,-2.95139171999995],[102.96333002,-2.95150002999998],[102.96368682,-2.95169817999994],[102.96400676,-2.95188276999994],[102.96411927,-2.95301630999995],[102.96369057,-2.95366026999995],[102.96339508,-2.95406225999994],[102.96315729,-2.95456786999995],[102.9631407,-2.95469301999998],[102.96288995,-2.95643490999993],[102.96286266,-2.95659933999997],[102.96276879,-2.95716489999996],[102.96276764,-2.95717182999994],[102.963431068,-2.95845332099999],[102.96350616,-2.95855575999997],[102.96364573,-2.95874613999997],[102.96829062,-2.96508254999998],[102.97061247,-2.96824991999995],[102.97090386,-2.96864741999997],[102.97092211,-2.96868365999996],[102.97092378,-2.96868593999995],[102.97094055,-2.96870887999995],[102.97112563,-2.96908274999993],[102.97126608,-2.96936645999996],[102.9713053,-2.96944568999993],[102.97130713,-2.96944795999997],[102.973500386,-2.97216104499995],[102.97507985,-2.97411485999993],[102.97647141,-2.97605553999995],[102.98177477,-2.98345162999993],[102.98196786,-2.98370215999995],[102.98262701,-2.98455740999998],[102.98403109,-2.98619222999998],[102.98413389,-2.98631191999993],[102.98421013,-2.98640068999992],[102.984695955,-2.98721812999998],[102.98494011,-2.98762893999998],[102.986368023,-2.98952361999995],[102.99068556,-2.99525250999995],[102.99151424,-2.99635207999996],[102.99311349,-2.99843669999997],[102.99313528,-2.99846534999995],[102.99321918,-2.99857565999997],[102.99325339,-2.99861914999997],[102.99325645,-2.99862303999994],[102.99459026,-3.00031879999995],[102.99596488,-3.00206643999996],[102.99630191,-3.00249491999996],[102.99630159,-3.002495],[102.99629921,-3.00249554999994],[102.99376843,-3.00308313999995],[102.99376837,-3.00308314999995],[102.99324363,-3.00320498999998],[102.99299673,-3.00326230999997],[102.99259895,-3.00392604999997],[102.99259894,-3.00392607999993],[102.9921469,-3.00468034999994],[102.99204343,-3.00485300999998],[102.99175928,-3.00530222999993],[102.99132291,-3.00599208999995],[102.99129236,-3.00604306999998],[102.99124413,-3.00612354999993],[102.9904651,-3.00757163999999],[102.99029472,-3.00788834999998],[102.98933583,-3.00911061999995],[102.98933565,-3.00911084999996],[102.98933563,-3.00911087999998],[102.98882487,-3.00976192999997],[102.9888044,-3.00978802999993],[102.98784758,-3.00999989999997],[102.98784755,-3.00999989999997],[102.98758739,-3.01005754999994],[102.98757584,-3.01006609999996],[102.9856688,-3.01147769499995],[102.98453644,-3.01231586999996],[102.9844743,-3.01236186999995],[102.98408706,-3.01270123999996],[102.98408702,-3.01270127999994],[102.98230812,-3.01426026999997],[102.982206586,-3.01451661499994],[102.97980551,-3.02057864999995],[102.97823735,-3.02453778999996],[102.97765394,-3.02601073999995],[102.97687602,-3.02797477999997],[102.97651263,-3.02803760999996],[102.97396898,-3.02847741999995],[102.97392262,-3.02848542999993],[102.97377667,-3.02851066999996],[102.97376613,-3.02851248999997],[102.972578241,-3.03003026199997],[102.969880614,-3.03347703099996],[102.96983688,-3.03353290999996],[102.969842485,-3.03354335799997],[102.969842504,-3.03354339399993],[102.96985269,-3.03356237999998],[102.96985276,-3.03356251999997],[102.96996889,-3.03377900999993],[102.97333911,-3.04006209999994],[102.97334279,-3.04012316999995],[102.973347009,-3.04019312899993],[102.97337269,-3.04061901999995],[102.973412607,-3.04128103999995],[102.97359703,-3.04433967999995],[102.97360133,-3.04441097999995],[102.97360063,-3.04478491999994],[102.973596,-3.04725631999997],[102.973595422,-3.04756537099997],[102.97358759,-3.05174885999999],[102.97360485,-3.05181880999993],[102.97361869,-3.05187491299995],[102.9736569,-3.05202980999997],[102.97365691,-3.05202983999994],[102.97365958,-3.05204066999994],[102.97393891,-3.05317297999994],[102.97393893,-3.05317302999993],[102.97412162,-3.05393827999995],[102.97413227,-3.05422398999997],[102.97417139,-3.05527308999995],[102.9741714,-3.05527323999996],[102.97424418,-3.05735547999996],[102.97424904,-3.05735547999996],[102.974249542,-3.05736896099996],[102.97425287,-3.05745831999997],[102.97425865,-3.05761352999996],[102.97426258,-3.05771905999996],[102.97451045,-3.05845411999997],[102.97454869,-3.05856752999995],[102.97456803,-3.05862489999993],[102.97478975,-3.05928242999994],[102.97515229,-3.06082997999993],[102.9751523,-3.06083000999996],[102.97537472,-3.06177941999994],[102.975381816,-3.06180971099996],[102.97544929,-3.06209772999996],[102.97561167,-3.06279085999995],[102.975681703,-3.06348421399997],[102.97576874,-3.06434590999993],[102.97576874,-3.06434594999996],[102.97589387,-3.06575923999998],[102.97590488,-3.06588361999997],[102.97590763,-3.06588234999992],[102.97590883,-3.06588179999995],[102.97595458,-3.06619670999993],[102.97595819,-3.06622154999997],[102.97599289,-3.06656513999997],[102.97602739,-3.06656848599995],[102.97632403,-3.06659725999998],[102.97639749,-3.06660511999996],[102.97645057,-3.06661079999998],[102.97744626,-3.06670803999998],[102.980158443,-3.06697289799996],[102.98028288,-3.06698504999998],[102.98077949,-3.06703353999996],[102.98155891,-3.06710965999998],[102.98595334,-3.06753878999997],[102.9861206,-3.06764564999998],[102.98621464,-3.06770572999995],[102.98739914,-3.06851757999994],[102.991827974,-3.07155311199995],[102.9922082,-3.07181371999997],[102.99422533,-3.07319625999998],[102.994227665,-3.07319661199995],[102.99422743,-3.07332221999997],[102.99422743,-3.07332224999994],[102.99422743,-3.07332228999997],[102.994225482,-3.07436425099997],[102.9942237,-3.07531738999995],[102.99421937,-3.07763462999998],[102.994230495,-3.07772260599996],[102.9943198,-3.07842879999993],[102.994404839,-3.07910130099998],[102.994230829,-3.07972065899998],[102.994207743,-3.08024395199994],[102.994134635,-3.08079417899995],[102.994128864,-3.08150408699993],[102.994488432,-3.08272807299995],[102.99444652,-3.08322243999993],[102.994421761,-3.08351443799996],[102.994391441,-3.08351304399997],[102.99439785,-3.08356322999993],[102.99440887,-3.08364955999998],[102.99446582,-3.08409548999993],[102.99436427,-3.08454816999996],[102.99432883,-3.08468953999995],[102.99413009,-3.08470342999993],[102.99407304,-3.08470741999997],[102.99391613,-3.08473714999997],[102.99368358,-3.08478121999997],[102.993402228,-3.08410614099996],[102.993296481,-3.08348217199995],[102.992998464,-3.08312698999993],[102.99269037,-3.08316566999998],[102.991848457,-3.08319058699993],[102.991742709,-3.08354576899996],[102.991574474,-3.08364656399994],[102.990983248,-3.08384335399995],[102.990613131,-3.08380975599994],[102.990085593,-3.08367656299993],[102.989407846,-3.08337417799993],[102.989106225,-3.08355776899999],[102.987409454,-3.08467131199996],[102.987085,-3.08459211599996],[102.98699723,-3.08439752999993],[102.986869667,-3.08424986899996],[102.9871076,-3.08365709899994],[102.986819197,-3.08326831799997],[102.986819197,-3.08293233499996],[102.986636541,-3.08262514999996],[102.986355348,-3.08253155499994],[102.986129433,-3.08267554799995],[102.986101049,-3.08269289699997],[102.985732878,-3.08291793599995],[102.985141652,-3.08274034499994],[102.984769132,-3.08275234399997],[102.984437468,-3.08337151299999],[102.984432661,-3.08459545099993],[102.984626132,-3.08483663899995],[102.984433863,-3.08495663199995],[102.984312395,-3.08494318399994],[102.983473721,-3.08482823899994],[102.983300679,-3.08503942799996],[102.983435268,-3.08544260699995],[102.983190125,-3.08566819499993],[102.982901722,-3.08544740699995],[102.982553465,-3.08537656799996],[102.982382596,-3.08534181199998],[102.982093967,-3.08548995799993],[102.981353959,-3.08586978499995],[102.981377992,-3.08598977799994],[102.981796177,-3.08686813199995],[102.981224178,-3.08723771199993],[102.981070363,-3.08767928799995],[102.981238598,-3.08793847399995],[102.981731286,-3.08814726199995],[102.981827421,-3.08924160199996],[102.980864254,-3.08945313399994],[102.98018833,-3.08960158199994],[102.979933574,-3.09022074699994],[102.979320686,-3.09056597599994],[102.97900041,-3.09004527999997],[102.97892796,-3.08992387999995],[102.97887257,-3.08983107999995],[102.978804,-3.08970167999996],[102.978385393,-3.08900127299995],[102.976497735,-3.08767383799995],[102.975622606,-3.08721836199994],[102.975169689,-3.08654538299993],[102.975059658,-3.08592869799998],[102.975678901,-3.08517895399996],[102.975494063,-3.08299975799998],[102.975421291,-3.08190947899994],[102.97452841,-3.08227646299998],[102.9737473,-3.08252020999993],[102.973219793,-3.08263799099996],[102.97266502,-3.08317133999998],[102.97259311,-3.08323884999994],[102.9723715,-3.08344690999997],[102.97221351,-3.08354274999993],[102.972151876,-3.08358014099998],[102.969745153,-3.08521940399994],[102.96957213,-3.08531063399995],[102.968385088,-3.08593652899998],[102.968380262,-3.08593907399996],[102.966878788,-3.08521422399997],[102.96685672,-3.08521388999998],[102.96684661,-3.08521372999996],[102.96684481,-3.08521370999995],[102.96671766,-3.08556312999997],[102.96639987,-3.08643643999995],[102.96635245,-3.08655263999999],[102.96622868,-3.08685589999994],[102.966126691,-3.08843509799994],[102.966628227,-3.08960705399994],[102.966664051,-3.08989876399994],[102.966664051,-3.09023653299994],[102.966142045,-3.09046171199998],[102.965522801,-3.09077389199996],[102.964878082,-3.09120515699993],[102.9648885,-3.09124747899995],[102.964676165,-3.09275312899997],[102.963825551,-3.09300299699993],[102.965138,-3.09524998999997],[102.96513814,-3.09525022999998],[102.965267532,-3.09547391299998],[102.965332524,-3.09661422899996],[102.963316472,-3.09605659699997],[102.962827638,-3.09592138799997],[102.962758087,-3.09769589699994],[102.962757324,-3.09771537499995],[102.962205048,-3.09776874299997],[102.961990706,-3.09778945599993],[102.960135081,-3.09777019499996],[102.958933798,-3.09778245299999],[102.958919088,-3.09778260299993],[102.956958608,-3.09737313599993],[102.956844381,-3.09739285399997],[102.956631162,-3.09742965899995],[102.956460007,-3.09745920399997],[102.956361623,-3.09747618699993],[102.956400012,-3.09765693199995],[102.95640048,-3.09765913399997],[102.954915385,-3.09861279499996],[102.954904189,-3.09861998499997],[102.95476793,-3.09876327999996],[102.954569258,-3.09773196699997],[102.954568943,-3.09773196399994],[102.954568925,-3.09773198299996],[102.95016894,-3.09788342999998],[102.95015555,-3.09787870999998],[102.95014207,-3.09787395999996],[102.95013987,-3.09788144999993],[102.95013858,-3.09788586999997],[102.95013839,-3.09788650999997],[102.95014291,-3.09789101999997],[102.94992576,-3.09861215999996],[102.94936267,-3.10053384999998],[102.94925207,-3.10086526999993],[102.94875898,-3.10234273999993],[102.94863327,-3.10288551999998],[102.94845636,-3.10364941999996],[102.94841052,-3.10373458999993],[102.94813275,-3.10425074999996],[102.94810498,-3.10430235999996],[102.94810584,-3.10430345999993],[102.94810615,-3.10430385999995],[102.94814672,-3.10435544999996],[102.94863391,-3.10497498999996],[102.94863393,-3.10497501999993],[102.94917176,-3.10565894999996],[102.94935235,-3.10588859999996],[102.94938181,-3.10590151999998],[102.95004131,-3.10619074999994],[102.95067669,-3.10646939999999],[102.95172546,-3.10701082999997],[102.95180096,-3.10704979999997],[102.95184244,-3.107066],[102.95290052,-3.10747931999993],[102.95294978,-3.10750339999993],[102.953131108,-3.10759203399993],[102.95315434,-3.10760338999996],[102.95359119,-3.10781692999995],[102.953612232,-3.10782721699997],[102.95367506,-3.10785792999996],[102.9543769,-3.10817704999994],[102.95467454,-3.10831238999999],[102.95518516,-3.10848876999995],[102.95530868,-3.10853143999998],[102.95540764,-3.10856561999998],[102.95569922,-3.10866633999996],[102.955814005,-3.10883287999997],[102.95584785,-3.10884416999995],[102.95588315,-3.10885595999998],[102.955908408,-3.10887558499996],[102.9557211,-3.10961228999998],[102.9552108,-3.11161936999997],[102.95520507,-3.11161992999997],[102.95520368,-3.11162006999996],[102.95520166,-3.11162026999995],[102.95519751,-3.11162067999994],[102.95408003,-3.11173080999992],[102.952885533,-3.11184852999998],[102.952881947,-3.11184888299993],[102.95287924,-3.11184914999996],[102.95288899,-3.11274962999994],[102.95289933,-3.11370445399996],[102.951425757,-3.11602533199995],[102.951222158,-3.11619521199998],[102.950711666,-3.11781519799996],[102.95039949,-3.11817868999999],[102.95032081,-3.11824461099996],[102.949967576,-3.11841816699996],[102.948913449,-3.11860205199998],[102.948575615,-3.11869826999993],[102.948574894,-3.11869854699995],[102.948575141,-3.11869875299994],[102.94993191,-3.11983139999996],[102.94962712,-3.11980015999995],[102.949064,-3.11974243999993],[102.94843558,-3.11960578999998],[102.94787376,-3.11948361999993],[102.94782785,-3.11947362999996],[102.947711595,-3.11954375699998],[102.94737806,-3.11974494999993],[102.94587944,-3.12064894999998]]]]},"properties":{"gid":1480,"luas":null,"idkec":"1605032","kdkab":"05","kdkec":"032","nmkab":"MUSI RAWAS","nmkec":"SUMBER HARTA","kdprov":"16","nmprov":"SUMATERA SELATAN","sumber":null,"periode":"2025_1"}},{"id":1481,"type":"Feature","geometry":{"type":"MultiPolygon","coordinates":[[[[102.80702451,-3.20315504999997],[102.80861145,-3.20515591999993],[102.80910506,-3.20850949999994],[102.80911108,-3.20855044999996],[102.80911128,-3.20855176999994],[102.80915382,-3.20884080999998],[102.80953228,-3.21141209999996],[102.80958159,-3.21174713999995],[102.8100392,-3.21485617999998],[102.8102593,-3.21571923999995],[102.81089508,-3.21811113999997],[102.81124793,-3.21943861999995],[102.81174068,-3.22129239999993],[102.81057711,-3.22281364999998],[102.81019777,-3.22330959999993],[102.80857955,-3.22542524999995],[102.80801288,-3.22998101999997],[102.80781455,-3.23160292999995],[102.80781132,-3.23161492999998],[102.80780821,-3.23162645999998],[102.81104748,-3.23351596999993],[102.81602044,-3.23641673999993],[102.812116237,-3.24021932899995],[102.81055953,-3.24173551999996],[102.81009114,-3.24219171999994],[102.80422225,-3.24790771999994],[102.803841162,-3.24827886799995],[102.803727707,-3.24822762999997],[102.802515227,-3.24768005799997],[102.80245969,-3.24767851499996],[102.801721894,-3.24765802099995],[102.800601305,-3.24762689399995],[102.79957878,-3.24759849099996],[102.798771078,-3.24768262599998],[102.796127053,-3.24795804499996],[102.79603433,-3.24796770399996],[102.795663517,-3.24800632999996],[102.795533144,-3.24803003399995],[102.792074526,-3.24865887399994],[102.790554808,-3.24915175599995],[102.789309238,-3.24955572499994],[102.789056511,-3.24963768999993],[102.784651841,-3.25143218499995],[102.784565459,-3.25150622699993],[102.782938913,-3.25290040899995],[102.78197924,-3.25433991799997],[102.781144418,-3.25559215199997],[102.780266429,-3.25851877999998],[102.78022375,-3.25852344999993],[102.77993664,-3.25841779999996],[102.77964873,-3.25831184999994],[102.77912648,-3.25789001999993],[102.77860694,-3.25814966999996],[102.77808844,-3.25863423999993],[102.77917644,-3.25968943999994],[102.77923256,-3.25974385999996],[102.7792298,-3.26100102999994],[102.77922941,-3.26117840999997],[102.77922581,-3.26281886999993],[102.77922446,-3.26343269999996],[102.77964734,-3.26471607999997],[102.77971516,-3.26492189999994],[102.77990022,-3.26548356999996],[102.77989452,-3.26554140999996],[102.77978642,-3.26663786999996],[102.77969149,-3.26760077999996],[102.77898666,-3.26794887999994],[102.77895938,-3.26808441999998],[102.77894144,-3.26817355999999],[102.77862291,-3.26846456999994],[102.77862262,-3.26846482999998],[102.77859574,-3.26848928999993],[102.77811583,-3.26872912999995],[102.77772287,-3.26868874999996],[102.77768386,-3.26868473999997],[102.7776661,-3.26868293999997],[102.77761176,-3.26868463999996],[102.77747982,-3.26868875999997],[102.77721765,-3.26869695999995],[102.7766171,-3.26896317999996],[102.77654141,-3.26899679999997],[102.77651783,-3.26902428999994],[102.776498779,-3.26904650599994],[102.7762708,-3.26931236999997],[102.7758506,-3.26952256999993],[102.7755377,-3.26958473999997],[102.77552399,-3.26958746999998],[102.77532532,-3.26962707999996],[102.77485111,-3.26982838999993],[102.7747258,-3.26988158999996],[102.77402466,-3.26989411999995],[102.77397149,-3.26989401999998],[102.77363366,-3.26982698999996],[102.77336206,-3.26977308999995],[102.77333141,-3.26966438999995],[102.7732435,-3.26935250999998],[102.77325499,-3.26913270999996],[102.77326063,-3.26902943999994],[102.77327432,-3.26877860999998],[102.77322381,-3.26870613999995],[102.77299043,-3.26837121999995],[102.77285668,-3.26834035999996],[102.77266084,-3.26829515999998],[102.77221458,-3.26797162999998],[102.77207625,-3.26787203999992],[102.77179182,-3.26787187999997],[102.77146069,-3.26813115999995],[102.77130334,-3.26825435999996],[102.77115729,-3.26836871999996],[102.77097394,-3.26851227999993],[102.77070853,-3.26872008999993],[102.7705009,-3.26888266999993],[102.77046886,-3.26890774999993],[102.77046884,-3.26890776999994],[102.77038053,-3.26897885999994],[102.77029129,-3.26905440999997],[102.77018617,-3.26914340999997],[102.77004803,-3.26926035999998],[102.77002063,-3.26928355999996],[102.76984233,-3.26935477999996],[102.76970417,-3.26940996999998],[102.76942141,-3.26952290999999],[102.76913478,-3.26956754999999],[102.76906934,-3.26954714999994],[102.76894094,-3.26950712999997],[102.76876145,-3.26928563999996],[102.76870906,-3.26922098999996],[102.76853702,-3.26900867999996],[102.76840361,-3.26884405999994],[102.76786315,-3.26887200000001],[102.76760624,-3.26905702999995],[102.76758463,-3.26907259999996],[102.7674907,-3.26914024999997],[102.76710922,-3.26932224999997],[102.76702491,-3.26932206999993],[102.76685791,-3.26932168999997],[102.7665391,-3.26913866999997],[102.76603827,-3.26896520999999],[102.76577066,-3.26887958999993],[102.76551183,-3.26879890999994],[102.76539499,-3.26876248999998],[102.76494203,-3.26874498999996],[102.76449571,-3.26882775999997],[102.76445883,-3.26883588999994],[102.76443474,-3.26885596999995],[102.76418961,-3.26906035999998],[102.76401029,-3.26920986999994],[102.76391746,-3.26955338999995],[102.76390482,-3.26960013999996],[102.76403559,-3.27029024999996],[102.76408184,-3.27053333999993],[102.76422582,-3.27090187999994],[102.76429385,-3.27107543999995],[102.76440301,-3.27135391999997],[102.7644273,-3.27141300999995],[102.76478907,-3.27186196999997],[102.76514259,-3.27230070999997],[102.7654773,-3.27251458999996],[102.765876,-3.27276935999993],[102.76601008,-3.27307202999998],[102.76600184,-3.27312905999998],[102.76596466,-3.27338653999994],[102.76575382,-3.27379349999995],[102.76509517,-3.27406936999996],[102.76492122,-3.27414223999995],[102.76483075,-3.27418012999994],[102.76472729,-3.27421916999998],[102.7645853,-3.27427232999998],[102.76458499,-3.27427244999996],[102.764343,-3.27436329999995],[102.7641688,-3.27450530999995],[102.76412917,-3.27453761999993],[102.76393876,-3.27469284999995],[102.76386267,-3.27494925999997],[102.7640701,-3.27542117999997],[102.76410128,-3.27549212999999],[102.76380748,-3.27560737999993],[102.76370257,-3.27564852999996],[102.76368023,-3.27565741999996],[102.76364787,-3.27567444999995],[102.76349767,-3.27575347999994],[102.76317495,-3.27592326999997],[102.76311099,-3.27595691999995],[102.76302722,-3.27607795999996],[102.76297575,-3.27615231999993],[102.76295993,-3.27649800999996],[102.76273834,-3.27685342999996],[102.76273136,-3.27686273999996],[102.76271076,-3.27688240999994],[102.76260448,-3.27698390999995],[102.7624038,-3.27717558999996],[102.76240095,-3.27717571999995],[102.76212386,-3.27718878999997],[102.76212319,-3.27718881999994],[102.76208481,-3.27719063999996],[102.76148939,-3.27721872999996],[102.76115917,-3.27742888999996],[102.7607092,-3.27756346999996],[102.76070381,-3.27756224999996],[102.76057437,-3.27753302999998],[102.76044281,-3.27755751999997],[102.76033445,-3.27757768999993],[102.76015474,-3.27786225999995],[102.76015395,-3.27786350999998],[102.76016823,-3.27817990999995],[102.75994744,-3.27841244999996],[102.75988277,-3.27848055999994],[102.75972299,-3.27853368999997],[102.75965777,-3.27855537999994],[102.75854679,-3.27936637999994],[102.75852026,-3.27940688999997],[102.75826103,-3.27980261999995],[102.75823045,-3.28007371999996],[102.75840971,-3.28034528999996],[102.75840709,-3.28035700999993],[102.75834915,-3.28061631999998],[102.75783896,-3.28087126999998],[102.75760837,-3.28084498999994],[102.7572995,-3.28080979999993],[102.75690645,-3.28080890999997],[102.75656505,-3.28080813999998],[102.75645024,-3.28087479999995],[102.75609979,-3.28107825999997],[102.75611415,-3.28136451999995],[102.7558588,-3.28160497999995],[102.75570558,-3.28171445999994],[102.75554353,-3.28183024999993],[102.7554504,-3.28184389999995],[102.7551387,-3.28188958999993],[102.7547787,-3.28200929999998],[102.75449337,-3.28224968999995],[102.75440712,-3.28257895999997],[102.75440267,-3.28259597999995],[102.7543027,-3.28268527999996],[102.75398214,-3.28297164999998],[102.75347495,-3.28323007999996],[102.75321684,-3.28336159999998],[102.76046324,-3.28367788999999],[102.76052948,-3.28368077999994],[102.75989566,-3.28526306999994],[102.75982552,-3.28543813999994],[102.75969163,-3.28586948999993],[102.75912814,-3.28768479999996],[102.75904211,-3.28796194999996],[102.75897656,-3.28817308999993],[102.7589638,-3.28821418999997],[102.75712529,-3.29017367999996],[102.75592933,-3.29144831999997],[102.75581474,-3.29150778999997],[102.7539848,-3.29245750999997],[102.75250324,-3.29322640999994],[102.75232572,-3.29338625999999],[102.75065413,-3.29489144999997],[102.75052495,-3.29500776999993],[102.74999729,-3.29553570999997],[102.74860964,-3.29804595999997],[102.74749559,-3.30101131999993],[102.74582893,-3.30544753999993],[102.745376188,-3.31147762099994],[102.74522945,-3.31184845999996],[102.74522208,-3.31192712999996],[102.74522199,-3.31192805999996],[102.74376577,-3.31562867999997],[102.74373635,-3.31563097999999],[102.743674681,-3.31578390399994],[102.740887578,-3.31590004899994],[102.74057371,-3.31587796999998],[102.74047466,-3.31588569999997],[102.73396051,-3.31540774999997],[102.730971525,-3.31540086999996],[102.72648054,-3.31555309999993],[102.72487499,-3.31704033999995],[102.72197845,-3.31743048999993],[102.72166598,-3.31744720999996],[102.72079397,-3.31759668999996],[102.716146253,-3.31771586899993],[102.71375122,-3.31787439999995],[102.71327416,-3.31787328999997],[102.71164533,-3.31786950999998],[102.70749784,-3.31852125999996],[102.70591751,-3.31891441999995],[102.7030233,-3.31831240999998],[102.70111607,-3.31777883999997],[102.699922739,-3.31777604999997],[102.69893159,-3.31782324999995],[102.69643951,-3.31906928999996],[102.69635627,-3.31906616999993],[102.69633091,-3.31907915999995],[102.69630899,-3.31909038999993],[102.69625378,-3.31908767999995],[102.694066231,-3.31898029099996],[102.687593199,-3.31873754999998],[102.68268424,-3.32011662999997],[102.680503047,-3.32072109099995],[102.67525679,-3.32224102999994],[102.674212657,-3.32383209999995],[102.67391557,-3.32436656999994],[102.67378967,-3.32459306999994],[102.6710705,-3.32864481999997],[102.67042167,-3.32961160999997],[102.668943511,-3.33023152799996],[102.66574156,-3.33175625999996],[102.6612815,-3.33344479999993],[102.66126451,-3.33345753999994],[102.658979774,-3.33517116699995],[102.6578122,-3.33651387999993],[102.6544139,-3.33696698999995],[102.652022425,-3.33806023299997],[102.65018195,-3.33923110999997],[102.647105388,-3.34299177599997],[102.642450512,-3.34885570699993],[102.64245035,-3.34885591999996],[102.64180241,-3.34970633999996],[102.64175246,-3.34973507999996],[102.64152291,-3.34986715999997],[102.63649314,-3.35276135999994],[102.63627035,-3.35243984999994],[102.63617638,-3.35248586999996],[102.636008439,-3.35247645599999],[102.635115403,-3.35069038499995],[102.633460756,-3.34494436499995],[102.633460923,-3.34494424799994],[102.63298104,-3.34338776999995],[102.628765,-3.34117774999993],[102.62864861,-3.34111673999996],[102.62727524,-3.34091035999996],[102.6245913,-3.34050701999997],[102.62318809,-3.34029614999997],[102.6206179,-3.33899679999997],[102.62062026,-3.33915964999994],[102.62060131,-3.33915372999997],[102.6172276,-3.33809864999996],[102.61538671,-3.33752292999997],[102.61450084,-3.33724587999996],[102.61284297,-3.33513492999999],[102.61243756,-3.33461871999998],[102.6112118,-3.33415334999995],[102.610128,-3.33374186999993],[102.60986937,-3.33364366999996],[102.6097421,-3.33364335999994],[102.60221232,-3.33362495999995],[102.5986825,-3.33361631999998],[102.59765946,-3.33361380999998],[102.59744596,-3.33358943999998],[102.59621394,-3.33344879999993],[102.59614755,-3.33341827999993],[102.5909182,-3.33101386999994],[102.58418252,-3.32615347999996],[102.58354845,-3.32538117999998],[102.57878888,-3.31958402999993],[102.57873647,-3.31952019999994],[102.57869303,-3.31949616999998],[102.57510504,-3.31751155999996],[102.5702334,-3.31481691999994],[102.56895767,-3.31093874999994],[102.56869415,-3.31081572999995],[102.56607586,-3.30959335999995],[102.56478553,-3.30899095999996],[102.56301185,-3.30671694999996],[102.56122273,-3.30442312999998],[102.56062171,-3.30365255999993],[102.56015081,-3.29913057999995],[102.56080638,-3.29380406999997],[102.56037332,-3.29369412999994],[102.55968366,-3.29351903999998],[102.55952201,-3.293478],[102.55710839,-3.29508662999996],[102.55389708,-3.29443287999994],[102.55250289,-3.29491640999993],[102.5504501,-3.29562835999996],[102.5501991,-3.29571540999996],[102.54910171,-3.29559856999992],[102.54849497,-3.29553395999995],[102.54554161,-3.29521950999992],[102.54461337,-3.29451621999994],[102.54297607,-3.29327568999998],[102.54100156,-3.29061606999994],[102.54013803,-3.28945290999998],[102.53961366,-3.28874658999996],[102.53787802,-3.28858366999998],[102.53608034,-3.28841491999999],[102.53474445,-3.28859673999995],[102.53150917,-3.28903704999994],[102.53142016,-3.28904916999994],[102.52837316,-3.28694267999993],[102.52459325,-3.27849756999995],[102.52453887,-3.27837608999995],[102.52052928,-3.27578285999994],[102.51866887,-3.27551100999994],[102.51686223,-3.27524701999994],[102.51431282,-3.27487448999995],[102.5115368,-3.27446883999995],[102.50833805,-3.26881003999995],[102.50221115,-3.26577487999999],[102.50047655,-3.26491557999998],[102.49832707,-3.26317842999992],[102.49807185,-3.26297216999996],[102.49808303,-3.25845048999998],[102.49808383,-3.25812867999998],[102.49754425,-3.25626771999993],[102.49728745,-3.25538202999997],[102.49424184,-3.25279122999997],[102.49280016,-3.25117312999993],[102.4930177,-3.24924877999996],[102.49312859,-3.24826784999994],[102.49303773,-3.24775834999998],[102.49249484,-3.24471436999994],[102.49195476,-3.24428361999999],[102.4904153,-3.24305581999995],[102.48944887,-3.24228502999995],[102.48958306,-3.24109795999994],[102.48977729,-3.23937975999997],[102.48979056,-3.23936382999995],[102.49461042,-3.23357956999996],[102.49489774,-3.229403],[102.49494356,-3.22873688999994],[102.49857683,-3.22422248999994],[102.50026043,-3.22213055999993],[102.50400924,-3.21978835999994],[102.50412138,-3.21971829999996],[102.50573864,-3.21520162999997],[102.50269774,-3.21067351999995],[102.50179603,-3.21048994999996],[102.49948682,-3.21001982999997],[102.49529223,-3.20867705999996],[102.49033835,-3.20709120999993],[102.48851663,-3.20576191999993],[102.48745226,-3.20498524999994],[102.48744483,-3.20492941999993],[102.48697906,-3.20143218999993],[102.48920025,-3.19847049999993],[102.49036312,-3.19691992999998],[102.49139673,-3.19340212999993],[102.49230664,-3.19030524999993],[102.4917945,-3.18828288999993],[102.49087476,-3.18465100000001],[102.49072157,-3.18158306999994],[102.49071358,-3.18139680999997],[102.49439116,-3.18329689999996],[102.49959887,-3.18485030999995],[102.50049202,-3.18493800999994],[102.50681144,-3.18555848999996],[102.50953275,-3.18556510999997],[102.51047721,-3.18563061999993],[102.52004728,-3.18559059999997],[102.52536251,-3.18560344999998],[102.52539912,-3.18556817999997],[102.52786003,-3.18319758999997],[102.53465671,-3.17665022999995],[102.54236909,-3.17635808999995],[102.54272761,-3.17634450999997],[102.54295118,-3.17605572999998],[102.54300049,-3.17578100000001],[102.54704085,-3.17080668999995],[102.55046171,-3.16757450999996],[102.55349293,-3.16467506999993],[102.55408427,-3.16410943999996],[102.56152362,-3.15598240999999],[102.56153525,-3.15596970999997],[102.5615508,-3.15595271999996],[102.56263855,-3.15542532999996],[102.56695727,-3.15333140999996],[102.56764745,-3.15299676999996],[102.56776245,-3.15294100999995],[102.5691197,-3.15242745999996],[102.57008398,-3.15206259999997],[102.57760414,-3.14892562999996],[102.58106417,-3.14748228999998],[102.58193892,-3.14682176999998],[102.58413863,-3.14516075999996],[102.58605704,-3.14342505999997],[102.58677387,-3.14277648999997],[102.5916679,-3.13781971999993],[102.59170666,-3.13754843999993],[102.59173196,-3.13752212999998],[102.59171193,-3.13751151999998],[102.59173065,-3.13738050999996],[102.591731374,-3.13738041599993],[102.5944041,-3.13703179999993],[102.59491116,-3.13714811999996],[102.59592639,-3.13738102999997],[102.59861878,-3.13799868999996],[102.59921926,-3.13813644999993],[102.59929339,-3.13815344999995],[102.59931391,-3.13815815999993],[102.6008039,-3.13793125999996],[102.60213112,-3.13775939999993],[102.6058131,-3.13735672999997],[102.61150013,-3.13655338999997],[102.61188904,-3.13651705999996],[102.61491199,-3.13623464999995],[102.61899816,-3.13533168999994],[102.62076259,-3.13494177999997],[102.62465514,-3.13408156999998],[102.62653278,-3.13366662999994],[102.6266132,-3.13364885999994],[102.62807511,-3.13365218999996],[102.63246271,-3.13284574999995],[102.63326151,-3.13271378999997],[102.63597075,-3.13226620999996],[102.63733763,-3.13204038999993],[102.63959958,-3.13177272999996],[102.64138935,-3.13156094999994],[102.64139964,-3.13155972999994],[102.6418572,-3.13156076999997],[102.64409266,-3.13156581999994],[102.64448594,-3.13156670999996],[102.64491989,-3.13143355999995],[102.64659908,-3.13091833999994],[102.64806174,-3.13059506999998],[102.6511466,-3.13125515999997],[102.65138673,-3.13129960999993],[102.65212603,-3.13143644999997],[102.65409815,-3.13185903999993],[102.65955687,-3.13311391999998],[102.66040123,-3.13293615999993],[102.66248525,-3.13259181999996],[102.66251439,-3.132587],[102.66260952,-3.13258720999994],[102.66475612,-3.13259201999995],[102.66478855,-3.13259209999995],[102.66483395,-3.13258432999993],[102.66835498,-3.13198219999993],[102.66947042,-3.13179629999997],[102.6724799,-3.13346824999997],[102.67501723,-3.134901],[102.67608548,-3.13547135999994],[102.67608551,-3.13547136999995],[102.68358781,-3.13963928999993],[102.68898099,-3.13970057999995],[102.69292314,-3.14010568999994],[102.69352418,-3.14016744999999],[102.69375563,-3.14018911999994],[102.69566696,-3.14036804999995],[102.69714051,-3.14051770999992],[102.69719331,-3.14053034999995],[102.69724243,-3.14054486999993],[102.69724248,-3.14054487999994],[102.70099341,-3.14165361999994],[102.70100585,-3.14168886999994],[102.70101492,-3.14168643999994],[102.70109537,-3.14166485999994],[102.70148972,-3.14155906999997],[102.71121168,-3.13895096999994],[102.71098214,-3.13850913999994],[102.71094645,-3.13844043999996],[102.7109432,-3.13843416999992],[102.7110363,-3.13843436999997],[102.71121037,-3.13843475999994],[102.71132064,-3.13841125999994],[102.71137402,-3.13839987999995],[102.71516383,-3.13759224999996],[102.71746955,-3.13719227999997],[102.717549269,-3.13717095999994],[102.72286553,-3.13574916999994],[102.72389569,-3.13537455999995],[102.7247731,-3.13512737999998],[102.72484336,-3.13510757999996],[102.72591295,-3.13470242999996],[102.72872054,-3.13363892999996],[102.73233083,-3.13203538999995],[102.73295032,-3.13135336999995],[102.73328815,-3.13098143999997],[102.73366987,-3.13056117999997],[102.7341005,-3.13005836999997],[102.73447341,-3.12962293999994],[102.7347924,-3.12828897999999],[102.73513814,-3.12684314999996],[102.73514739,-3.12680444999996],[102.73525031,-3.12559450999993],[102.73527472,-3.12530756999997],[102.73528444,-3.12519333999996],[102.73689437,-3.12197400999998],[102.73692073,-3.12191964999994],[102.73714983,-3.12144726999998],[102.7390412,-3.11754727999995],[102.74131444,-3.11647790999996],[102.741306123,-3.11651378699998],[102.74132446,-3.11650955999995],[102.74181,-3.11626643999995],[102.74299541,-3.11567285999996],[102.74299681,-3.11501932999994],[102.74299927,-3.11386105999998],[102.74300148,-3.11282572999994],[102.7434148,-3.11145144999995],[102.74350486,-3.11115201999997],[102.74359856,-3.11090866999997],[102.74372308,-3.11058528999996],[102.74434252,-3.10897659999994],[102.74437034,-3.10870281999997],[102.74449205,-3.10750519999994],[102.74451268,-3.10730216999997],[102.74453495,-3.10727224999993],[102.74530689,-3.10623497999996],[102.74664549,-3.10450266999993],[102.74665284,-3.104498],[102.74668769,-3.10447581999995],[102.74713453,-3.10419146999993],[102.74951708,-3.10291803999997],[102.75025439,-3.10252394999998],[102.75029071,-3.10250453999993],[102.75025306,-3.10054706999995],[102.75022816,-3.09925193999994],[102.75021104,-3.09914435999997],[102.7493739,-3.09388228999996],[102.74935246,-3.09374753999993],[102.74954011,-3.09180848999996],[102.74962105,-3.09170729999994],[102.75087711,-3.09013717999994],[102.751304195,-3.08960330199995],[102.75193154,-3.08881908999997],[102.75857027,-3.08885394999994],[102.76136005,-3.08886862999999],[102.76136206,-3.08886863999993],[102.76158991,-3.08843192999996],[102.76190542,-3.08782719999994],[102.76211266,-3.08742998999999],[102.76291525,-3.08731658999994],[102.76483655,-3.08704512999998],[102.76531628,-3.08697734999994],[102.7675171,-3.08730802999998],[102.76999397,-3.08768018999996],[102.77184414,-3.08971949899996],[102.77296987,-3.09096030999995],[102.77452033,-3.09266927999994],[102.77611261,-3.09442432999993],[102.77611714,-3.09442293999996],[102.77613035,-3.09441889999995],[102.77715849,-3.09410418999995],[102.7779321,-3.09378794999998],[102.77934879,-3.09402836999993],[102.78065651,-3.094308],[102.78097112,-3.09432766999993],[102.78329667,-3.09395357999996],[102.78375816,-3.09387934999995],[102.78454664,-3.09332697999997],[102.78513143,-3.093165],[102.78596465,-3.09293421999996],[102.78598604,-3.09296301999996],[102.78600613,-3.09299005999998],[102.78643573,-3.09356837999996],[102.78903753,-3.09183259999998],[102.79000826,-3.09152005999994],[102.79147989,-3.09104623999998],[102.79176574,-3.09036061999997],[102.79187552,-3.09009729999997],[102.79196112,-3.09007597999995],[102.79226799,-3.08999953999995],[102.79250571,-3.08994031999993],[102.79376402,-3.09121050999995],[102.79391996,-3.09136792999994],[102.79427246,-3.09071311999998],[102.79441234,-3.09045324999994],[102.7944763,-3.08884773999995],[102.79447645,-3.08877682999998],[102.79447682,-3.08859892999993],[102.79565739,-3.08808586999994],[102.79628931,-3.08781123999996],[102.79833539,-3.08829037999994],[102.79865805,-3.08842090999998],[102.79870083,-3.08843820999993],[102.80014108,-3.08902081999998],[102.80030209,-3.08908594999997],[102.80055313,-3.09180344999993],[102.80065173,-3.09287086999996],[102.80476943,-3.09312295999997],[102.80477535,-3.09312332999997],[102.80478402,-3.09272443999993],[102.80513808,-3.09273873999997],[102.80516341,-3.09273975999997],[102.80516538,-3.09273983999998],[102.8052195,-3.09274202999997],[102.80525252,-3.09266741999995],[102.80535915,-3.09242651999996],[102.80734297,-3.08925179999995],[102.80742663,-3.08917482999993],[102.80742926,-3.08917240999994],[102.80826471,-3.08905014999995],[102.80917157,-3.08891743999994],[102.81040394,-3.08738760999996],[102.81047862,-3.08736417999996],[102.81112696,-3.08716077999997],[102.811816,-3.08694460999994],[102.81258941,-3.086737],[102.81266944,-3.08610397999996],[102.815813015,-3.08588219999996],[102.81587354,-3.08587792999999],[102.81664946,-3.08582318999993],[102.823525439,-3.08533806599996],[102.82530871,-3.08521224999993],[102.825802796,-3.08544236399996],[102.82588938,-3.08548268999994],[102.82827575,-3.08659408999995],[102.83077851,-3.08779527999996],[102.83195485,-3.08835984999997],[102.83494481,-3.08975452999995],[102.83494833,-3.08979897999995],[102.838453585,-3.09141821199996],[102.843990626,-3.09397601699994],[102.86067918,-3.10168519999997],[102.86105965,-3.10186238999996],[102.86109058,-3.10187679999996],[102.86161513,-3.10212108999997],[102.86363151,-3.10306016999994],[102.864412997,-3.10346951599996],[102.8645299,-3.10353074999995],[102.864283398,-3.10349377499995],[102.8640159,-3.10345364999995],[102.864026917,-3.10354178399996],[102.864093,-3.10407044999994],[102.86496679,-3.10910763999993],[102.8654697,-3.11225669999994],[102.8667404,-3.12021350999994],[102.86674245,-3.12022638999998],[102.86709089,-3.12240819999994],[102.867057589,-3.12284107999994],[102.86696602,-3.12403139999998],[102.866982726,-3.12404407499997],[102.86706245,-3.12410455999998],[102.86706098,-3.12411288999993],[102.86695093,-3.12473650999993],[102.86694527,-3.12476859999992],[102.86687968,-3.12549002999998],[102.86687601,-3.12553045999995],[102.8668652,-3.12564930999997],[102.86651948,-3.12564930999997],[102.86651604,-3.12564930999997],[102.86638482,-3.12564930999997],[102.86624793,-3.12544396999994],[102.86609958,-3.12522143999996],[102.86606456,-3.12516891999997],[102.86574275,-3.12541927999997],[102.86415223,-3.12665662999997],[102.86413115,-3.12667302999996],[102.86411967,-3.12668195999993],[102.86407849,-3.12667931999994],[102.86371163,-3.12665580999993],[102.86362261,-3.12665010999996],[102.86366712,-3.12680589999997],[102.86386282,-3.12749082999994],[102.86406944,-3.12821401999998],[102.86410185,-3.12832745999999],[102.86410299,-3.12833144999997],[102.86402604,-3.12843726999995],[102.86292894,-3.12994577999997],[102.86282197,-3.13009285999994],[102.86278818,-3.13010589999994],[102.86241341,-3.13025054999997],[102.86115636,-3.13073571999997],[102.8611008,-3.13063994999994],[102.86036843,-3.12937750999993],[102.86030017,-3.12925983999998],[102.85615303,-3.13226655999995],[102.85210855,-3.13568934999995],[102.84958399,-3.13890270999997],[102.84868329,-3.14004914999992],[102.84658872,-3.14307658999996],[102.84478376,-3.14568539999994],[102.84356139,-3.14611222999998],[102.84109395,-3.14697380999997],[102.84105729,-3.14698660999995],[102.83969183,-3.14746339999995],[102.83966699,-3.14747206999994],[102.83607987,-3.15131595999998],[102.83521695,-3.15374229999998],[102.83466554,-3.15529274999995],[102.83385905,-3.15834474999997],[102.83337715,-3.16016842999995],[102.83221682,-3.16491600999997],[102.83208121,-3.16615167999993],[102.831969,-3.16717400000001],[102.83196898,-3.16717425999997],[102.83196889,-3.16717498999998],[102.8318669,-3.16810599799993],[102.83169584,-3.16966750999996],[102.83183427,-3.17134784999996],[102.83213344,-3.17497926999993],[102.83208843,-3.174982],[102.83059974,-3.17507229999995],[102.82897966,-3.17517054999997],[102.82897755,-3.17516969999997],[102.82863546,-3.17503143999995],[102.8285929,-3.17501423999994],[102.82823194,-3.17486836999997],[102.82816702,-3.17484218999994],[102.8276239,-3.17462265999996],[102.82522187,-3.17365178999996],[102.82504902,-3.17358192999996],[102.82504127,-3.17357878999997],[102.82497579,-3.17358428999996],[102.82460385,-3.17361550999994],[102.82421176,-3.17364842999995],[102.82376083,-3.17368627999997],[102.82362504,-3.17369767999998],[102.82318082,-3.17373497999995],[102.82315803,-3.17373688999993],[102.8231142,-3.17374056999995],[102.81814208,-3.17415796999995],[102.81610928,-3.17445601999999],[102.81281916,-3.17493838999997],[102.81272514,-3.17503241999999],[102.81253498,-3.17522257999997],[102.81250226,-3.17525529999996],[102.81044917,-3.17730847999996],[102.81059053,-3.17782377999993],[102.81142707,-3.18087326999996],[102.811383413,-3.18120394599993],[102.811154,-3.18294160999994],[102.8108262,-3.18542433999994],[102.81044191,-3.18714377999993],[102.81003033,-3.18898533999994],[102.810288043,-3.19012615799994],[102.81035161,-3.19040754999998],[102.81035163,-3.19040762999994],[102.81035183,-3.19040854999998],[102.81127127,-3.19447860999998],[102.81131065,-3.19465293999998],[102.80925443,-3.19636630999998],[102.807556611,-3.19778103299996],[102.80752918,-3.19780388999993],[102.807528611,-3.19780436399998],[102.80721553,-3.19806523999995],[102.8071215,-3.19814358999997],[102.80692254,-3.19830937999996],[102.80673519,-3.19879543999997],[102.80625941,-3.20002988999994],[102.80569902,-3.20148380999996],[102.80698539,-3.20310571999995],[102.80702451,-3.20315504999997]]]]},"properties":{"gid":1481,"luas":null,"idkec":"1605031","kdkab":"05","kdkec":"031","nmkab":"MUSI RAWAS","nmkec":"SELANGIT","kdprov":"16","nmprov":"SUMATERA SELATAN","sumber":null,"periode":"2025_1"}},{"id":1482,"type":"Feature","geometry":{"type":"MultiPolygon","coordinates":[[[[103.168172182,-2.91595599499994],[103.170958743,-2.91595956299994],[103.170915928,-2.91780418799993],[103.168104391,-2.91773282899994],[103.168172182,-2.91595599499994]]],[[[103.168979698,-2.90132974299997],[103.16848852,-2.90133936999996],[103.16231322,-2.90152635999994],[103.15830441,-2.90164772999998],[103.158301495,-2.90164781799996],[103.15571163,-2.90172624999997],[103.14930218,-2.90192034999995],[103.14904258,-2.90178930999997],[103.14866514,-2.90159878999998],[103.13742211,-2.90241902999998],[103.13693023,-2.90298235999996],[103.13688534,-2.90303376999998],[103.136868,-2.90305363999994],[103.13653868,-2.90453209999993],[103.13607787,-2.90553158999995],[103.1355545,-2.90666680999993],[103.13550879,-2.90670401999996],[103.1353125,-2.90686382999997],[103.13308006,-2.90868137999996],[103.13293584,-2.90879879999995],[103.13284551,-2.90879880999996],[103.12021814,-2.90879962999998],[103.12011889,-2.90879962999998],[103.11959759,-2.90879966999996],[103.118443715,-2.90879973499995],[103.11882739,-2.89685099299994],[103.115762117,-2.89669134399998],[103.115378958,-2.89764924099996],[103.114480929,-2.89897832499997],[103.113267592,-2.89939341399997],[103.112405484,-2.89916990399997],[103.110505654,-2.89786077699995],[103.10769582,-2.89731796899998],[103.104502828,-2.89629621099994],[103.101182116,-2.89859516499997],[103.100054691,-2.90371194099993],[103.100104271,-2.90413833099996],[103.099990928,-2.90413360799994],[103.0996285,-2.90411850699997],[103.095581409,-2.91253219199996],[103.095011027,-2.91348282899998],[103.094927368,-2.91365251399998],[103.093575701,-2.91433712399993],[103.09335057,-2.91439597799997],[103.0918427,-2.91479807699994],[103.090075628,-2.91424586699998],[103.090029772,-2.91423179999993],[103.089929331,-2.91413610599994],[103.088925374,-2.91318363399995],[103.088328714,-2.91297191599995],[103.088042867,-2.91287190499999],[103.087975519,-2.91286591899996],[103.087056019,-2.91278710399997],[103.086355679,-2.91312519899998],[103.086205868,-2.91320281299994],[103.085240632,-2.91384630299996],[103.085217767,-2.91386163799996],[103.085217481,-2.91386173699994],[103.085214988,-2.91386339899998],[103.084114594,-2.91426016499998],[103.082947582,-2.90654694399996],[103.08273362,-2.90554920999995],[103.082633063,-2.90446818199996],[103.079309786,-2.88250349799996],[103.07905873,-2.88085014999996],[103.078424726,-2.87667493999993],[103.078422101,-2.87667394199997],[103.07828543,-2.87676805999996],[103.07828539,-2.87676808999993],[103.078224453,-2.87681462299997],[103.078179028,-2.87658148999998],[103.0781788,-2.87658031799999],[103.080328806,-2.87322800799996],[103.080339742,-2.87321297599994],[103.08076057,-2.87255720999997],[103.08078858,-2.87251355999996],[103.08117388,-2.87193615999996],[103.08246505,-2.87000122999996],[103.08302707,-2.869159],[103.08392591,-2.86781197999995],[103.08392589,-2.86781194999998],[103.08879596,-2.86051359999993],[103.08879762,-2.86051112999997],[103.08879879,-2.86050937999994],[103.08879884,-2.86050927999997],[103.08963796,-2.85925176999996],[103.08984942,-2.85893397999996],[103.09135289,-2.85667457999996],[103.09135293,-2.85667452999997],[103.09283309,-2.85445013999993],[103.09434067,-2.85218454999995],[103.0943407,-2.85218448999996],[103.095309,-2.85072930999996],[103.09534241,-2.85067909999997],[103.09766213,-2.84676572999997],[103.09834601,-2.84725860999994],[103.09837228,-2.84722629999993],[103.09841203,-2.84717740999998],[103.09842358,-2.84716320999996],[103.09843189,-2.84715297999998],[103.09865208,-2.84688217999997],[103.09868798,-2.84683802999997],[103.09888605,-2.84642034999996],[103.09899142,-2.84619814999997],[103.10054555,-2.84292083999999],[103.10030394,-2.83880071999994],[103.10032361,-2.82673506999993],[103.10040071,-2.82658063999997],[103.101470223,-2.81236773099994],[103.101432558,-2.80945507299998],[103.101341615,-2.80824249999995],[103.101243069,-2.80692855599995],[103.101323622,-2.80653334099998],[103.101329968,-2.80638118399998],[103.101305046,-2.80627319699995],[103.101277457,-2.80615365299997],[103.1012505,-2.80603684399995],[103.101375155,-2.80424397499997],[103.101406834,-2.80378832699995],[103.101832441,-2.79766694499995],[103.101866788,-2.79443331099999],[103.102021068,-2.79430864799997],[103.1023928,-2.79397009999997],[103.102393047,-2.79397000799998],[103.11152436,-2.79055613999998],[103.111692349,-2.78760120599998],[103.11181831,-2.78538555999996],[103.11337777,-2.78248452999998],[103.11511873,-2.78184835999997],[103.115605751,-2.78173165099998],[103.11811646,-2.78184087999995],[103.11846279,-2.78185594999997],[103.11989115,-2.78191809099996],[103.119909647,-2.78191889599999],[103.12068045,-2.78195242999994],[103.12136798,-2.78103367999996],[103.12497501,-2.77621363999998],[103.12528165,-2.77553812999998],[103.12592494,-2.77412101999994],[103.12614121,-2.77364458999995],[103.12678575,-2.77268614999998],[103.12899531,-2.77108542999997],[103.13025179,-2.77079223999993],[103.13219786,-2.77109050999996],[103.13329293,-2.77216886999998],[103.13570576,-2.77270030999995],[103.13689701,-2.77352661999994],[103.13738301,-2.77386372999996],[103.13904717,-2.77503172999997],[103.14354236,-2.77825409999997],[103.14639939,-2.77825860999997],[103.14714744,-2.77825978999994],[103.14725649,-2.77825995999995],[103.147258915,-2.77827394599996],[103.147542191,-2.77826094199998],[103.14754623,-2.77567483999997],[103.147544801,-2.77566905399994],[103.14723729,-2.77442379999997],[103.15041654,-2.77272521999993],[103.15238212,-2.77167505999996],[103.15240941,-2.77166047999998],[103.15303717,-2.77256524999995],[103.15336308,-2.77303497999999],[103.15440487,-2.77453647999994],[103.15555359,-2.77413081999993],[103.15687437,-2.77366439999997],[103.15744046,-2.77346448999998],[103.15830844,-2.77315797999995],[103.15880043,-2.77298423999998],[103.15926449,-2.77282035999998],[103.16182526,-2.77049786999993],[103.16527267,-2.76737123999993],[103.16533714,-2.76731020999995],[103.16575166,-2.76691775999996],[103.1696168,-2.76325841999994],[103.16986046,-2.76302771999997],[103.16998966,-2.76290539999997],[103.17042281,-2.76249530999996],[103.17093189,-2.76033465999996],[103.17157309,-2.75761315999995],[103.18327741,-2.75705709999995],[103.183902591,-2.75668664999996],[103.18390421,-2.75667638999994],[103.18391987,-2.75667641299999],[103.18398977,-2.75667651999994],[103.18400052,-2.75667653999995],[103.18409976,-2.75667668999995],[103.1892657,-2.75668459999998],[103.19022071,-2.75668605999994],[103.19051249,-2.75661261999995],[103.19195679,-2.75624910999994],[103.196753,-2.75635032999998],[103.19714634,-2.75605462999994],[103.19881641,-2.75585962999998],[103.20165208,-2.75582433999995],[103.20235249,-2.75581561999996],[103.20323605,-2.75611325999995],[103.2032835,-2.75611333999995],[103.20438963,-2.75611500999997],[103.20711585,-2.75611913999996],[103.21006136,-2.75691374999998],[103.21071218,-2.75703375999996],[103.2116816,-2.75721250999994],[103.21264297,-2.75718710999996],[103.21344969,-2.75716578999994],[103.21578253,-2.75682885999993],[103.21649527,-2.75672591999996],[103.21698844,-2.75668738999997],[103.22145615,-2.75633829999993],[103.2226216,-2.75599718999996],[103.22347061,-2.75574869999997],[103.22365518,-2.75567763999993],[103.22410943,-2.75550273999995],[103.22695784,-2.75555638999993],[103.22747686,-2.75594902999995],[103.22754653,-2.75600172999998],[103.22861962,-2.75606188999995],[103.22961352,-2.75611759999992],[103.23152241,-2.75748922999999],[103.23225287,-2.75761997999996],[103.23319179,-2.75778803999999],[103.23383318,-2.75852312999997],[103.23427044,-2.75902427999994],[103.23551458,-2.76158231999995],[103.23600969,-2.76174098999997],[103.23736609,-2.76186336999997],[103.23830497,-2.76205364999993],[103.238822,-2.76215842999994],[103.23971429,-2.76231504999993],[103.24059707,-2.76247000999997],[103.2444393,-2.76255194999993],[103.2445187,-2.76242263999996],[103.24464408,-2.76221843999997],[103.24571639,-2.76234842999998],[103.24771052,-2.76075935999995],[103.24932071,-2.75978598999996],[103.25044578,-2.75876054999998],[103.25151934,-2.75804315999995],[103.2518359,-2.75796406999996],[103.25274551,-2.75773682999994],[103.2529976,-2.75754325999998],[103.25352047,-2.75736424999996],[103.25479647,-2.75692738999993],[103.25512935,-2.75694596999995],[103.25534101,-2.75695778999995],[103.25550431,-2.75709894999995],[103.25716411,-2.75712707999998],[103.25724042,-2.75733260999994],[103.25772556,-2.757359],[103.25775143,-2.75712793999998],[103.25800516,-2.75712830999992],[103.25821108,-2.75712861999995],[103.25839763,-2.75694157999993],[103.25851796,-2.75682092999994],[103.26125108,-2.75628570999993],[103.26263058,-2.75590256999994],[103.26312383,-2.75587228999996],[103.26312712,-2.75587208999998],[103.26385642,-2.75582732999993],[103.2643422,-2.75541719999996],[103.26495521,-2.75531537999996],[103.26757201,-2.75397837999998],[103.26868199,-2.75341125999995],[103.26872416,-2.75338971999997],[103.26874973,-2.75337664999995],[103.26881399,-2.75334381999994],[103.26947974,-2.75294931999997],[103.27045843,-2.75236937999995],[103.27055604,-2.75245925999997],[103.27095366,-2.75281185999996],[103.27117902,-2.75301170999996],[103.2711803,-2.75301016999993],[103.271180514,-2.75300991299997],[103.271472942,-2.75265866099994],[103.27118055,-2.75301043799994],[103.271182051,-2.75301203699997],[103.271182143,-2.75301213499995],[103.2711953,-2.75302614799995],[103.27445776,-2.75649905799998],[103.281544318,-2.76413684099993],[103.281548514,-2.76414136099993],[103.281548627,-2.76414148299995],[103.28537039,-2.76826051799998],[103.286654213,-2.76962172499999],[103.287831896,-2.77087040199997],[103.287832384,-2.77087091399995],[103.287847144,-2.77088656399997],[103.287873995,-2.77091503399992],[103.288133977,-2.77119069099996],[103.289321347,-2.77244963099997],[103.290538568,-2.77374021999998],[103.290851755,-2.77407228299996],[103.292594761,-2.77592034999997],[103.292774614,-2.77611104399995],[103.294185284,-2.77760674399997],[103.29557783,-2.77908322799994],[103.304453114,-2.78847842399995],[103.305594935,-2.78968713199993],[103.309261192,-2.79356815599994],[103.31205592,-2.79652659799996],[103.31383765,-2.79832957799994],[103.314685343,-2.79918738099997],[103.314905945,-2.79941061399995],[103.316728933,-2.80125534199994],[103.320888326,-2.80546433899996],[103.3226187,-2.80721534999998],[103.334511464,-2.81924994499997],[103.334598387,-2.81933790499994],[103.338095813,-2.82287703799995],[103.336650112,-2.82396670999998],[103.33592259,-2.82451506799992],[103.334425622,-2.82564337999998],[103.334424829,-2.82564397699998],[103.33431719,-2.82572510799998],[103.334435682,-2.82584176599994],[103.335131332,-2.82652664599994],[103.337566763,-2.82892437199997],[103.337705559,-2.82906101899994],[103.337961838,-2.82931332999994],[103.33796215,-2.82931363799998],[103.337962659,-2.82931413899996],[103.337974269,-2.82932556899994],[103.338083898,-2.82943349999994],[103.339098196,-2.83043209199997],[103.339192885,-2.83052531299996],[103.339723481,-2.83104769399995],[103.33974887,-2.83094190499997],[103.340071818,-2.82959628799995],[103.340081473,-2.82949974099995],[103.341102904,-2.83027948099994],[103.342092693,-2.83103506599997],[103.341890522,-2.83295569599994],[103.344781865,-2.83602774699995],[103.345959532,-2.83727902099998],[103.346580832,-2.83779885599996],[103.346821498,-2.83825203899993],[103.34717099,-2.83891149799997],[103.347341643,-2.83923350699996],[103.34738447,-2.83931432299995],[103.348391411,-2.84121431699997],[103.351810004,-2.84766486499997],[103.353040365,-2.84998643499995],[103.35363238,-2.85110350799994],[103.354100019,-2.85125790099995],[103.355363249,-2.85167496099996],[103.357526479,-2.85238916099997],[103.357641239,-2.85242704999997],[103.357642143,-2.85242734799994],[103.35764169,-2.85242990899998],[103.358108531,-2.85258132499996],[103.360018822,-2.85322217299996],[103.360024465,-2.85322407199994],[103.366516357,-2.85540266799995],[103.36747408,-2.85572406799997],[103.367835692,-2.85584541199996],[103.37130376,-2.85699732799998],[103.37367706,-2.85778560799997],[103.37916787,-2.85960932999996],[103.381995945,-2.86055704999995],[103.383170192,-2.86095055399995],[103.3831754,-2.86095229799997],[103.38381623,-2.86116704699998],[103.383963062,-2.86121625299996],[103.38675863,-2.86215307699996],[103.390033084,-2.86325038299998],[103.395669683,-2.86513926899995],[103.39783968,-2.86586645799997],[103.40102747,-2.86693979899997],[103.40154721,-2.86711479799994],[103.401547542,-2.86711456899997],[103.40215733,-2.86731949799998],[103.40586245,-2.86856255799995],[103.40880767,-2.86955067799994],[103.40880798,-2.86955077799996],[103.40880876,-2.86955102799993],[103.431329551,-2.87710670199994],[103.43134489,-2.87711184799998],[103.431341099,-2.87711885199997],[103.42795672,-2.88337195799994],[103.42775662,-2.88374563799995],[103.4254482,-2.88813715799996],[103.421821251,-2.89483499899996],[103.42169345,-2.89507100899994],[103.421692699,-2.89507239699998],[103.421544937,-2.89534526999995],[103.42085904,-2.89661190799995],[103.42085879,-2.89661238799994],[103.41768001,-2.90248374799996],[103.41747392,-2.90315550799994],[103.417127064,-2.90428606799998],[103.41581608,-2.90855915799995],[103.41550811,-2.90956295799999],[103.41313615,-2.91755985799995],[103.41306746,-2.91779444799993],[103.41280119,-2.91870384799996],[103.41280115,-2.91870398799995],[103.4128009,-2.91870481799998],[103.41206345,-2.92122341799996],[103.4120633,-2.92122393799998],[103.41206065,-2.92123298799994],[103.41205131,-2.92126487799993],[103.41188131,-2.92184547799997],[103.41134146,-2.92368918799998],[103.41129848,-2.92383596799994],[103.41117457,-2.92425916799994],[103.41110442,-2.92449874799996],[103.4110841,-2.92456815799995],[103.411088798,-2.92457403599996],[103.41112211,-2.92461570799998],[103.41112253,-2.92461623799995],[103.41654527,-2.93138031799999],[103.41922886,-2.93463855799996],[103.41922901,-2.93463873799994],[103.4192296,-2.93463944799993],[103.41929494,-2.93471877799994],[103.420707627,-2.93643228399999],[103.42638953,-2.94332409799995],[103.429330494,-2.94435768099994],[103.42992122,-2.94456528799999],[103.43011373,-2.94463293799993],[103.432219776,-2.94537297599994],[103.43273639,-2.94555450799994],[103.43380363,-2.94592949799995],[103.43619445,-2.94679005799997],[103.43689618,-2.94704263799998],[103.43850133,-2.94762040799998],[103.43904025,-2.94911607799997],[103.43965215,-2.95081425799997],[103.4396555,-2.95082355799997],[103.43989962,-2.95185609799996],[103.43996563,-2.95213985799996],[103.44050128,-2.95444241799992],[103.440853726,-2.95594719799994],[103.44086969,-2.95601535799994],[103.44123169,-2.95754579799996],[103.44126708,-2.95769538799994],[103.44169873,-2.95865919799996],[103.44202974,-2.95939125799994],[103.44202999,-2.95939179799995],[103.44237334,-2.96013793799995],[103.44261023,-2.96065273799997],[103.44335954,-2.96212484799997],[103.44356791,-2.96253420799998],[103.44356792,-2.96253423799993],[103.44358748,-2.96257265799995],[103.44360185,-2.96260801799997],[103.44365791,-2.96274587799997],[103.44378241,-2.96305210799995],[103.44422098,-2.96413081799994],[103.44541217,-2.96706069799996],[103.4455611,-2.96742702799998],[103.44640393,-2.96888376799996],[103.44664183,-2.96929496799994],[103.44740676,-2.97060652799997],[103.447441785,-2.97066658499995],[103.44775296,-2.97120014799999],[103.44780192,-2.97128409599998],[103.4485318,-2.97253556799996],[103.44880069,-2.97298555799996],[103.44920401,-2.97364244799997],[103.44994404,-2.97484773799994],[103.45091773,-2.97643357799996],[103.45169502,-2.97769953799997],[103.45216247,-2.97846086899996],[103.45221639,-2.97854869799994],[103.45330224,-2.98031720799997],[103.45413701,-2.98167678799996],[103.45418209,-2.98175020799994],[103.45419264,-2.98176789799993],[103.454961,-2.98305617799998],[103.45604243,-2.98486938799993],[103.45683838,-2.98620393799996],[103.45771021,-2.98765617799996],[103.45833507,-2.98868267799997],[103.45833549,-2.98868336799995],[103.45833582,-2.98868390799993],[103.45834029,-2.98869125799996],[103.45835538,-2.98871603799995],[103.45836621,-2.98873383799997],[103.45837725,-2.98875197799992],[103.4583928,-2.98877750799995],[103.45839813,-2.98878627799997],[103.45840855,-2.98880338799995],[103.45842939,-2.98883762799994],[103.45843899,-2.98885338799994],[103.45844742,-2.98886723799996],[103.45845937,-2.98888687799996],[103.45847078,-2.98890560799993],[103.45848218,-2.98892434799996],[103.45849461,-2.98894474799994],[103.45852747,-2.98899874799998],[103.45855097,-2.98903734799996],[103.45858056,-2.98908594799998],[103.4586919,-2.98926885799994],[103.45879376,-2.98943619799997],[103.45886728,-2.98955697799994],[103.45895842,-2.98970667799995],[103.45903072,-2.98982544799999],[103.45916519,-2.99004634799997],[103.45926009,-2.99020224799995],[103.4593615,-2.99036884799995],[103.45942327,-2.99047030799995],[103.45950573,-2.99060577799998],[103.45962456,-2.99080098799994],[103.46053668,-2.99229936799997],[103.46082765,-2.99277735799997],[103.46082982,-2.99278092799995],[103.46149449,-2.99409343799995],[103.46242185,-2.99592470799997],[103.46466592,-3.00035604799997],[103.464916734,-3.00085132799996],[103.46714538,-3.00525221799996],[103.46825612,-3.00742330799995],[103.47160614,-3.01397133799999],[103.47274405,-3.01615293799996],[103.473259364,-3.01714089299998],[103.47535527,-3.02115914799998],[103.47591109,-3.02221649799998],[103.47619453,-3.02275567799996],[103.47622894,-3.02284418799997],[103.47655396,-3.02368022799994],[103.47720314,-3.02535007799998],[103.47801503,-3.02743842799993],[103.47803702,-3.02749576799994],[103.47849848,-3.02869863799998],[103.47929786,-3.03078233799994],[103.479538917,-3.03141069399993],[103.47989768,-3.03234586799994],[103.48099939,-3.03521766799998],[103.48153412,-3.03661022799998],[103.48242316,-3.03743961799996],[103.48270994,-3.03770609799994],[103.482714527,-3.03770584399997],[103.483536074,-3.04069573499993],[103.48503894,-3.04206350299996],[103.478452539,-3.04323337199998],[103.478453607,-3.04323635399994],[103.478579906,-3.04358920299996],[103.478702031,-3.04365823099994],[103.480523389,-3.04836173699994],[103.483260554,-3.05543024099995],[103.484041152,-3.05744606899998],[103.485121711,-3.05788343799998],[103.48575603,-3.05814018599995],[103.486505361,-3.05844348699999],[103.486429942,-3.05951192399994],[103.486153331,-3.06343057799995],[103.486464998,-3.06429996499998],[103.488139701,-3.06897150399993],[103.492134838,-3.08011583299998],[103.494779873,-3.08749408899997],[103.495324529,-3.08901339299997],[103.497300945,-3.09452655299998],[103.500351871,-3.10051106099997],[103.501894525,-3.10872480799998],[103.505134894,-3.11777764199996],[103.509138025,-3.13409489599996],[103.509689085,-3.13634108399999],[103.51150274,-3.16350647399998],[103.511506895,-3.16356869999993],[103.513239906,-3.18430845699993],[103.514730936,-3.20215232299995],[103.515980748,-3.20576774099993],[103.516215911,-3.20644801399993],[103.519707442,-3.21654821499994],[103.525945731,-3.22289383799995],[103.527198152,-3.22416780699996],[103.527415342,-3.22438873199997],[103.529122695,-3.22612546199997],[103.529237007,-3.22624174199997],[103.52985588,-3.22740901199995],[103.532698034,-3.23276965799994],[103.541112439,-3.23374109199995],[103.554895925,-3.22964480999997],[103.562272826,-3.23579241599993],[103.562636799,-3.23609597299998],[103.563486131,-3.23522076599994],[103.563783566,-3.23502497599998],[103.570401196,-3.22893431099993],[103.571096458,-3.22809811599996],[103.573582459,-3.22478779299997],[103.57581964,-3.22569788399995],[103.578057845,-3.22587544099998],[103.581427435,-3.22354303599997],[103.581743867,-3.22325229899996],[103.582364936,-3.22268166399994],[103.583512366,-3.22162740999994],[103.584362387,-3.22180300999998],[103.58522693,-3.22191509099998],[103.588578253,-3.22234956799998],[103.588923017,-3.22400697399997],[103.589840434,-3.22564773599993],[103.593020883,-3.22993128699995],[103.592830004,-3.23305598799993],[103.59162904,-3.23706544899995],[103.591579467,-3.23722943699994],[103.593290579,-3.24097680999995],[103.593379202,-3.24286945699994],[103.595870319,-3.24548743399993],[103.599778541,-3.24619720999993],[103.602693422,-3.24491032399993],[103.60456795,-3.24539583299998],[103.606901097,-3.24599207399997],[103.610557378,-3.24120287599993],[103.610561517,-3.24119745599996],[103.614149828,-3.24154904499995],[103.615050502,-3.24143496599993],[103.617759851,-3.24109180199997],[103.62293251,-3.23999134099996],[103.622940375,-3.23998998899998],[103.625544391,-3.24140229099993],[103.626574333,-3.24164542499995],[103.627800996,-3.24193499699993],[103.629677875,-3.23891378799994],[103.63346888,-3.23775688099995],[103.636673162,-3.23739057999996],[103.640423678,-3.24036290899994],[103.646704579,-3.24124799299994],[103.6495739,-3.24165232899998],[103.649792306,-3.24167106799996],[103.649891663,-3.24167992199994],[103.64989147,-3.24168097799998],[103.64987608,-3.24176531799999],[103.649820315,-3.24207076699998],[103.649800961,-3.24209663199998],[103.649264826,-3.24236517099996],[103.649006528,-3.24249345699997],[103.648804943,-3.24279242199998],[103.648804549,-3.24308893199997],[103.649205045,-3.24368902899994],[103.649397189,-3.24437387599994],[103.649399826,-3.24437396299993],[103.64926313,-3.24512270799995],[103.64921411,-3.24540379799993],[103.64926134,-3.24557014799996],[103.64926417,-3.24557870799993],[103.64926386,-3.24557895799995],[103.64926384,-3.24557888799996],[103.64190005,-3.25161801799993],[103.63863373,-3.25310493799997],[103.63556229,-3.25450313799996],[103.634910228,-3.25479996799993],[103.63229683,-3.25598963799997],[103.63229678,-3.25598976799995],[103.630964838,-3.25939722199997],[103.629446901,-3.26328050299998],[103.629009672,-3.26439904999996],[103.62740488,-3.26850452799994],[103.62673953,-3.27020662799993],[103.626461213,-3.27091865899996],[103.626441584,-3.27096885999993],[103.626405925,-3.27106007299995],[103.62537878,-3.27368718799995],[103.604660774,-3.27005343499997],[103.598888505,-3.26904102999994],[103.546441416,-3.25984227699997],[103.54671135,-3.26502229699998],[103.546921025,-3.26517002299994],[103.546964552,-3.26542030399997],[103.546795884,-3.26664450699998],[103.547220274,-3.26784694599997],[103.54755761,-3.26810266799994],[103.547992882,-3.26831486299994],[103.548362864,-3.26842368099995],[103.548575059,-3.26853793999993],[103.549091944,-3.26881270599995],[103.55196474,-3.27184872799995],[103.552312958,-3.27205548299997],[103.555669993,-3.27277912199999],[103.556997573,-3.27332321199999],[103.557411081,-3.27384009799993],[103.558276185,-3.27762696499998],[103.558238098,-3.27868249999995],[103.558140162,-3.27894910399994],[103.557889881,-3.27919938499997],[103.557443727,-3.27975435699994],[103.557394759,-3.27997199299995],[103.5574002,-3.28011345599998],[103.558744102,-3.28205041699995],[103.560104327,-3.28482527599993],[103.560326738,-3.28506622199995],[103.560365491,-3.28510820299994],[103.56290095,-3.28560332499996],[103.566230782,-3.28606036099996],[103.566660613,-3.28621270599996],[103.567928343,-3.28871551999993],[103.567928343,-3.28936298799993],[103.567830406,-3.28970576399997],[103.56797187,-3.29014103599998],[103.568243915,-3.29060895399994],[103.568777123,-3.29124009799995],[103.568885941,-3.29145773399995],[103.569027404,-3.29170257499994],[103.569212395,-3.29189300699995],[103.569669431,-3.29216505199997],[103.571067742,-3.29246430099995],[103.57196005,-3.29264929199997],[103.572270181,-3.29278531399996],[103.572607517,-3.29295942299996],[103.573554234,-3.29384628999998],[103.573782752,-3.29399319399995],[103.574292249,-3.29449718299998],[103.574789318,-3.29498887899997],[103.57570339,-3.29613690899993],[103.576350857,-3.29682790299996],[103.576383502,-3.29708362599996],[103.576323652,-3.29720876599993],[103.57612778,-3.29750801599994],[103.576051607,-3.29767668399996],[103.576046166,-3.29791608399995],[103.576116898,-3.29805210599995],[103.576171307,-3.29816636499993],[103.576682752,-3.29825885999999],[103.576949356,-3.29833503299995],[103.577259487,-3.29844929199994],[103.577602264,-3.29866692799994],[103.5778199,-3.29885735899995],[103.578587067,-3.30007067999998],[103.578913521,-3.30055491999998],[103.579174684,-3.30091401999994],[103.579457611,-3.30114797899995],[103.580045228,-3.30173559599996],[103.58054035,-3.30223071799998],[103.580888568,-3.30252996699994],[103.580970182,-3.30267687199995],[103.581062677,-3.30278568999996],[103.582275998,-3.30613728499998],[103.582635097,-3.30724722799994],[103.582553484,-3.30729619599993],[103.580192133,-3.30750839199994],[103.580077874,-3.30751927299997],[103.580039788,-3.30756280099997],[103.580034347,-3.30762809099997],[103.580045228,-3.30769882299995],[103.58168294,-3.30941270699998],[103.58180808,-3.30947799799997],[103.582139975,-3.30955961099995],[103.582357611,-3.30965754699998],[103.582482752,-3.30977724699995],[103.582553484,-3.30993503299993],[103.582564365,-3.31007649699996],[103.598056091,-3.31853510599996],[103.605567074,-3.32263616499995],[103.610979589,-3.32559144299996],[103.612779905,-3.32657442999994],[103.617676921,-3.32924824099996],[103.617664152,-3.32929926699996],[103.61748952,-3.32999712999998],[103.61748859,-3.33000085999993],[103.61385197,-3.34453345999998],[103.613902539,-3.34458834499998],[103.61685139,-3.34778891999998],[103.62517808,-3.35682641999995],[103.62504821,-3.36211766999997],[103.624767333,-3.37356166599995],[103.624722407,-3.37539214099997],[103.62471535,-3.37567964999995],[103.62471523,-3.37567979999994],[103.62468371,-3.37572085999995],[103.61597333,-3.38706717999998],[103.61596335,-3.39408252999994],[103.6159496,-3.40372863999995],[103.61444215,-3.41718624999993],[103.614438797,-3.41721618599996],[103.61420941,-3.41926392999995],[103.61420924,-3.41926465999995],[103.61413334,-3.41958562999998],[103.60693072,-3.43073621999998],[103.60459493,-3.43435223999995],[103.60456135,-3.43440423999994],[103.60456129,-3.43440430999994],[103.60456124,-3.43440438999995],[103.59494444,-3.44666686999995],[103.59494436,-3.44666696999997],[103.59494432,-3.44666701999996],[103.59319528,-3.449295],[103.59056572,-3.45718328999994],[103.59056568,-3.45718324999995],[103.58620898,-3.45279223999995],[103.58620898,-3.45279250999995],[103.58620137,-3.45792894999995],[103.58619729,-3.46068440999995],[103.58619718,-3.46068433999995],[103.58442543,-3.45954760999996],[103.58248724,-3.45830410999997],[103.58216966,-3.45810034999994],[103.57660732,-3.45453165999994],[103.57224282,-3.45540198999993],[103.57224277,-3.45540212999992],[103.57068574,-3.46007242999997],[103.57016206,-3.46164323999995],[103.57004201,-3.46200332999996],[103.56998787,-3.46216572999998],[103.56993618,-3.46232076999997],[103.5693959,-3.46394136999993],[103.56880273,-3.46572057999992],[103.56805241,-3.46797116999995],[103.56792577,-3.46835103999996],[103.56791982,-3.46836887999995],[103.56761389,-3.46928651999997],[103.56724097,-3.47040506999998],[103.56656788,-3.47242401999995],[103.5663572,-3.47305595999996],[103.56635607,-3.47305935999999],[103.56635606,-3.47305941999997],[103.56635599,-3.47305952999995],[103.5662979,-3.47314985999998],[103.56323062,-3.47791998999998],[103.56117493,-3.48111688999996],[103.56112697,-3.48119145999994],[103.56100404,-3.48138263999994],[103.55987155,-3.48190610999996],[103.55968446,-3.48199258999995],[103.55791578,-3.48281012999996],[103.55642153,-3.48280782999996],[103.55641825,-3.48280946999995],[103.55348257,-3.48427494999993],[103.55250336,-3.48476376999998],[103.54767974,-3.48717166999995],[103.5462792,-3.48787078999994],[103.54627324,-3.48787597999996],[103.54401707,-3.48984065999997],[103.54216025,-3.49145757999997],[103.54057863,-3.49283483999995],[103.54063761,-3.49495879999996],[103.54063764,-3.49496011999997],[103.54093234,-3.49563284999994],[103.5422091,-3.49854747999996],[103.54302884,-3.50151175999997],[103.54379086,-3.50426725999995],[103.54424097,-3.50589490999994],[103.54424118,-3.50622202999995],[103.5443702,-3.50674406999998],[103.54462029,-3.50775594999994],[103.54489514,-3.50886797999994],[103.54512058,-3.50978012999996],[103.54533063,-3.51062996999998],[103.54551825,-3.51138910999992],[103.54562917,-3.51183789999993],[103.54587329,-3.51282558999998],[103.54613776,-3.51389564999994],[103.54643464,-3.51509681999995],[103.5466663,-3.51603414999994],[103.5468468,-3.51675822999993],[103.5473355,-3.51807393999997],[103.54764737,-3.51891355999993],[103.54807989,-3.520078],[103.54839812,-3.52093475999993],[103.54839868,-3.52093672999997],[103.54847219,-3.52119535999998],[103.54861894,-3.52172603999998],[103.54862349,-3.52174247999994],[103.54860873,-3.52267963999999],[103.54851385,-3.52870427999994],[103.5485083,-3.52905655999997],[103.5485081,-3.52906915999995],[103.5485081,-3.52906975999997],[103.54849718,-3.52907711999997],[103.54849573,-3.52907808999993],[103.54771255,-3.52964852999998],[103.54754582,-3.52977006999993],[103.53895784,-3.53602970999999],[103.53886134,-3.54158353999998],[103.53883534,-3.54307975999996],[103.53881657,-3.54415927999997],[103.53880159,-3.54502160999994],[103.53878695,-3.54586459999997],[103.53877999,-3.54626530999996],[103.53877058,-3.54680697999993],[103.53875353,-3.54778845999994],[103.53860977,-3.54778341999998],[103.53860962,-3.54778340999997],[103.53858487,-3.54778254999997],[103.53858487,-3.54778258999995],[103.53857939,-3.54786231999999],[103.53857121,-3.54798154999998],[103.53850654,-3.54892313999994],[103.53842398,-3.55012536999994],[103.53833952,-3.55135524999997],[103.53823786,-3.55283555999995],[103.53821417,-3.55318046999997],[103.53820375,-3.55333222999998],[103.53820555,-3.55346624999993],[103.53821353,-3.55406000000001],[103.53823554,-3.55569727999995],[103.53826023,-3.55753435999998],[103.53828916,-3.55968710999997],[103.53829261,-3.55994367999995],[103.53830997,-3.56023253999996],[103.53833243,-3.56060621999996],[103.53835995,-3.56106393999995],[103.53841738,-3.56201921999998],[103.53846272,-3.56277348999993],[103.53847826,-3.56303209999994],[103.53848141,-3.56308446999998],[103.53848474,-3.56313991999998],[103.53848575,-3.56315670999994],[103.53848609,-3.56316232999996],[103.53848631,-3.56316596999995],[103.53847153,-3.56401697999996],[103.53825204,-3.57665013999997],[103.53825058,-3.57673382999997],[103.53806134,-3.58762241999995],[103.53806127,-3.58762298999994],[103.53806117,-3.58762377999994],[103.53757439,-3.59150983999996],[103.53757437,-3.59150993999998],[103.5374147,-3.59278461999997],[103.53811219,-3.59328160999996],[103.53836846,-3.59346440999996],[103.5377445,-3.59365089999994],[103.53677461,-3.59394078999998],[103.53647942,-3.59402901999993],[103.53642806,-3.59404436999995],[103.536235,-3.59412387999993],[103.53582507,-3.59429269999993],[103.53436152,-3.59489543999996],[103.5326405,-3.59560419999998],[103.53086266,-3.59633635999996],[103.52975209,-3.59679370999993],[103.52697958,-3.59793548999994],[103.52345306,-3.59792975999994],[103.52168283,-3.59792687999994],[103.51570806,-3.59791713999994],[103.51568704,-3.59791710999997],[103.5112505,-3.59302911999992],[103.51123702,-3.59301426999998],[103.51257037,-3.59173704999996],[103.51141264,-3.58563417999995],[103.5114125,-3.58563272999993],[103.51139357,-3.58542942999998],[103.51130027,-3.58442788999998],[103.51117947,-3.58313122999994],[103.51100925,-3.58130398999998],[103.51079899,-3.57904693999997],[103.51054283,-3.57629717999993],[103.5105214,-3.57624431999995],[103.50709066,-3.56777901999994],[103.50658226,-3.56652453999994],[103.50641336,-3.56593293999993],[103.5056145,-3.56310624999998],[103.50551799,-3.56276476999995],[103.50534132,-3.56213964999995],[103.50517885,-3.56156476999996],[103.50517851,-3.56156354999996],[103.50426876,-3.55834450999994],[103.50393704,-3.55717072999995],[103.503432133,-3.55636458999994],[103.50264915,-3.55511446999998],[103.50063958,-3.55190593999993],[103.49864145,-3.54871565999998],[103.4987112,-3.53497674999994],[103.49899902,-3.52749487999995],[103.49900602,-3.52731285999994],[103.49911986,-3.52435349999996],[103.49912322,-3.52426621999996],[103.49896169,-3.52073834999994],[103.49869574,-3.51492998999993],[103.49309594,-3.51015328999996],[103.49295942,-3.51003682999993],[103.49295219,-3.51003066999994],[103.48805028,-3.50928370999999],[103.48414367,-3.50868838999997],[103.48410611,-3.50868266999993],[103.48252,-3.50872624999994],[103.48166298,-3.50874980999993],[103.48165616,-3.50874998999996],[103.48165587,-3.50875000000001],[103.48165524,-3.50875001999998],[103.48154963,-3.50875291999995],[103.47883911,-3.50882743999995],[103.47359724,-3.50897150399994],[103.46184992,-3.50929435999996],[103.46182477,-3.50929504999994],[103.45711625,-3.50942439999994],[103.45711612,-3.50942439999994],[103.4562535,-3.50944573999994],[103.45321149,-3.50952095999997],[103.45004749,-3.50951569999995],[103.44687487,-3.50951040999997],[103.44685253,-3.50951036999993],[103.445538083,-3.50950817899997],[103.44517292,-3.50950756999992],[103.4451004,-3.50954839999997],[103.445100374,-3.50954841399993],[103.431893366,-3.51681756999995],[103.43189333,-3.51681758999997],[103.43178128,-3.51558487999995],[103.43165207,-3.51568190999996],[103.4311855,-3.51139707999994],[103.43020466,-3.50238934999994],[103.42993314,-3.49989578999993],[103.41249108,-3.49372841999996],[103.406995858,-3.48700013899998],[103.40321966,-3.48237660999997],[103.40029977,-3.47880147999996],[103.40132315,-3.47726459999996],[103.40051252,-3.47726321999994],[103.40023618,-3.47717725999996],[103.40008763,-3.47698465999998],[103.40008778,-3.47689311999994],[103.40008795,-3.47679231999996],[103.40017353,-3.47649326999994],[103.4001736,-3.47649323999997],[103.40066298,-3.47632312999997],[103.40104613,-3.47613143999996],[103.40125931,-3.47583259999994],[103.4014934,-3.47574750999996],[103.40238665,-3.47566743999994],[103.40238676,-3.47566728999994],[103.40266834,-3.47524441999997],[103.40268218,-3.47513466999994],[103.40268549,-3.47510838999994],[103.40242828,-3.47438885999997],[103.4024103,-3.47433854999997],[103.40242435,-3.47426166999999],[103.40245323,-3.47410353999993],[103.40258106,-3.47397552999997],[103.40281497,-3.47399728999994],[103.40292692,-3.47421854999994],[103.40304845,-3.47427551999994],[103.40322589,-3.47428583999994],[103.40322594,-3.47428567999998],[103.40328268,-3.47410494999997],[103.40326001,-3.47375160999997],[103.40332622,-3.47350661999996],[103.4033263,-3.47350658999994],[103.40349648,-3.47344278999998],[103.40369241,-3.47351858999998],[103.40374578,-3.47362630999993],[103.40374589,-3.47362614999998],[103.40554857,-3.47091887999995],[103.40481451,-3.46993190999996],[103.40473765,-3.46982855999995],[103.39771302,-3.46038357999993],[103.39356827,-3.45545800999998],[103.39322942,-3.45523016999994],[103.39310508,-3.45503635999996],[103.39293462,-3.45477064999995],[103.3929303,-3.45473541999997],[103.39292519,-3.45469376999995],[103.39207926,-3.45368846999997],[103.39206476,-3.45369634999998],[103.39178076,-3.45385064999993],[103.39083973,-3.45420005999995],[103.39043672,-3.45417237999994],[103.3897657,-3.45373921999994],[103.3889878,-3.45295485999998],[103.3889615,-3.45291771999996],[103.38858571,-3.45238714999993],[103.38850565,-3.45206300000001],[103.38846379,-3.45200495999995],[103.38829119,-3.45176561999995],[103.38802272,-3.45163015999998],[103.38735098,-3.45162900999997],[103.38675806,-3.45119414999994],[103.38646537,-3.45097947999995],[103.38514912,-3.45076121999994],[103.38506615,-3.45057697999994],[103.38501527,-3.45046397999994],[103.38512394,-3.44976213999997],[103.38612057,-3.44830576999994],[103.38647153,-3.44751002999994],[103.38652516,-3.44738841999993],[103.38652521,-3.44738840999998],[103.38672709,-3.44732792999997],[103.38672701,-3.44732782999995],[103.38016216,-3.43952601999997],[103.37990135,-3.43970881999997],[103.3797986,-3.43971601999994],[103.37952513,-3.43973517999996],[103.37842648,-3.43967619999995],[103.37796685,-3.43965151999993],[103.3775104,-3.43946172999996],[103.3773766,-3.43913748999996],[103.37705595,-3.43808389999999],[103.37633217,-3.43708362999997],[103.37621938,-3.43696990999997],[103.37582252,-3.43656973999992],[103.37578641,-3.43646941999998],[103.37571555,-3.43627254999996],[103.37571575,-3.43615275999997],[103.375716,-3.43600253999995],[103.37579579,-3.43571049999998],[103.37587822,-3.43540878999994],[103.375874521,-3.43537480999993],[103.37583495,-3.43501130999994],[103.37582531,-3.43492267999995],[103.37561072,-3.43470630999996],[103.37533783,-3.43465596999995],[103.37531525,-3.43465179999993],[103.37504619,-3.43486734999994],[103.37474981,-3.43540670999993],[103.37474972,-3.43540685999994],[103.37448098,-3.43543340999997],[103.37440056,-3.43532525999996],[103.37437415,-3.43505520999997],[103.37464362,-3.43459664999995],[103.3746467,-3.43453956999997],[103.37467135,-3.43408367999996],[103.37453778,-3.43362443999997],[103.3742164,-3.43300285999993],[103.37414174,-3.43293760999996],[103.37381396,-3.43265115999998],[103.37362629,-3.43240782999993],[103.37322381,-3.43208312999997],[103.37276799,-3.43151532999997],[103.37266097,-3.43124513999993],[103.37273378,-3.43106311999999],[103.3727689,-3.43097531999996],[103.37286186,-3.43083993999995],[103.37306519,-3.43054380999997],[103.37311962,-3.43013887999996],[103.37305354,-3.43005892999997],[103.37298555,-3.42997664999996],[103.37271699,-3.42989518999997],[103.37268986,-3.42990276999996],[103.37220045,-3.43003957999998],[103.37210773,-3.43006549999996],[103.37204495,-3.43008304999995],[103.37195658,-3.43008289999994],[103.37180313,-3.43008262999996],[103.37162747,-3.43000202999997],[103.3715078,-3.42994711999995],[103.371458138,-3.42985405999997],[103.37132031,-3.42959578999996],[103.37126708,-3.42929868999995],[103.37126766,-3.42895344999994],[103.37126772,-3.42892067999998],[103.37126772,-3.42892028999996],[103.37126773,-3.42891092999997],[103.36996166,-3.42733046999996],[103.368651977,-3.42574564299998],[103.368036706,-3.42500111399994],[103.3646228,-3.42087],[103.36430507,-3.42003558999995],[103.36429353,-3.42003556999993],[103.36399029,-3.42001472999994],[103.3637898,-3.42000095999993],[103.36358834,-3.41996685999994],[103.3634981,-3.41986069999996],[103.36338723,-3.41973025999995],[103.36342156,-3.41929154999997],[103.36369162,-3.41848198999998],[103.36367026,-3.41840275999994],[103.36363863,-3.41828542999997],[103.36359149,-3.41811055999994],[103.36357966,-3.41810543999997],[103.3635682,-3.41810047999996],[103.36332337,-3.41799454999995],[103.36273464,-3.41797460999993],[103.36271849,-3.41797405999995],[103.36245015,-3.41777108999997],[103.36245031,-3.41767701999993],[103.36245072,-3.41743357999997],[103.36256479,-3.41715978999997],[103.36261934,-3.41702885999996],[103.36279719,-3.41674397999998],[103.36300901,-3.41663195999997],[103.36300898,-3.41663187999996],[103.36251697,-3.41533977999995],[103.36218576,-3.41523930999995],[103.36181701,-3.41483366999996],[103.3618411,-3.41450256999997],[103.36185139,-3.41436120999993],[103.36201765,-3.41402847999996],[103.36145167,-3.41254214999998],[103.36137302,-3.41255682999998],[103.36111549,-3.41260489999997],[103.36081282,-3.41284063999996],[103.36070455,-3.41284044999998],[103.36037621,-3.41283988999994],[103.35987277,-3.41263651999998],[103.35940355,-3.41206194999995],[103.35900156,-3.41145373999996],[103.35886836,-3.41077848999994],[103.35892607,-3.41066876999997],[103.35895136,-3.41062067999997],[103.35895139,-3.41062068999998],[103.36044989,-3.41093576999999],[103.36044955,-3.41093551999995],[103.35944618,-3.41018988999998],[103.35953461,-3.41010131999997],[103.35955172,-3.41000861999993],[103.35955832,-3.40997285999992],[103.35954997,-3.40990475999996],[103.35953773,-3.40980497999993],[103.3595216,-3.40975197999995],[103.35945468,-3.40953209999999],[103.35928402,-3.40878164999998],[103.35925004,-3.40863221999997],[103.35926687,-3.40815711999994],[103.35930486,-3.40708501999996],[103.35928705,-3.40682833999994],[103.35927938,-3.40671781999992],[103.35928716,-3.40669708999997],[103.35935803,-3.40650814999999],[103.3593581,-3.40650809999994],[103.35948971,-3.40641907999998],[103.35995784,-3.40674519999993],[103.36039958,-3.40787364999994],[103.36060799,-3.40808380999993],[103.36068914,-3.40810025999998],[103.36086887,-3.40813669999995],[103.36110465,-3.40804751999997],[103.36110468,-3.40804738999998],[103.36122993,-3.40754751999998],[103.36123109,-3.40686435999993],[103.36123206,-3.40629277999995],[103.36123565,-3.40417112999995],[103.36145054,-3.40367937999998],[103.3614506,-3.40367931999998],[103.3618165,-3.40331285999998],[103.36217628,-3.40314925999997],[103.36217631,-3.40314912999997],[103.36291188,-3.40070022999993],[103.364955022,-3.39916571099997],[103.365400758,-3.39883093699996],[103.36990075,-3.39545117999995],[103.36983099,-3.39429829999995],[103.36949219,-3.38869917999995],[103.3694873,-3.38869211999998],[103.36930537,-3.38824596999996],[103.36924395,-3.38798165999998],[103.36920173,-3.38779996999995],[103.36920224,-3.38749554999993],[103.36920244,-3.38738035999996],[103.36920323,-3.38690829999997],[103.36935609,-3.38645001999993],[103.36936059,-3.38643650999996],[103.36936061,-3.38643647999994],[103.36962221,-3.38604356999997],[103.36993585,-3.38575561999994],[103.36993595,-3.38575546999994],[103.3702236,-3.38533649999994],[103.37034086,-3.38502385999994],[103.37038088,-3.38491715999993],[103.37040873,-3.38386818999993],[103.3703436,-3.38360448999993],[103.37025321,-3.38323850999996],[103.37010839,-3.38222866999997],[103.37007264,-3.38197938999997],[103.36999897,-3.38166444999996],[103.36983944,-3.38098241999996],[103.36978871,-3.38086975999994],[103.36970944,-3.38069372999997],[103.36931844,-3.38043080999996],[103.36900538,-3.38037782999993],[103.36898834,-3.38037290999996],[103.3688228,-3.38032506999997],[103.36858771,-3.38045579999993],[103.36853508,-3.38071796999998],[103.36842925,-3.38158322999993],[103.36811747,-3.38167337999995],[103.36799512,-3.38166757999994],[103.36785501,-3.38166093999997],[103.36762046,-3.38147695999993],[103.36749064,-3.38108335999994],[103.3674563,-3.38095308999994],[103.36738691,-3.38068979999997],[103.36741362,-3.38032268999996],[103.36748174,-3.38016693999999],[103.36759699,-3.37990339999994],[103.36759703,-3.37990337999997],[103.36759705,-3.37990335999996],[103.36785822,-3.37974647999995],[103.36785825,-3.37974636999997],[103.36797081,-3.37943132999994],[103.36798931,-3.37937954999996],[103.36804259,-3.378724],[103.36884164,-3.37794868999993],[103.36884164,-3.37794864999996],[103.36875814,-3.37656883999995],[103.36831242,-3.36920367999994],[103.36821504,-3.36759460999997],[103.36820266,-3.36739000999995],[103.36978193,-3.36501791999996],[103.36951082,-3.36494407999994],[103.36920576,-3.36463647999995],[103.36901797,-3.36444710999997],[103.36906367,-3.36395104999997],[103.36946856,-3.36336537999994],[103.37018731,-3.36296065999994],[103.37086201,-3.36205971999993],[103.37029249,-3.36200406999996],[103.37049457,-3.36199311999996],[103.37095678,-3.36190682999996],[103.37095664,-3.36190671999998],[103.37020694,-3.36129609999996],[103.37020706,-3.36122118999998],[103.37020733,-3.36106390999993],[103.3702759,-3.36088106999994],[103.37029435,-3.36083187999998],[103.37061225,-3.36068729999995],[103.37121933,-3.36031101999993],[103.37133887,-3.36014000000001],[103.371407444,-3.36004189699997],[103.37142196,-3.36002112999995],[103.3717699,-3.35918004999997],[103.37185764,-3.35851267999994],[103.3717858,-3.35819740999996],[103.37168562,-3.35775779999995],[103.37183035,-3.35755487999996],[103.37206148,-3.35749721999997],[103.37266769,-3.35764334999994],[103.37356269,-3.35778995999993],[103.37382269,-3.35773234999994],[103.37382269,-3.35773221999994],[103.37382312,-3.35747114999998],[103.37368855,-3.35720860999993],[103.3735805,-3.35699779999994],[103.37356147,-3.35696067999993],[103.37339134,-3.35662875999998],[103.37336327,-3.35613532999997],[103.37336399,-3.35569998999994],[103.37336471,-3.35526464999998],[103.37336482,-3.35526454999996],[103.37371178,-3.35494597999997],[103.37408749,-3.35477246999994],[103.37440506,-3.35483104999997],[103.37446181,-3.35544061999997],[103.37457656,-3.35590516999997],[103.37486482,-3.35622490999998],[103.37512029,-3.35699942999998],[103.3751204,-3.35699926999996],[103.37588522,-3.35585044999994],[103.376622098,-3.35474360199993],[103.37701857,-3.35414806999995],[103.37718532,-3.35389759999992],[103.37726639,-3.35341369999998],[103.37726892,-3.35187548999994],[103.3772705,-3.35091773999995],[103.37727088,-3.35068555999993],[103.37727099,-3.35068552999997],[103.37750201,-3.35062789999995],[103.37763358,-3.35071837999994],[103.37771951,-3.35077746999997],[103.37813662,-3.35106429999997],[103.37830974,-3.35115164999997],[103.37862755,-3.35106510999998],[103.378820504,-3.35070639799995],[103.37883032,-3.35068814999994],[103.3788304,-3.35068805999993],[103.37940904,-3.34999256999993],[103.37943844,-3.34967335999994],[103.37943841,-3.34967309999996],[103.37935295,-3.34897666999996],[103.37932488,-3.34848323999996],[103.37978904,-3.347207],[103.379790137,-3.34720574399996],[103.379790201,-3.34720567099993],[103.38039663,-3.34651145999993],[103.38094622,-3.34596093999995],[103.38135109,-3.34561333999995],[103.3819868,-3.34538220999997],[103.38216078,-3.34494714999994],[103.38213233,-3.34468589999994],[103.38164211,-3.34424973999996],[103.38135381,-3.34395903999996],[103.381356869,-3.34393927299994],[103.38138815,-3.34373710999996],[103.38141218,-3.34358182999995],[103.38158593,-3.34329188999993],[103.38180234,-3.34270172999993],[103.38190502,-3.34242173999996],[103.38213714,-3.34175458999994],[103.38202234,-3.34131905999994],[103.38186856,-3.34111228999995],[103.38184945,-3.34108658999997],[103.3816606,-3.34086442999995],[103.381562368,-3.34074886999998],[103.38150357,-3.34067969999996],[103.38144629,-3.34038936999996],[103.38162009,-3.34007040999995],[103.38162013,-3.34007037999994],[103.38242963,-3.33949128999996],[103.3826608,-3.33940459999997],[103.38268603,-3.33927886999994],[103.38270723,-3.33917321999997],[103.38271903,-3.33911446999998],[103.38267374,-3.33898864999998],[103.38260404,-3.33879502999997],[103.38247642,-3.33863663999996],[103.38222938,-3.33833003999996],[103.38205673,-3.33795245999994],[103.38206212,-3.33789389999993],[103.382063282,-3.33788128599997],[103.38208613,-3.33763324999996],[103.3822888,-3.33731433999998],[103.38277996,-3.33717003999993],[103.382961706,-3.33704002799994],[103.38298235,-3.33702525999997],[103.38298235,-3.33702517999996],[103.38298258,-3.33688113999994],[103.38298273,-3.33679306999994],[103.38280979,-3.33658962999994],[103.3826797,-3.33652398999994],[103.38263666,-3.33650226999993],[103.38230003,-3.33624113999997],[103.38226172,-3.33621141999993],[103.38216958,-3.33617420999997],[103.38197313,-3.33609485999995],[103.38180053,-3.33568824999998],[103.38166344,-3.33531900999998],[103.38162802,-3.33522359999996],[103.381587702,-3.33512045299994],[103.38119665,-3.33412001999994],[103.38096894,-3.33386045999993],[103.380561665,-3.33339621799997],[103.38053369,-3.33336432999995],[103.38036147,-3.33272553999995],[103.37984238,-3.33228933999994],[103.37968523,-3.33199865999995],[103.37966963,-3.33196979999997],[103.37972795,-3.33162161999997],[103.37987627,-3.33132472999995],[103.37990179,-3.33127363999995],[103.3799462,-3.33116258999997],[103.38024975,-3.33040351999996],[103.38024982,-3.33040346999997],[103.38053891,-3.33017181999997],[103.38079891,-3.33011419999998],[103.38111391,-3.33017917999996],[103.38172267,-3.33031888999995],[103.38186673,-3.33052227999997],[103.38180854,-3.33078338999996],[103.38160588,-3.33110230999996],[103.38169194,-3.33145072999998],[103.38215337,-3.33182878999998],[103.3823265,-3.33191613999998],[103.3824422,-3.33180023999996],[103.38244221,-3.33180017999996],[103.38256911,-3.33116790999998],[103.38258778,-3.33107490999993],[103.38270371,-3.33081388999994],[103.3828481,-3.33081412999997],[103.38296347,-3.33090138999996],[103.38359789,-3.33145386999997],[103.38388643,-3.33159945999996],[103.38423287,-3.33165807999996],[103.38429355,-3.33150029999996],[103.38437788,-3.33128101999996],[103.38434002,-3.33114059999998],[103.38429177,-3.33096162999994],[103.38409932,-3.33062880999996],[103.38409019,-3.33061301999993],[103.38299481,-3.32939224999996],[103.38292927,-3.32918022999997],[103.38285118,-3.32892764999997],[103.38287906,-3.32878871999998],[103.38290941,-3.32863750999996],[103.38314081,-3.32840570999997],[103.38314084,-3.32840563999997],[103.38337297,-3.32770953999994],[103.3835465,-3.32730445999994],[103.3835469,-3.32730350999998],[103.38357616,-3.32707136999994],[103.38351902,-3.32669397999997],[103.38334584,-3.32663564999996],[103.38308547,-3.32692544999998],[103.38270925,-3.32741821999998],[103.38250711,-3.32741788999994],[103.38239169,-3.32735964999995],[103.38227684,-3.32695313999995],[103.38230615,-3.32669197999997],[103.3823319,-3.32653824999994],[103.38233531,-3.32651788999994],[103.38239257,-3.32637878999998],[103.38253826,-3.32602483999995],[103.38256775,-3.32564758999997],[103.38254196,-3.32554318999996],[103.38251037,-3.32541530999992],[103.38233734,-3.32526990999998],[103.38109541,-3.32538395999997],[103.38054673,-3.32538304999998],[103.38031604,-3.32517951999995],[103.38031647,-3.32491830999993],[103.38040338,-3.32474431999999],[103.38109692,-3.32445522999996],[103.38138603,-3.32425254999993],[103.38150178,-3.32410761999996],[103.38187771,-3.32378898999997],[103.3819937,-3.32349894999993],[103.3818787,-3.32317950999993],[103.38159361,-3.32309303999995],[103.38159007,-3.32309195999994],[103.38149333,-3.32310505999993],[103.38095462,-3.32317798999998],[103.38040561,-3.32338023999995],[103.3802266,-3.32331038999997],[103.38011324,-3.32326615999996],[103.37991521,-3.32306017999997],[103.37977134,-3.32274068999994],[103.3797715,-3.32264183999996],[103.37977181,-3.32245046999999],[103.37981811,-3.32237319999997],[103.37985868,-3.32230549999997],[103.37985871,-3.32230546999995],[103.38006111,-3.32213168999994],[103.38063476,-3.32208459999993],[103.38110085,-3.32204633999994],[103.38167892,-3.32172802999997],[103.38260438,-3.32088788999995],[103.3826517,-3.32062875999998],[103.38266266,-3.32056873999995],[103.38265736,-3.32052005999998],[103.3826342,-3.32030747999994],[103.38249033,-3.31998798999996],[103.38227803,-3.31977391999994],[103.38225969,-3.31975542999994],[103.38225413,-3.31973856999998],[103.38217349,-3.31949407999997],[103.38234718,-3.31923315999996],[103.38266535,-3.31891442999996],[103.38312791,-3.31859593999997],[103.38312792,-3.31859584999995],[103.3832202,-3.31806773999996],[103.3832445,-3.31792860999997],[103.38341843,-3.31752256999994],[103.38347953,-3.31741551999995],[103.38353427,-3.31731959999997],[103.3835346,-3.31711643999995],[103.38350541,-3.31710464999998],[103.38339031,-3.31705815999993],[103.38301499,-3.31699949999996],[103.38266865,-3.31688282999994],[103.3826525,-3.31676786999999],[103.382650333,-3.31675244599995],[103.383801556,-3.31658798599994],[103.384335828,-3.31640989499994],[103.385404371,-3.31534135199997],[103.385760552,-3.31516326099995],[103.385938643,-3.31498517099993],[103.386651005,-3.31551944199993],[103.387719548,-3.31587562299995],[103.388431911,-3.31587562299995],[103.388788092,-3.31551944199993],[103.388966182,-3.31516326099995],[103.388966182,-3.31391662699998],[103.387897639,-3.31320426499997],[103.38825382,-3.31266999299993],[103.388966182,-3.31231381199996],[103.389144273,-3.31160144999996],[103.388788092,-3.31088908799996],[103.387363367,-3.31053290699993],[103.387007186,-3.30946436299997],[103.387363367,-3.30839581999994],[103.387363367,-3.30732727699996],[103.386472915,-3.30679300499998],[103.385404371,-3.30768345799994],[103.384692009,-3.30679300499998],[103.384157737,-3.30483400899993],[103.384025563,-3.30351226299996],[103.38405652,-3.30344255999996],[103.38405657,-3.30344251999998],[103.38463573,-3.30292679999997],[103.38508511,-3.30321817999994],[103.38530857,-3.30412277999995],[103.38537221,-3.30451040999999],[103.38556453,-3.30480136999996],[103.38588585,-3.30480189999997],[103.38614338,-3.30451166999995],[103.38649756,-3.30406012999993],[103.3866841,-3.30356262999994],[103.38669118,-3.30354373999996],[103.38661541,-3.30262747999995],[103.3865336,-3.30163813999997],[103.38675795,-3.30082337999994],[103.38688913,-3.30034694999995],[103.38734033,-3.29950803999998],[103.38734039,-3.29950797999994],[103.387464,-3.29938415999994],[103.38746399,-3.29938411999995],[103.38739929,-3.29918746999994],[103.38731898,-3.29894333999994],[103.38893772,-3.29789921999998],[103.38917547,-3.29774585999997],[103.38896036,-3.29752470999995],[103.38853814,-3.29709063999996],[103.38757503,-3.29610047999995],[103.38802615,-3.29585205999997],[103.38820425,-3.29575398999999],[103.38992313,-3.29575677999998],[103.39015307,-3.29575715999994],[103.39031027,-3.29575740999997],[103.39047082,-3.29550727999993],[103.39059388,-3.29531557999997],[103.39059615,-3.29528798999996],[103.39061659,-3.29503956999998],[103.39064603,-3.29468177999997],[103.39069005,-3.29414682999993],[103.39084444,-3.29372775999997],[103.39091105,-3.29354693999995],[103.39097195,-3.29355236999993],[103.39163391,-3.29361129999996],[103.39207346,-3.29392792999995],[103.39223533,-3.29388992999998],[103.39255426,-3.29381505999993],[103.39260803,-3.29380242999997],[103.39263625,-3.29376944999996],[103.39287225,-3.29349361999994],[103.39313861,-3.29318231999997],[103.39317489,-3.29313991999993],[103.39319727,-3.29251381999996],[103.39320577,-3.29227600000001],[103.39389922,-3.29228809999995],[103.3940306,-3.29233698999997],[103.39403844,-3.29233990999995],[103.39449609,-3.29251020999993],[103.39499999,-3.29207271999997],[103.3951759,-3.29191998999994],[103.3954404,-3.29169034999996],[103.39555397,-3.29179301999995],[103.39566158,-3.29189029999997],[103.39635064,-3.29251320999993],[103.39641696,-3.29258453999996],[103.39675758,-3.29295087999998],[103.39715674,-3.29338017999994],[103.39729202,-3.29352567999997],[103.39829481,-3.29354562999993],[103.3990208,-3.29356006999996],[103.39911345,-3.29352834999998],[103.39929259,-3.29346702999993],[103.39932068,-3.29345741999993],[103.39975442,-3.29330894999993],[103.399859494,-3.29327298499994],[103.40023041,-3.29334716799997],[103.400453023,-3.29334716799997],[103.401477044,-3.29325812299993],[103.401833225,-3.29290194199997],[103.401254431,-3.29236766999997],[103.400185887,-3.29169983099996],[103.399895872,-3.29154163999995],[103.40022296,-3.29137002999994],[103.40053312,-3.29135104999995],[103.40082834,-3.29112103599994],[103.400942772,-3.29112103599994],[103.401477044,-3.29103199099996],[103.401966793,-3.29063128699994],[103.402278451,-3.29040867399994],[103.402412019,-3.28991892499994],[103.402189406,-3.28960726599996],[103.40211252,-3.28952397299998],[103.40214181,-3.28950671999997],[103.40217061,-3.28948974999998],[103.40211456,-3.28943156999998],[103.401975082,-3.28928680199995],[103.402100361,-3.28918430099998],[103.402278451,-3.28873907499997],[103.402322974,-3.28842741699999],[103.402055838,-3.28807123499996],[103.401610612,-3.28758148599997],[103.401343476,-3.28682460199997],[103.400762002,-3.28639818799997],[103.40076111,-3.28635985999994],[103.40158207,-3.28519892999999],[103.40174465,-3.28496901999996],[103.40183224,-3.28484514999997],[103.40168558,-3.28461505999996],[103.40155005,-3.28440240999992],[103.40129024,-3.28440198999994],[103.40114142,-3.28440174999997],[103.40090664,-3.28462790999993],[103.40083196,-3.28469985999994],[103.40063213,-3.28489234999995],[103.4003229,-3.28519023999996],[103.400108103,-3.28525556799997],[103.399963274,-3.28482108299994],[103.400007797,-3.28428681099996],[103.400942772,-3.28344088099993],[103.401699657,-3.28281756399997],[103.401836274,-3.28243048199994],[103.4022581,-3.28215888999995],[103.40240245,-3.28206594999995],[103.40238266,-3.28199253999999],[103.402345975,-3.28185649399995],[103.402990814,-3.28174902099994],[103.403391517,-3.28161545299998],[103.403614131,-3.28117022599998],[103.403614131,-3.28114876999996],[103.40368418,-3.28122275999994],[103.403702352,-3.28124195499994],[103.403836744,-3.28043560299994],[103.40410388,-3.28007942199997],[103.404549106,-3.28052464799993],[103.405084096,-3.28125417999996],[103.405152109,-3.28134692599997],[103.405395036,-3.28148188499995],[103.40579574,-3.28139283999997],[103.405981983,-3.28092723099996],[103.40611339,-3.28090298999996],[103.406129906,-3.28065978899997],[103.406151921,-3.28065821599995],[103.406908806,-3.28043560299994],[103.407443077,-3.28021298999994],[103.407354032,-3.27981228599999],[103.407042374,-3.27958967299999],[103.406240966,-3.27954514999993],[103.406151921,-3.27923349199995],[103.406167741,-3.27911484299995],[103.40686704,-3.27858944999998],[103.406920858,-3.27843208399997],[103.407398555,-3.27843208399997],[103.407888304,-3.27834303899994],[103.408066394,-3.27816494799993],[103.408199962,-3.27780876699996],[103.408289008,-3.27736354099994],[103.408378053,-3.27656213299998],[103.408511621,-3.27611690699996],[103.408689711,-3.27611690699996],[103.409134938,-3.27616142899996],[103.409535642,-3.27607238399997],[103.409535642,-3.27580524799993],[103.409402074,-3.27553811299992],[103.408511621,-3.27482574999993],[103.408110917,-3.27464765999998],[103.407621168,-3.27429147899995],[103.407621168,-3.27375720699996],[103.407754736,-3.27344554899997],[103.408289008,-3.27344554899997],[103.408556143,-3.27335650299994],[103.408689711,-3.27313388999995],[103.408511621,-3.27277770899997],[103.40833353,-3.27259961799997],[103.408066394,-3.27264414099994],[103.407532123,-3.27300032199998],[103.407175942,-3.27300032199998],[103.406508102,-3.27286675399995],[103.406107398,-3.27259961799997],[103.406018353,-3.27206534699996],[103.406240966,-3.27135298399997],[103.406313389,-3.27058047299994],[103.40725237,-3.27037559999997],[103.40776467,-3.27029061999997],[103.40817375,-3.27000693999998],[103.40807703,-3.26982397999995],[103.40806049,-3.26979268999997],[103.407975583,-3.26963206799996],[103.408110917,-3.26961660199993],[103.408734234,-3.26961660199993],[103.409357551,-3.26952755599995],[103.409802777,-3.26930494299996],[103.409891823,-3.26899328499997],[103.409758255,-3.26832544499996],[103.409402074,-3.26810283199996],[103.409313028,-3.26779117299998],[103.409353336,-3.26774662299994],[103.40991131,-3.26754477999998],[103.41059638,-3.26729695999996],[103.41062977,-3.26729390999999],[103.41064529,-3.26727926999997],[103.41074831,-3.267242],[103.410993256,-3.26697524599997],[103.411583683,-3.26703428799993],[103.412117955,-3.26703428799993],[103.412207,-3.26645549399996],[103.412563181,-3.26578765499994],[103.412874839,-3.26525338299996],[103.412963885,-3.26485267899994],[103.412860816,-3.26415696299995],[103.41288092,-3.26408998999995],[103.41305293,-3.26351700000001],[103.4106848,-3.26311643999998],[103.41772017,-3.25645913999995],[103.42641125,-3.24823484999996],[103.42729585,-3.24034458999996],[103.427193426,-3.24018390099997],[103.42370784,-3.23471551999995],[103.4229987,-3.23471440999998],[103.4221657,-3.23513140999995],[103.42209433,-3.23516713999993],[103.42109127,-3.23450958999996],[103.42089257,-3.23418892999997],[103.4200897,-3.23289328999994],[103.42000438,-3.23259134999995],[103.41988998,-3.23218652999998],[103.41998663,-3.23189660999998],[103.42009173,-3.23158131999998],[103.42009179,-3.23158128999996],[103.42054395,-3.23132972999998],[103.42119605,-3.23168396999995],[103.42144738,-3.23148251999993],[103.42147547,-3.23132857999997],[103.42149184,-3.23123890999995],[103.41946336,-3.22805649999998],[103.41918081,-3.22633600000001],[103.41903584,-3.226135],[103.41883584,-3.22560989999994],[103.41902208,-3.22536947999993],[103.41880268,-3.22403359999994],[103.41805447,-3.22377444999996],[103.41775445,-3.22367052999994],[103.41719305,-3.22310449999998],[103.41699349,-3.22229681999995],[103.41671329,-3.22169085999998],[103.41666729,-3.22133996999997],[103.4166339,-3.22108520999996],[103.41727774,-3.22027884999995],[103.41800135,-3.21983592999993],[103.41800239,-3.21916058999995],[103.41800303,-3.21874773999997],[103.41800359,-3.21838266999994],[103.41800508,-3.21741383999996],[103.41800543,-3.21741045999994],[103.4180155,-3.21731072999995],[103.42283862,-3.21351378999998],[103.42283875,-3.21351368999996],[103.42996278,-3.20790526999998],[103.43149702,-3.20790763999998],[103.43149721,-3.20790763999998],[103.4368596,-3.20791587999997],[103.43685982,-3.20791587999997],[103.43868644,-3.20791868999993],[103.43869764,-3.20053467999998],[103.4386984,-3.20002700999993],[103.43812139,-3.19842446999996],[103.43801086,-3.19811747999995],[103.43784091,-3.19764548999997],[103.43777935,-3.19747451999996],[103.43768645,-3.19721649999997],[103.43766814,-3.19716563999999],[103.43762709,-3.19705164999994],[103.43710179,-3.19559272999994],[103.4363431,-3.19348559999997],[103.43595236,-3.19240038999994],[103.43557977,-3.19136556999997],[103.43522357,-3.19037630999998],[103.4376979,-3.18471492999994],[103.43854637,-3.18277356999995],[103.43903236,-3.18166156999996],[103.4389067,-3.18168433999995],[103.43872201,-3.18171779999995],[103.43810578,-3.18196447999997],[103.43804443,-3.18180961999997],[103.43804848,-3.18175767999998],[103.43807583,-3.18140729999994],[103.43811052,-3.18126867999997],[103.43813778,-3.18115977999998],[103.43831641,-3.18065307999995],[103.43834943,-3.18055943999997],[103.43837439,-3.18051469999996],[103.438601265,-3.18010810999993],[103.4391691,-3.17939998999998],[103.43989189,-3.17867564999995],[103.44029765,-3.17825357999993],[103.44029772,-3.17825345999995],[103.44045198,-3.17800619999997],[103.44045237,-3.17774436999998],[103.4404524,-3.17772762999994],[103.44023727,-3.17744873999993],[103.43999147,-3.17726248999998],[103.43974995,-3.17707947999998],[103.43931802,-3.17635338999998],[103.43925184,-3.17617964999994],[103.4390784,-3.17572430999997],[103.439094233,-3.17543690299993],[103.43910115,-3.17531132999995],[103.43910117,-3.17531130999993],[103.4392718,-3.17509588999997],[103.43960859,-3.17509640999998],[103.43994502,-3.17533872999997],[103.44032949,-3.17562947999994],[103.44121261,-3.17667290999998],[103.44134673,-3.17683137999996],[103.44156223,-3.17686265999993],[103.44156233,-3.17686249999997],[103.44181977,-3.17645389999996],[103.4418095,-3.17624400000001],[103.44172434,-3.17592176999995],[103.44037898,-3.17471066999997],[103.4403453,-3.17466500000001],[103.43999319,-3.17418752999992],[103.43898653,-3.17282242999995],[103.43894258,-3.17250984999993],[103.43889132,-3.17214520999995],[103.43902293,-3.17183779999994],[103.43903616,-3.17180689999998],[103.4395173,-3.17180762999994],[103.43990191,-3.17200165999998],[103.44144052,-3.17268105999994],[103.44342494,-3.17343133999999],[103.44342457,-3.17343100999995],[103.44195863,-3.17210080999997],[103.44191505,-3.17182287999998],[103.44176695,-3.17087825999995],[103.4417286,-3.17063362999994],[103.44165108,-3.17013919999994],[103.44160607,-3.16985213999993],[103.44101772,-3.16898422999998],[103.44079243,-3.16881384999994],[103.4407779,-3.16880286999998],[103.43825385,-3.16812315999993],[103.43661526,-3.16768188999994],[103.4363028,-3.16735208999995],[103.43615613,-3.16730483999994],[103.43565271,-3.16692560999997],[103.43563607,-3.16659153999996],[103.43562954,-3.16646041799993],[103.4356282,-3.16643350999994],[103.43567426,-3.16629528999994],[103.43577319,-3.16599846999998],[103.4365304,-3.16499827999997],[103.43683377,-3.16459756999996],[103.43710717,-3.16422400999994],[103.4373641,-3.16387293999998],[103.43740741,-3.16365697999992],[103.43750952,-3.16314772999994],[103.43808832,-3.16218135999998],[103.43823368,-3.16150449999998],[103.43823247,-3.16150004999997],[103.43823086,-3.16149406999995],[103.43809013,-3.16097229999997],[103.43780211,-3.16053659999994],[103.43543898,-3.15745069999998],[103.43487296,-3.15671154999996],[103.43418585,-3.15606496999994],[103.43415229,-3.15603338999996],[103.4335269,-3.15598407999994],[103.43294905,-3.15632174999996],[103.43232286,-3.15680441999996],[103.43131134,-3.15757667999998],[103.43068501,-3.15815607999997],[103.42904672,-3.15979789999995],[103.42904422,-3.15979723999994],[103.42813295,-3.15955469999995],[103.42742155,-3.15871786999997],[103.42726845,-3.15853777999997],[103.42676223,-3.15799218999996],[103.42587546,-3.15703643999997],[103.42539557,-3.15621355999997],[103.42467651,-3.15447142999995],[103.42395673,-3.15321291999993],[103.42264018,-3.15119838999994],[103.42256469,-3.15108287999994],[103.42193967,-3.15079174999994],[103.42150652,-3.15088781999998],[103.42128695,-3.15140687999998],[103.4213271,-3.15191886999998],[103.42133695,-3.15204451999995],[103.42135999,-3.15233844999995],[103.42103217,-3.15352596999997],[103.42097298,-3.15374035999998],[103.42096288,-3.15376058999993],[103.42062495,-3.15443740999996],[103.42053866,-3.15461020999994],[103.42000366,-3.15478856999994],[103.41981662,-3.15485091999995],[103.41963268,-3.15476707999995],[103.41893998,-3.15445134999993],[103.41882651,-3.15439962999994],[103.41832617,-3.15417157999997],[103.41664328,-3.15349193999999],[103.41642432,-3.15327618999994],[103.41452951,-3.15140914999996],[103.41409665,-3.15131175999994],[103.41291157,-3.15117246999996],[103.41284597,-3.15116475999998],[103.412586789,-3.15110304299997],[103.41202837,-3.15097006999998],[103.41136799,-3.15057822999996],[103.41132332,-3.15055171999995],[103.4112112,-3.15048519999994],[103.41101956,-3.14995291999998],[103.41098392,-3.14940281999999],[103.41097255,-3.14922742999995],[103.41140622,-3.14879283999994],[103.41227288,-3.14835890999995],[103.41310357,-3.14811785999996],[103.413765,-3.14792592999993],[103.41443907,-3.14758842999993],[103.41450967,-3.14750588999994],[103.41472825,-3.14725033999998],[103.41475067,-3.14709427999997],[103.41482066,-3.14660710999993],[103.4148255,-3.14657341999992],[103.41477833,-3.14594464999994],[103.41477383,-3.14593372999997],[103.41460255,-3.14551874999995],[103.41454728,-3.14538482999996],[103.41453866,-3.14536393999993],[103.41317083,-3.14421460999995],[103.41223224,-3.14342593999993],[103.412160134,-3.14246466999993],[103.41213791,-3.14216839999995],[103.41213886,-3.14153969999996],[103.41228386,-3.14110465999995],[103.41252558,-3.14033123999997],[103.4128636,-3.13950960999994],[103.4132498,-3.13863967999993],[103.41353574,-3.13825276999996],[103.41396642,-3.13766996999994],[103.41409886,-3.13761850999993],[103.4144502,-3.13750607999998],[103.41586947,-3.13705192999993],[103.41599945,-3.13653265999994],[103.41608418,-3.13619410999997],[103.41553032,-3.13550675999994],[103.41552391,-3.13511251999995],[103.4154964,-3.13342062999993],[103.41549125,-3.13310389999999],[103.41611975,-3.13245937999994],[103.41625416,-3.13232153999997],[103.41700708,-3.13154942999996],[103.41732952,-3.13121877999993],[103.41878462,-3.13042129999997],[103.41959365,-3.12997789999998],[103.41904082,-3.12860403999998],[103.41908549,-3.12727397999993],[103.41917276,-3.12708829999997],[103.41942806,-3.12654507999997],[103.41964533,-3.12397097999997],[103.41924923,-3.12377113999998],[103.41870699,-3.12349757999995],[103.41869176,-3.12350651999998],[103.41622913,-3.12495266999997],[103.41507492,-3.12610940999997],[103.41362353,-3.12619301999996],[103.41325947,-3.12515474999998],[103.41290099,-3.12413238999995],[103.41296172,-3.12401524999996],[103.41301966,-3.12390348999998],[103.41405681,-3.12190296999996],[103.41585211,-3.12018940999997],[103.4159419,-3.11986634999995],[103.41606668,-3.11941740999993],[103.4136364,-3.11761162999994],[103.41389405,-3.11658224999997],[103.41479966,-3.11649026999994],[103.41555897,-3.11641313999997],[103.4183734,-3.11650475999995],[103.41837751,-3.11547343999996],[103.4181805,-3.11533459999993],[103.41789029,-3.11513009999994],[103.41544709,-3.11340836999994],[103.41483848,-3.11297947999999],[103.41309405,-3.11293787999995],[103.41099709,-3.11288785999994],[103.41052866,-3.11215772999999],[103.41042294,-3.11172986999998],[103.41014683,-3.11061249999995],[103.40892624,-3.10872492999995],[103.40886929,-3.10863683999998],[103.40806139,-3.10657608999998],[103.40593083,-3.10417006999995],[103.40587918,-3.10417419999993],[103.40497798,-3.10424627999992],[103.40471446,-3.10426735999994],[103.40435137,-3.10429639999996],[103.40345148,-3.10665490999997],[103.40329917,-3.10679367999996],[103.40318729,-3.10689560999999],[103.40251116,-3.10751161999997],[103.40219756,-3.10812323999995],[103.40169779,-3.10909792999997],[103.40126857,-3.11068482999997],[103.40113398,-3.11076690999994],[103.40044859,-3.11118484999997],[103.40007299,-3.11098335999998],[103.40004609,-3.11030981999995],[103.400024,-3.10975678999996],[103.39999073,-3.10892370999995],[103.39956519,-3.10806492999996],[103.39941393,-3.10435973999995],[103.39940053,-3.10403143999997],[103.40204965,-3.10219046999993],[103.40332356,-3.10160738999998],[103.40354458,-3.10150622999993],[103.4048089,-3.10108675999993],[103.4061853,-3.10063009999994],[103.40666236,-3.10022373999993],[103.40692216,-3.09918572999993],[103.40747821,-3.09696403999993],[103.40701081,-3.09554740999994],[103.40743995,-3.09400340999998],[103.40931779,-3.09413495999996],[103.40936876,-3.09414479999998],[103.409496527,-3.09416946299996],[103.409170111,-3.08878423799997],[103.394387583,-3.08882843499994],[103.37358523,-3.08889062999998],[103.3710785,-3.08888675999998],[103.366545069,-3.08887971899998],[103.357250908,-3.08886528299996],[103.353202633,-3.08885899499996],[103.35302554,-3.08885871999997],[103.34977337,-3.08885368999995],[103.34549472,-3.08884703999997],[103.34478505,-3.08884593999995],[103.34471989,-3.08884598999992],[103.33764037,-3.08885118999996],[103.33764089,-3.08882253999997],[103.337689713,-3.07565178899995],[103.3376947,-3.07430646999996],[103.33772412,-3.06637253999998],[103.33773488,-3.06346912999994],[103.33341289,-3.06346234999995],[103.325985544,-3.06345065199998],[103.32377465,-3.06344716999997],[103.32367348,-3.06334055999998],[103.32363235,-3.06292040999994],[103.32358533,-3.06244016999995],[103.32303433,-3.06204319999995],[103.32295917,-3.06198905999997],[103.32256547,-3.06170874999999],[103.32143848,-3.06090636999994],[103.32099604,-3.05748472999995],[103.32037282,-3.05514309999995],[103.32035378,-3.05486904999998],[103.32033759,-3.05463604999995],[103.32031877,-3.05436527999995],[103.32028523,-3.05388261999998],[103.32083618,-3.05363748999998],[103.32204154,-3.05122342999994],[103.32231218,-3.05089798999996],[103.3220817,-3.05037445999994],[103.32224672,-3.04963340999996],[103.32226205,-3.04956451999994],[103.32297986,-3.04866539999995],[103.32360727,-3.04830627999997],[103.32431788,-3.04848604999996],[103.32579755,-3.04670666999994],[103.3256368,-3.04499391999997],[103.32342185,-3.04220166999994],[103.32329108,-3.04223900999995],[103.32316884,-3.04227391999995],[103.32248084,-3.04240974999993],[103.32218979,-3.04246720999993],[103.32029518,-3.04118397999998],[103.31728603,-3.03307201999997],[103.30007287,-2.98666879999996],[103.29990605,-2.98621909999998],[103.29965713,-2.98604219999994],[103.29965081,-2.98603770999995],[103.29938338,-2.98566520999998],[103.29912904,-2.98507459999997],[103.299010596,-2.98484217899995],[103.29890001,-2.98462517999997],[103.29894377,-2.98415000000001],[103.29896278,-2.98399523999996],[103.29899222,-2.98375556999998],[103.29900359,-2.98366303999996],[103.29902035,-2.98314146999996],[103.29903039,-2.98282908999994],[103.29915867,-2.98240587999993],[103.29913489,-2.98217944999994],[103.29912093,-2.98204656999997],[103.29912716,-2.98177231999995],[103.29913462,-2.98144354999994],[103.29923786,-2.98069952999992],[103.29929254,-2.98040881999998],[103.29931507,-2.98028906999997],[103.29931564,-2.97991698999994],[103.29894596,-2.97937362999994],[103.29886997,-2.97926192999995],[103.29881526,-2.97911688999995],[103.2986666,-2.97872272999996],[103.298187804,-2.97778390899993],[103.29751037,-2.97645559999996],[103.29728512,-2.97633008999998],[103.297140047,-2.97624925699995],[103.2968074,-2.97606390999994],[103.29618291,-2.97551121999993],[103.295489709,-2.97518028399998],[103.295382017,-2.97512887199997],[103.2952392,-2.97506068999997],[103.29519659,-2.97503579999995],[103.29511442,-2.97498779999995],[103.295068942,-2.97493379899993],[103.290791569,-2.97457036199996],[103.289429743,-2.97187697299996],[103.291773105,-2.97102025999994],[103.291715551,-2.97095191799998],[103.291045772,-2.97015660699998],[103.291011403,-2.97011579599996],[103.29062675,-2.96965904999997],[103.290595295,-2.96962169899997],[103.28612868,-2.96431789999997],[103.28325408,-2.96090452999995],[103.28197361,-2.95949237999997],[103.28127139,-2.95871794999994],[103.28115047,-2.95858458999994],[103.28123102,-2.95844520999998],[103.28145815,-2.95871245999997],[103.28172838,-2.95874684999996],[103.28191315,-2.95877035999997],[103.28241943,-2.95852852999997],[103.28242396,-2.95852682999992],[103.28243358,-2.95852321999997],[103.28207202,-2.95826459999995],[103.28195864,-2.95818350999997],[103.28089168,-2.95704022999997],[103.28062175,-2.95675098999993],[103.28038155,-2.95649654999994],[103.27730038,-2.95323282999994],[103.27224523,-2.94788183999997],[103.26822787,-2.94352285999998],[103.26728624,-2.94250115999995],[103.26728618,-2.94250108999996],[103.26749306,-2.94242784999994],[103.26433255,-2.94003695999993],[103.26404791,-2.93972303999994],[103.2623746,-2.93566768999995],[103.26074401,-2.93607927999994],[103.25751049,-2.93251310999996],[103.25489439,-2.93100467999994],[103.25427485,-2.93062086999993],[103.25291109,-2.92977598999995],[103.24958975,-2.92779573999997],[103.2448573,-2.92631968999996],[103.24470582,-2.92627612999996],[103.24139492,-2.92532406999993],[103.24013343,-2.92479326999996],[103.23229058,-2.92195034999998],[103.23185828,-2.92176850999994],[103.232000992,-2.92175285299994],[103.232548369,-2.92144922999996],[103.23276119,-2.92105927999996],[103.232084844,-2.92103695599997],[103.2318026,-2.92102763999998],[103.23147664,-2.92101688999998],[103.23102238,-2.92068956999998],[103.23091525,-2.92061237999997],[103.22972917,-2.91965253999997],[103.22972915,-2.91965251999995],[103.2218897,-2.91330833999996],[103.22185796,-2.91328217999995],[103.2144929,-2.90721336999997],[103.2141165,-2.90690320999995],[103.20784472,-2.90514744999996],[103.20773652,-2.90511715999998],[103.20761675,-2.90508452999996],[103.20760911,-2.90508244999996],[103.20593494,-2.90462639999992],[103.20447222,-2.90422794999995],[103.20356343,-2.90398038999996],[103.20206095,-2.90344119999998],[103.19992247,-2.90267375999997],[103.19941533,-2.90249175999998],[103.19927057,-2.90243980999998],[103.19921352,-2.90243978999996],[103.19616917,-2.90243881999993],[103.18628456,-2.90243562999996],[103.1862845,-2.90243562999996],[103.18382966,-2.90267518999997],[103.17826607,-2.90231654999997],[103.17478905,-2.90196125999996],[103.174246446,-2.90202868799997],[103.174229478,-2.90203079799995],[103.174115964,-2.90488486299995],[103.171763641,-2.90479812199994],[103.17117669,-2.90480524499998],[103.171234371,-2.90240298699996],[103.1689738,-2.90268388999993],[103.168979698,-2.90132974299997]]]]},"properties":{"gid":1482,"luas":null,"idkec":"1605080","kdkab":"05","kdkec":"080","nmkab":"MUSI RAWAS","nmkec":"MUARA LAKITAN","kdprov":"16","nmprov":"SUMATERA SELATAN","sumber":null,"periode":"2025_1"}},{"id":1483,"type":"Feature","geometry":{"type":"MultiPolygon","coordinates":[[[[102.940313266,-3.23104181799994],[102.940218452,-3.23101021299993],[102.939974177,-3.23092878799998],[102.939863634,-3.23065857199992],[102.939827596,-3.23057047899994],[102.939806164,-3.23014183699997],[102.939746162,-3.22894180199996],[102.939730076,-3.22893838999994],[102.93970881,-3.22893387899996],[102.939462931,-3.22888172199993],[102.939458546,-3.22884357999993],[102.939458352,-3.22884189299999],[102.93938516,-3.22881885999994],[102.937512402,-3.22822952999997],[102.937498587,-3.22822518299995],[102.937466013,-3.22721540299995],[102.936146987,-3.22680954899994],[102.935983917,-3.22675937399993],[102.935154532,-3.22583429199995],[102.935137004,-3.22581474099997],[102.934664688,-3.22475609999998],[102.934718487,-3.22440256299996],[102.934778695,-3.22400690899997],[102.934855687,-3.22387970399995],[102.935901508,-3.22215182699995],[102.935902483,-3.22215021599994],[102.935899233,-3.22211879499997],[102.935804762,-3.22120558299998],[102.935544185,-3.22034241999996],[102.935544174,-3.22034238399994],[102.935456391,-3.22001633399997],[102.935430166,-3.21991892799997],[102.935422398,-3.21991313299998],[102.934404099,-3.21915344899998],[102.934059047,-3.21900219299994],[102.933215165,-3.21863227299998],[102.933032448,-3.21822837199995],[102.932905716,-3.21794822799995],[102.932916824,-3.21793610999993],[102.933090234,-3.21774693599997],[102.93344318,-3.21736190399998],[102.933474847,-3.21736190399998],[102.934469246,-3.21736190399998],[102.934865661,-3.21723694699995],[102.935488676,-3.21704056199998],[102.93596763,-3.21688958799997],[102.936896252,-3.21706803799998],[102.93714068,-3.21644474899995],[102.937211004,-3.21626542299993],[102.937221712,-3.21623811699994],[102.937954616,-3.21508175499998],[102.938111486,-3.21509025299998],[102.938154128,-3.21480645799994],[102.938016887,-3.21440649899995],[102.937854159,-3.21428494299995],[102.937780147,-3.21435748499994],[102.936890043,-3.21436924799998],[102.936850831,-3.21346934099995],[102.936107771,-3.21344973499993],[102.936029347,-3.21296547199995],[102.935986214,-3.21252630099997],[102.936117336,-3.21251075399994],[102.93636584,-3.21248330599997],[102.93653641,-3.21246566099996],[102.936644242,-3.21245879899993],[102.936715741,-3.21245809799996],[102.936715737,-3.21245806199994],[102.936702785,-3.21234148599997],[102.936686048,-3.21226968299993],[102.936682877,-3.21219856899996],[102.936682269,-3.21218492299994],[102.936711422,-3.21211581899997],[102.936740576,-3.21205427399998],[102.936778367,-3.21202296099995],[102.936820477,-3.21200892399997],[102.936858268,-3.21200028599998],[102.93691111,-3.21194984999995],[102.93691126,-3.21194910999999],[102.93694525,-3.21178287999993],[102.93695823,-3.21171947999995],[102.93698437,-3.21159183999992],[102.93699463,-3.21154172999996],[102.93700924,-3.21146696999994],[102.9370125,-3.21144409999994],[102.93701642,-3.21141658999995],[102.937033273,-3.21129833599998],[102.93704219,-3.21123576999998],[102.93705853,-3.21112108999995],[102.93705876,-3.21111949999994],[102.93708256,-3.21095243999997],[102.93708262,-3.21095204999995],[102.93710498,-3.21079511999994],[102.93711215,-3.21074481999995],[102.93711326,-3.21073595999997],[102.93711335,-3.21073523999996],[102.93711278,-3.21072807999997],[102.93710941,-3.21068557999997],[102.9371058,-3.21063997999994],[102.9371024,-3.21059705999995],[102.93709421,-3.21049360999996],[102.93709217,-3.21046784999993],[102.93708455,-3.21037165999997],[102.93707982,-3.21031188999996],[102.93706547,-3.21025756999996],[102.93698121,-3.20995648999997],[102.93694982,-3.20985798999994],[102.93691386,-3.20974515999996],[102.93690719,-3.20972423999996],[102.93685669,-3.20958692999995],[102.93684691,-3.20956122999997],[102.93683604,-3.20953263999997],[102.936799831,-3.20943425599995],[102.93660024,-3.20889194999995],[102.93642662,-3.20843853999998],[102.936386406,-3.20834150099996],[102.93625971,-3.20803577999994],[102.93619852,-3.20789958999996],[102.93616887,-3.20783360999997],[102.93603395,-3.20753332999994],[102.93602698,-3.20751779999995],[102.9360262,-3.20751613999995],[102.93584826,-3.20713827999998],[102.93577986,-3.20701926999993],[102.9356835,-3.20685159999993],[102.93552265,-3.20657170999994],[102.93531452,-3.20621402999996],[102.93509348,-3.20593584999995],[102.93502572,-3.20585057999995],[102.93449885,-3.20521160999993],[102.93439097,-3.20509678999997],[102.93382417,-3.20449348999996],[102.93343165,-3.20410200000001],[102.93325989,-3.20395032999994],[102.93303219,-3.20374924999993],[102.93255442,-3.20334666499997],[102.93195823,-3.20288588999995],[102.9314552,-3.20255025999996],[102.93134884,-3.20248530999993],[102.93101191,-3.20227953999996],[102.93092861,-3.20222865999994],[102.93088555,-3.20220287999997],[102.930707205,-3.20209607599998],[102.93014947,-3.20176206999998],[102.93014944,-3.20176204999996],[102.92977019,-3.20153238999995],[102.92977016,-3.20153237999995],[102.9296088,-3.20142838999994],[102.92948954,-3.20135152999996],[102.92948595,-3.20134921999995],[102.92942809,-3.20129501999997],[102.92942728,-3.20129426999996],[102.92939496,-3.20126398999997],[102.92920298,-3.20110975999996],[102.92887483,-3.20084630999998],[102.92887383,-3.20084550999997],[102.92887232,-3.20084407999997],[102.928744523,-3.20072348899993],[102.928734193,-3.20072148099996],[102.92873113,-3.20071875999998],[102.92873114,-3.20071085999997],[102.92852059,-3.20051218999994],[102.92852053,-3.20051212999994],[102.92850203,-3.20049474999996],[102.92848166,-3.20047560999996],[102.92846187,-3.20045278999992],[102.92840899,-3.20039051999993],[102.92826866,-3.20022528999994],[102.92821632,-3.20016366999994],[102.92812975,-3.20006171999995],[102.92811453,-3.20004357999995],[102.9280928,-3.20001332999993],[102.92801437,-3.19990412999994],[102.92795323,-3.19981900000001],[102.92788398,-3.19972258999997],[102.92786846,-3.19970097999993],[102.92786334,-3.19969359999994],[102.92767375,-3.19938034999996],[102.927941512,-3.19882955099997],[102.928130637,-3.19870133099994],[102.928529663,-3.19835930899995],[102.928644943,-3.19824939099994],[102.928652145,-3.19824252399997],[102.928879829,-3.19802542999997],[102.928953958,-3.19794071099995],[102.929221851,-3.19763454699995],[102.929490583,-3.19749203799996],[102.929679952,-3.19724697199996],[102.929691114,-3.19724773599996],[102.929696102,-3.19722607099993],[102.92969774,-3.19722395199994],[102.929698239,-3.19722330599996],[102.929698848,-3.19722068199997],[102.929698491,-3.19722057099995],[102.929697444,-3.19722024599997],[102.929729508,-3.19708099499997],[102.929762368,-3.19693828699997],[102.929763099,-3.19692983699998],[102.92976389,-3.19692068799998],[102.929794942,-3.19656165599997],[102.929734884,-3.19585928799996],[102.929603572,-3.19554474999995],[102.929600188,-3.19554318099995],[102.929463099,-3.19547960299997],[102.929441722,-3.19547349499994],[102.929292281,-3.19543023599993],[102.929170955,-3.19539511499995],[102.929098682,-3.19538493599993],[102.92894433,-3.19536431399997],[102.928847255,-3.19535134499995],[102.928844308,-3.19535051799995],[102.92884423,-3.19535050099995],[102.928647742,-3.19529535899995],[102.928646731,-3.19529681899996],[102.928646401,-3.19529729599999],[102.928645782,-3.19529681899996],[102.928450253,-3.19529681899996],[102.928424695,-3.19529681899996],[102.928419728,-3.19529739899997],[102.928136928,-3.19533067399993],[102.928109235,-3.19533393199993],[102.927996843,-3.19533393199993],[102.927803247,-3.19533393199993],[102.927793775,-3.19533393199993],[102.927704457,-3.19530415899994],[102.927518327,-3.19524211599998],[102.927515428,-3.19524114999997],[102.927502866,-3.19517833799995],[102.92746031,-3.19496555799999],[102.927459759,-3.19496280299995],[102.927475186,-3.19492754099997],[102.927548343,-3.19476032399996],[102.927589654,-3.19466589999996],[102.927589654,-3.19451744799995],[102.927517572,-3.19445737999996],[102.927478315,-3.19442466599998],[102.927383207,-3.19438186699995],[102.927261086,-3.19439762499996],[102.927051517,-3.19442466599998],[102.926729454,-3.19458569699998],[102.926636767,-3.19463204099997],[102.926606162,-3.19464734299993],[102.926327815,-3.19479579499995],[102.926078397,-3.19493831999995],[102.925868413,-3.19505830999999],[102.925808234,-3.19509269799994],[102.925722839,-3.19515838599995],[102.925639456,-3.19522252699994],[102.925576509,-3.19527094899997],[102.925567,-3.19527826299998],[102.925084532,-3.19546382699997],[102.92488408,-3.19540052699995],[102.924731959,-3.19535248899997],[102.92436083,-3.19540815799996],[102.924087531,-3.19548103799997],[102.924082483,-3.19548238399995],[102.923674241,-3.19529681899996],[102.923669623,-3.19529143099993],[102.923510078,-3.19510529599995],[102.923452183,-3.19503775299995],[102.923451563,-3.19503702899995],[102.923444464,-3.19503067699998],[102.923098991,-3.19472156899997],[102.923024142,-3.19465028499997],[102.922980224,-3.19460845799995],[102.922709305,-3.19435043999994],[102.922558402,-3.19422828099994],[102.922547543,-3.19421949099996],[102.922319619,-3.19403497999997],[102.921929934,-3.19377518999995],[102.921448358,-3.19373814599994],[102.921447466,-3.19373807699999],[102.921443296,-3.19373784499993],[102.921427907,-3.19373698999994],[102.921113449,-3.19371951999995],[102.920944139,-3.19370649599995],[102.920630981,-3.19368240699994],[102.920265475,-3.19359103099993],[102.920259852,-3.19358962499996],[102.919981505,-3.19323705199998],[102.919962203,-3.19320290199994],[102.919913067,-3.19311596799997],[102.919740271,-3.19281025399994],[102.919732407,-3.19279677199995],[102.919712618,-3.19276099199994],[102.919701213,-3.19274037099996],[102.919697141,-3.19274240699997],[102.919481341,-3.19237188299996],[102.919442374,-3.19232170599998],[102.919324492,-3.19216991299993],[102.919184107,-3.19198914299995],[102.918994345,-3.19188563599994],[102.91878101,-3.19176927199993],[102.918026222,-3.19167778199995],[102.917974814,-3.19167155099995],[102.917967078,-3.19167323299996],[102.917949321,-3.19167709299995],[102.917941346,-3.19167228299995],[102.917575788,-3.19165119299993],[102.916887672,-3.19153311399999],[102.916415356,-3.19134581599997],[102.916024473,-3.19095900499997],[102.916015299,-3.19093632999994],[102.91590245,-3.19065740099996],[102.915872765,-3.19058402899998],[102.915808673,-3.19042561299995],[102.915454436,-3.18983114599997],[102.915443313,-3.18981928099992],[102.915439853,-3.18981558999997],[102.915332285,-3.18970085099994],[102.915316691,-3.18963977499994],[102.915283425,-3.18950948199996],[102.915295057,-3.18919929299994],[102.91529564,-3.18918374599997],[102.915311015,-3.18908688599992],[102.915320855,-3.18902489499994],[102.915336357,-3.18892722999993],[102.915446618,-3.18873924399998],[102.91558473,-3.18850377299998],[102.91587382,-3.18817803799994],[102.915446292,-3.18755099699997],[102.91538935,-3.18709210499998],[102.915377241,-3.18699451899994],[102.915376751,-3.18699446599993],[102.915364859,-3.18699317499995],[102.915367877,-3.18692978699994],[102.91536802,-3.18692679399993],[102.915368868,-3.18690897199998],[102.915368884,-3.18690863599994],[102.91536893,-3.18690766899994],[102.915369425,-3.18690735099995],[102.915369605,-3.18690723499998],[102.915690594,-3.18615033399993],[102.915938967,-3.18538892799996],[102.915925643,-3.18525568499997],[102.915894179,-3.18494104099995],[102.915625447,-3.18429974899994],[102.915682451,-3.18333882999997],[102.915875105,-3.18293546099995],[102.915943039,-3.18279322299998],[102.916105907,-3.18216618199995],[102.916099873,-3.18214541299995],[102.915884337,-3.18140356999994],[102.915755741,-3.18096095999994],[102.916004115,-3.18078180599998],[102.916148042,-3.18082131499995],[102.916419427,-3.18089581299995],[102.916569557,-3.18087271599995],[102.916578223,-3.18087138299996],[102.916578223,-3.18042349699994],[102.916614869,-3.17988603299995],[102.917307057,-3.18009368999999],[102.917612398,-3.18031549399995],[102.917629905,-3.18032821099997],[102.917738656,-3.18040720999994],[102.917748062,-3.18040634499994],[102.917887181,-3.18039355299994],[102.918092894,-3.18037463699995],[102.918097664,-3.18036878999994],[102.918219116,-3.18021991199993],[102.9182238,-3.18021794799995],[102.918234873,-3.18021330399995],[102.918242255,-3.18020486799997],[102.918119348,-3.18006275799997],[102.917629941,-3.17932864599994],[102.917635235,-3.17917511999996],[102.917650333,-3.17873727799997],[102.918037781,-3.17834982999995],[102.918390022,-3.17815413999995],[102.918404836,-3.17814590999995],[102.918405175,-3.17814297499996],[102.918466012,-3.17761571899996],[102.918509411,-3.17718173499998],[102.918521157,-3.17706427299994],[102.918527188,-3.17700395899994],[102.918553407,-3.17693986899997],[102.91862119,-3.17677417599999],[102.918647431,-3.17669807899995],[102.918666232,-3.17664355599993],[102.918710716,-3.17651455099997],[102.919156144,-3.17598663599995],[102.91915906,-3.17453573499995],[102.919159089,-3.17452117899996],[102.919434149,-3.17458097499997],[102.919837471,-3.17466865299997],[102.919862864,-3.17467417299998],[102.920352272,-3.17447025399998],[102.920348939,-3.17437693099992],[102.920324023,-3.17367927799996],[102.920330007,-3.17367642199998],[102.920450847,-3.17361875099994],[102.92051964,-3.17358591999995],[102.920965209,-3.17341468999996],[102.920965245,-3.17341467599994],[102.920993102,-3.17340397099998],[102.921371871,-3.17385849399995],[102.921846912,-3.17385849399995],[102.921902063,-3.17385849399995],[102.921903873,-3.17385741899995],[102.922352389,-3.17359111299993],[102.92247405,-3.17351887699994],[102.922963264,-3.17322840599997],[102.922961674,-3.17322384399995],[102.923206941,-3.17307544699998],[102.923769171,-3.17292855799997],[102.924412162,-3.17276056899994],[102.924729439,-3.17213339399996],[102.924860297,-3.17187472199993],[102.92487905,-3.17183765199997],[102.924878034,-3.17182170799993],[102.924868379,-3.17167011799995],[102.924854564,-3.17145322299997],[102.924770472,-3.17013296899995],[102.924729439,-3.17008935899997],[102.924400169,-3.16973940999998],[102.924306738,-3.16964011199997],[102.923890334,-3.16919755699996],[102.923898738,-3.16919336799999],[102.924104707,-3.16909068699994],[102.924300702,-3.16899268999993],[102.924380193,-3.16889730099996],[102.92446683,-3.16879333599998],[102.924524016,-3.16847881599995],[102.924530464,-3.16844334999996],[102.924535841,-3.16841422399995],[102.924387737,-3.16797281399994],[102.924262384,-3.16787815899994],[102.924097691,-3.16774091499998],[102.924084736,-3.16773011999994],[102.924001672,-3.16744770299994],[102.924001672,-3.16717248899993],[102.924001672,-3.16681140999998],[102.924001672,-3.16673335399998],[102.924007046,-3.16672542099997],[102.92409218,-3.16659974599998],[102.92435054,-3.16621835799998],[102.924416962,-3.16589953399996],[102.924433604,-3.16581965199993],[102.924432489,-3.16580761199998],[102.92435054,-3.16492256299995],[102.924101349,-3.16450724399993],[102.924081516,-3.16431287999995],[102.924083202,-3.16431213499994],[102.924443266,-3.16415312999994],[102.924443517,-3.16415301899997],[102.92444737,-3.16414017599993],[102.92446683,-3.16407531199996],[102.924467099,-3.16407517199998],[102.924571234,-3.16402003899998],[102.924748482,-3.16392620099993],[102.924749246,-3.16392579699994],[102.924891461,-3.16394767599997],[102.924992725,-3.16396288599998],[102.925169715,-3.16399048499994],[102.925181178,-3.16399224799994],[102.925425788,-3.16408397699996],[102.925427553,-3.16408239899995],[102.925431138,-3.16408329999996],[102.925862301,-3.16419160199996],[102.926327459,-3.16422482699994],[102.926602635,-3.16419861999998],[102.926676327,-3.16419160199996],[102.926770116,-3.16415749599998],[102.926859067,-3.16412514999997],[102.926868336,-3.16403246399995],[102.92687568,-3.16395902299997],[102.926873513,-3.16395739799997],[102.92687357,-3.16395656699995],[102.926539609,-3.16370682199994],[102.926230132,-3.16358451399999],[102.926059801,-3.16351719799998],[102.926054639,-3.16351515799995],[102.926054666,-3.16351464899998],[102.926045187,-3.16351058699996],[102.926045146,-3.16351051999994],[102.92603392,-3.16349194099996],[102.926010823,-3.16345371699992],[102.925944757,-3.16334578399996],[102.925938949,-3.16323543199996],[102.925933299,-3.16311508399997],[102.925928753,-3.16302870799996],[102.925969192,-3.16299837899993],[102.926023165,-3.16295664699993],[102.926127226,-3.16287920599995],[102.926172949,-3.16287171899996],[102.926292754,-3.16285210199993],[102.926296597,-3.16285111099996],[102.926427135,-3.16282935499993],[102.92651528,-3.16283718999996],[102.926520719,-3.16283854999995],[102.926870999,-3.16286880999997],[102.926890496,-3.16287049399994],[102.926950562,-3.16287588199998],[102.927567378,-3.16293070999996],[102.927569242,-3.16292021799996],[102.927573325,-3.16291971699997],[102.928512037,-3.16280443599993],[102.928591056,-3.16276821899993],[102.928903474,-3.16261200999998],[102.929028687,-3.16250182299996],[102.929125826,-3.16229135399993],[102.929126709,-3.16228943999995],[102.929126685,-3.16228920699997],[102.929093484,-3.16197379799996],[102.929236602,-3.16187404899995],[102.929267752,-3.16185167399995],[102.929519124,-3.16167111099997],[102.929522583,-3.16166780399994],[102.930047654,-3.16116581299997],[102.93011735,-3.16047465799995],[102.930031205,-3.16027104099994],[102.929989574,-3.16017264099998],[102.929593985,-3.15960331499998],[102.929560079,-3.15955057199995],[102.929558641,-3.15954833499996],[102.929575254,-3.15934898199993],[102.92962964,-3.15931463299996],[102.929664348,-3.15929271199997],[102.929664383,-3.15929268999998],[102.929808838,-3.15920145399998],[102.929890793,-3.15914963999996],[102.929890893,-3.15914963099994],[102.929902712,-3.15914860599998],[102.93027013,-3.15911660699993],[102.930273034,-3.15911636499994],[102.930280174,-3.15911527799996],[102.930618625,-3.15906239699996],[102.930761221,-3.15904004099998],[102.93078346,-3.15903655399996],[102.930783488,-3.15903540099993],[102.931675218,-3.15878023699998],[102.931683337,-3.15878667599998],[102.931683389,-3.15878666099996],[102.931707781,-3.15877981099993],[102.931737334,-3.15877148599999],[102.931743731,-3.15876972299998],[102.931751525,-3.15876753499993],[102.931755974,-3.15876565299994],[102.932235479,-3.15856278499996],[102.932235583,-3.15856274099997],[102.932235584,-3.15856266999999],[102.93235126,-3.15851354399996],[102.932993047,-3.15824226099995],[102.932994682,-3.15824158399994],[102.933007083,-3.15823645299997],[102.933007045,-3.15823660299998],[102.933007649,-3.15823609799999],[102.93303635,-3.15822395499993],[102.933047321,-3.15821931399996],[102.933678606,-3.15846850499999],[102.934044087,-3.15851834299998],[102.934284554,-3.15839009399998],[102.934293278,-3.15838544099995],[102.934260052,-3.15811963699997],[102.934255812,-3.15809631699995],[102.934226827,-3.15793689699996],[102.934559709,-3.15796352699995],[102.934642146,-3.15797012199994],[102.934824886,-3.15758802899996],[102.934824743,-3.15758679399994],[102.934749735,-3.15693985199994],[102.934737721,-3.15683623199993],[102.934731374,-3.15678363299998],[102.934731097,-3.15678347899996],[102.934717545,-3.15654922199997],[102.934625585,-3.15509818499993],[102.934625652,-3.15509798399995],[102.934625533,-3.15509611499993],[102.934691984,-3.15489676099997],[102.934692891,-3.15489626599998],[102.934693345,-3.15489490399995],[102.934768444,-3.15485505599997],[102.934883074,-3.15479423199997],[102.935009882,-3.15473324799996],[102.935007422,-3.15473073699998],[102.935007627,-3.15473063399997],[102.934992644,-3.15471565099996],[102.93487049,-3.15459095099994],[102.934708591,-3.15442977899994],[102.934701856,-3.15437093799995],[102.934693616,-3.15429677699996],[102.934691984,-3.15428208899994],[102.934700774,-3.15423813999997],[102.934710769,-3.15418620499998],[102.934724926,-3.15411614499994],[102.934725193,-3.15411604899998],[102.934741811,-3.15411007099993],[102.93482584,-3.15407984499995],[102.93500542,-3.15401631599998],[102.935206065,-3.15394533499995],[102.935240205,-3.15393322099994],[102.935243142,-3.15393250899997],[102.935351466,-3.15390560499998],[102.935409179,-3.15389225799993],[102.935788426,-3.15380031899998],[102.936153907,-3.15378370599995],[102.936239175,-3.15378370599995],[102.936326927,-3.15378370599995],[102.93635326,-3.15378370599995],[102.936505993,-3.15354464699994],[102.936735354,-3.15318564699993],[102.936871965,-3.15306510799996],[102.936888723,-3.15305032099997],[102.937017771,-3.15293645599997],[102.93719106,-3.15281370999998],[102.937416477,-3.15265403899997],[102.937815703,-3.15254836099997],[102.937981311,-3.15250452399994],[102.938529532,-3.15243807299993],[102.939270655,-3.15235572599995],[102.93941271,-3.15233994199997],[102.939426621,-3.15233839599995],[102.939675813,-3.15242145999997],[102.93970307,-3.15246039999994],[102.939703131,-3.15246034699994],[102.939706855,-3.15246586799999],[102.939706886,-3.15246586199993],[102.939706962,-3.15246584699998],[102.939712094,-3.15247251999996],[102.939712239,-3.15247220899994],[102.940004472,-3.15247556099997],[102.94007413,-3.15247635999998],[102.940075202,-3.15247555899993],[102.940202978,-3.15237972699993],[102.940207032,-3.15237668299995],[102.940207032,-3.15228448299996],[102.940208787,-3.15224323999996],[102.940194366,-3.15221591699999],[102.940158073,-3.15213607299996],[102.940040904,-3.15187830099995],[102.940020628,-3.15181071399997],[102.939896949,-3.15139844899994],[102.939841551,-3.15121378999993],[102.939817827,-3.15105958499993],[102.9397751,-3.15078185799997],[102.9397751,-3.15048282899994],[102.939990978,-3.15013202699993],[102.940040904,-3.15005089699997],[102.940068497,-3.15004838899995],[102.940406385,-3.15001767099994],[102.94051903,-3.15001767099994],[102.940541785,-3.15001767099994],[102.940856542,-3.15001767099994],[102.940937993,-3.15001767099994],[102.94095466,-3.15001767099994],[102.941137346,-3.15001767099994],[102.941303474,-3.14988476899993],[102.941303168,-3.14988262699996],[102.941299224,-3.14985501799992],[102.941265847,-3.14964705399996],[102.941138071,-3.14942344599996],[102.941138097,-3.14942312899996],[102.941139051,-3.14941168399997],[102.941139896,-3.14940154899995],[102.941140975,-3.14938859699993],[102.94103643,-3.14907205999999],[102.940963264,-3.14884741099997],[102.940606966,-3.14772961299997],[102.940572367,-3.14762106699993],[102.94051388,-3.14749991499997],[102.940500134,-3.14741743899998],[102.940498881,-3.14740992199996],[102.940277625,-3.14722667399996],[102.940273764,-3.14722347599996],[102.940200864,-3.14686427499993],[102.940193904,-3.14682998299998],[102.940205163,-3.14676977299996],[102.940227798,-3.14664528099996],[102.940327276,-3.14659001499997],[102.940373953,-3.14656136199994],[102.94053857,-3.14603475499996],[102.940800714,-3.14553571099998],[102.941142471,-3.14527550899993],[102.941293932,-3.14525609099996],[102.941383566,-3.14539282999994],[102.941464811,-3.14566581199996],[102.94172577,-3.14587020699998],[102.941967739,-3.14584834199997],[102.942239591,-3.14571824099994],[102.942406587,-3.14551046699996],[102.942686206,-3.14514734999995],[102.942952234,-3.14477840699993],[102.943154182,-3.14450655399997],[102.943394965,-3.14431625699997],[102.943587924,-3.14417997199996],[102.943672643,-3.14412013499999],[102.943864882,-3.14400750999994],[102.944004692,-3.14385022399994],[102.944049354,-3.14371235599999],[102.943993041,-3.14357836999994],[102.94387053,-3.14341939099996],[102.943845566,-3.14338699699994],[102.94392089,-3.14338966999998],[102.943940582,-3.14339036999997],[102.94398304,-3.14339187999997],[102.94475056,-3.14338133999997],[102.94651579,-3.14336360999995],[102.94651582,-3.14336360999995],[102.94653544,-3.14336341999996],[102.94653546,-3.14335568999997],[102.94653613,-3.14301136999995],[102.94653615,-3.14300364999997],[102.94653784,-3.14213734999993],[102.94718602,-3.14219529999997],[102.94775735,-3.14224636999995],[102.94775736,-3.14224062999995],[102.94775737,-3.14223864999997],[102.94775738,-3.14223289999996],[102.9477578,-3.14201870999994],[102.94775844,-3.14168663999994],[102.9480769,-3.14163107999997],[102.94850211,-3.14155687999995],[102.94851197,-3.14155663999998],[102.94855165,-3.14155569999997],[102.94901525,-3.14154465999997],[102.94909879,-3.14154267999993],[102.94913294,-3.14154185999996],[102.94916398,-3.14154111999995],[102.94922507,-3.14153200999994],[102.94934754,-3.14151375999996],[102.94958277,-3.14147867999999],[102.94959977,-3.14147614999997],[102.94964754,-3.14146902999994],[102.94991703,-3.14142884999995],[102.95005396,-3.14139766999995],[102.95050423,-3.14129514999997],[102.95053098,-3.14139211999998],[102.95053935,-3.14142243999993],[102.95074136,-3.14196719999996],[102.95083612,-3.14201982999999],[102.9508457,-3.14201325999995],[102.95117179,-3.14220626999998],[102.951518888,-3.14241171799995],[102.95152227,-3.14241371999999],[102.951577286,-3.14241450299994],[102.952542914,-3.14242823999996],[102.95261856,-3.14251462399995],[102.95291037,-3.14252143099999],[102.953151237,-3.14252008699998],[102.953317583,-3.14250337299995],[102.953325757,-3.14250254999997],[102.953325811,-3.14250254599995],[102.953326946,-3.14250243199996],[102.953506039,-3.14249864899995],[102.953665929,-3.14249920799995],[102.953750126,-3.14249681599995],[102.95376745,-3.14247733699995],[102.953769859,-3.14247844599994],[102.95388565,-3.14253177999996],[102.9538971,-3.14253704999993],[102.95424779,-3.14269857999996],[102.95495153,-3.14305401999996],[102.95532941,-3.14377916999997],[102.95536094,-3.14384651999995],[102.9555452,-3.14429348999994],[102.95586202,-3.14485334999996],[102.95617883,-3.14541321999998],[102.95657203,-3.14611568999994],[102.95657654,-3.14612374999995],[102.95653506,-3.14614119999994],[102.95652737,-3.14614442999994],[102.95652312,-3.14614621799996],[102.956517635,-3.14617327799994],[102.95652209,-3.14617139999996],[102.95652212,-3.14617138999995],[102.95651157,-3.14622735999997],[102.956500187,-3.14630898799993],[102.95648026,-3.14645188999999],[102.95615786,-3.14876415999994],[102.95607548,-3.14933698999994],[102.9560672,-3.14939457999998],[102.955956744,-3.15016265899994],[102.959999151,-3.14859851099994],[102.960068949,-3.14857150399996],[102.962080877,-3.14702263899994],[102.9620968,-3.14702266999996],[102.96304094,-3.14702452999996],[102.96392216,-3.14702625999996],[102.96495799,-3.14702828999999],[102.966505081,-3.14703131699997],[102.96654755,-3.14703139999996],[102.9669052,-3.14703209999994],[102.96747382,-3.14709038999996],[102.96769982,-3.14711354999997],[102.96793455,-3.14715334999994],[102.96841489,-3.14723478999997],[102.9689622,-3.14729377999993],[102.96916978,-3.14731615999995],[102.96977929,-3.14740489999997],[102.97000407,-3.14743762999996],[102.97077589,-3.14758024999998],[102.97077593,-3.14758025999994],[102.97094301,-3.14760857999994],[102.97094306,-3.14760858999995],[102.97163517,-3.14770935999997],[102.97164587,-3.14771091999996],[102.97166859,-3.14766874999999],[102.97223335,-3.14662087999994],[102.97223337,-3.14662082999996],[102.97224553,-3.14659827999998],[102.9722537,-3.14658311999995],[102.97240687,-3.14629891999993],[102.973226138,-3.14477881999995],[102.973357649,-3.14453480999993],[102.97390553,-3.14351824999995],[102.9739056,-3.14351810999995],[102.97434869,-3.14271582999994],[102.97457247,-3.14252098999998],[102.97460597,-3.14249182999993],[102.97469535,-3.14241400999993],[102.9746988,-3.142411],[102.9747195,-3.14239297999996],[102.974849075,-3.14159202199994],[102.97510825,-3.13998995999998],[102.97510827,-3.13998986999997],[102.9753393,-3.13856179999994],[102.97543753,-3.13795457999994],[102.97593891,-3.13485539999994],[102.97616087,-3.13414470999993],[102.97627991,-3.13373736999995],[102.97641293,-3.13328219999994],[102.977130592,-3.12906875499994],[102.97713604,-3.12903676999998],[102.97714088,-3.12900839999998],[102.97710316,-3.12897032999996],[102.97707192,-3.12893880999996],[102.97697389,-3.12883988999994],[102.97696326,-3.12882915999996],[102.97694863,-3.12881438999995],[102.97729071,-3.12808592999995],[102.97873017,-3.12505808999993],[102.97873023,-3.12505795999995],[102.97883972,-3.12482218999999],[102.97845806,-3.12411696999993],[102.9782356,-3.12371954999997],[102.97812187,-3.12351636999995],[102.9781168,-3.12350731999993],[102.97811637,-3.12350653999994],[102.97878867,-3.12272115999998],[102.97883472,-3.12222249999997],[102.97860634,-3.12220603999999],[102.97834402,-3.12220553999993],[102.97811973,-3.12175241999995],[102.97819049,-3.12170815999997],[102.97856367,-3.12146869999999],[102.97849396,-3.12133107999995],[102.978442108,-3.12123683299995],[102.979139754,-3.12008814699994],[102.979257461,-3.11982714299995],[102.979271535,-3.11966337699994],[102.979257461,-3.11939213799997],[102.979271535,-3.11873834999995],[102.979252343,-3.11865902599993],[102.9791809,-3.11841153999996],[102.97941417,-3.11830173999994],[102.97942157,-3.11800641999997],[102.97942219,-3.11768083999994],[102.97938168,-3.11760583999996],[102.97935248,-3.11755177999993],[102.97913786,-3.11715443999998],[102.97908563,-3.11705775999997],[102.97925511,-3.11691229999997],[102.97927614,-3.11689424999998],[102.97948031,-3.11671900999995],[102.97959365,-3.11632313999997],[102.97929945,-3.11608561999998],[102.97912002,-3.11594074999993],[102.97903161,-3.11586937999994],[102.97909483,-3.11571138999994],[102.97914473,-3.11558666999998],[102.97914535,-3.11558652999997],[102.97914566,-3.11558645999997],[102.97914972,-3.11557630999994],[102.97927847,-3.11555591999996],[102.97978521,-3.11543938999995],[102.97987471,-3.11541881999995],[102.97987683,-3.11541832999995],[102.97991333,-3.11539640999996],[102.98001411,-3.11533588999993],[102.9801586,-3.11524911999993],[102.98072139,-3.11530678999998],[102.98154349,-3.11535698999995],[102.98167822,-3.11536520999995],[102.98176787,-3.11507430999996],[102.98183905,-3.11484330999997],[102.98183907,-3.11484327999994],[102.98190484,-3.11462574999996],[102.98214668,-3.11432661999993],[102.98247264,-3.11456977999995],[102.9823721,-3.11519731999994],[102.98265436,-3.11522055999996],[102.98265451,-3.11522057999998],[102.98308569,-3.11525474999997],[102.98299385,-3.11559070999993],[102.98291563,-3.11587685999997],[102.98323308,-3.11599721999994],[102.98336563,-3.11604747999997],[102.98398568,-3.11559598999998],[102.98435733,-3.11557002999996],[102.98475633,-3.11554214999995],[102.98477071,-3.11514486999994],[102.98479345,-3.11513729999997],[102.98494824,-3.11507539999997],[102.98505627,-3.11503219999998],[102.9852742,-3.11519715999998],[102.98550595,-3.11537257999993],[102.98586345,-3.11537325999996],[102.98601256,-3.11537354999996],[102.98625688,-3.11554616999996],[102.98642856,-3.11566746999994],[102.98658614,-3.11577608999994],[102.98713902,-3.11610527999994],[102.98750972,-3.11623700999996],[102.987544809,-3.11624884199995],[102.987587872,-3.11634350199995],[102.989830988,-3.11786550999995],[102.989834238,-3.11786769499997],[102.989905251,-3.11791612899998],[102.989908033,-3.11793235199996],[102.990857047,-3.12345596899996],[102.990887459,-3.12389540399994],[102.99092766,-3.12388142999993],[102.990928075,-3.12388364799995],[102.992607809,-3.13286024499997],[102.99285959,-3.13420577999996],[102.99290026,-3.13421948999997],[102.99290084,-3.13421968999996],[102.9929594,-3.13423943999993],[102.99296135,-3.13424008999994],[102.99296606,-3.13425524999998],[102.99296745,-3.13425971999993],[102.99293749,-3.13426718999995],[102.99293751,-3.13426725999995],[102.99392298,-3.13740665999995],[102.99394479,-3.13740243999997],[102.9947571,-3.14001448999994],[102.99498553,-3.14074902999994],[102.99504664,-3.14094552999996],[102.99565197,-3.14289201999998],[102.995657841,-3.14291089799998],[102.99641105,-3.14533290999997],[102.99641116,-3.14533326999999],[102.998479339,-3.15198367599993],[102.998624868,-3.15245163799995],[102.99866242,-3.15257238999994],[102.998681058,-3.15258098299995],[103.003979299,-3.15502387899995],[103.00663988,-3.15621738999995],[103.006621173,-3.15630126699995],[103.00661516,-3.15632822999993],[103.00658997,-3.15644115999994],[103.00630788,-3.15749635999993],[103.00650454,-3.15741207999998],[103.006556807,-3.15738968299996],[103.006556771,-3.15738982099998],[103.006552539,-3.15740618299998],[103.006520259,-3.15753100099995],[103.006335593,-3.15825025499993],[103.006150498,-3.15858582199997],[103.006096067,-3.15868450299996],[103.006092587,-3.15869111499995],[103.006080683,-3.15871373399995],[103.006078835,-3.15871724399994],[103.006046636,-3.15882304099995],[103.005981218,-3.15903306799993],[103.005861711,-3.15940997299993],[103.005620463,-3.15982181899995],[103.00572228,-3.16011763699993],[103.005850522,-3.16049778399998],[103.005853606,-3.16049919299996],[103.00604051,-3.16058461999996],[103.00604303,-3.16058576999996],[103.00604641,-3.16058730999993],[103.00604579,-3.16091395999996],[103.00603988,-3.16091583999998],[103.00603875,-3.16150508999993],[103.00604464,-3.16151697999994],[103.00606872,-3.16156561999998],[103.0060829,-3.16159427999998],[103.006087278,-3.16160312399995],[103.006109473,-3.16164795999993],[103.006156623,-3.16174319899995],[103.006157907,-3.16174579399996],[103.006157948,-3.16174587699993],[103.006158177,-3.16174633899993],[103.006159961,-3.16174993899995],[103.006160096,-3.16175021699997],[103.00616074,-3.16175151399995],[103.006181589,-3.16203783099997],[103.006198087,-3.16207082699998],[103.006334271,-3.16235497899992],[103.006334727,-3.16235593299996],[103.006351586,-3.16239142499995],[103.00640539,-3.16248109799995],[103.006405432,-3.16248116799995],[103.006406593,-3.16248994799998],[103.00640709,-3.16249370699996],[103.006416929,-3.16256598899998],[103.006332061,-3.16302257499996],[103.006331931,-3.16302327799997],[103.006563009,-3.16371651799996],[103.006563126,-3.16371686699995],[103.006887696,-3.16376669199996],[103.007440123,-3.16385148999996],[103.007440178,-3.16385150099995],[103.007433814,-3.16385245199996],[103.007432231,-3.16385534199998],[103.007431668,-3.16385636899998],[103.00730543,-3.16408794899997],[103.007253378,-3.16418343999993],[103.006965662,-3.16471126299996],[103.006944878,-3.16472234899993],[103.00668851,-3.16485914999994],[103.00642404,-3.16499142999994],[103.006196852,-3.16510506799994],[103.005903103,-3.16525199599995],[103.005900339,-3.16525337799993],[103.005900319,-3.16525340099998],[103.005900265,-3.16525337799993],[103.005820776,-3.16534438999998],[103.005785111,-3.16538512199998],[103.005779872,-3.16539121099994],[103.005763902,-3.16540948299996],[103.005762891,-3.16541468399993],[103.005686005,-3.16581021099995],[103.00568605,-3.16581022199995],[103.005216743,-3.16822426499993],[103.005216658,-3.16822470299997],[103.00508008,-3.16892730999996],[103.00431276,-3.16937123999998],[103.00399272,-3.16955638999997],[103.00392305,-3.16980665999995],[103.00390728,-3.16986328999998],[103.00385302,-3.17005281999997],[103.0037706,-3.17034067999993],[103.00376725,-3.17033746999994],[103.00376123,-3.17033168999996],[103.00375025,-3.17032114999995],[103.00374949,-3.17032041999995],[103.00320715,-3.17211371999997],[103.00316414,-3.17224731999994],[103.00305349,-3.17259106999995],[103.003004582,-3.17260947699998],[103.00174577,-3.17308324999994],[103.00170181,-3.17310081999995],[103.00140608,-3.17321905999996],[103.00136195,-3.17361855999997],[103.0012716,-3.17415703999997],[103.00057152,-3.17431198999998],[102.99963804,-3.17454463999997],[102.99963738,-3.17457021999997],[102.99961939,-3.17526789999994],[102.99960913,-3.17566581999995],[102.999609,-3.17567066999993],[102.9997701,-3.17574149999996],[102.99955739,-3.17584076999999],[102.99914911,-3.17603132999994],[102.99914906,-3.17603134999997],[102.99900473,-3.17609695999994],[102.99754849,-3.17588981999996],[102.99754834,-3.17589262999997],[102.99754022,-3.17604607999994],[102.99753448,-3.17615445999997],[102.99751394,-3.17654229999994],[102.99751327,-3.17655504999994],[102.99727221,-3.17678433999992],[102.99717322,-3.17687850999994],[102.99717582,-3.17688394999994],[102.9973222,-3.17719025999998],[102.99733057,-3.17721139999998],[102.99738081,-3.17731289999994],[102.99740986,-3.17737367999996],[102.99760259,-3.17777928999994],[102.99751186,-3.17808116999993],[102.99737381,-3.17846537999998],[102.99736353,-3.17886685999998],[102.99736345,-3.17886970999996],[102.99736343,-3.17887056999996],[102.99735546,-3.17918181999995],[102.99733678,-3.18006884999994],[102.99733103,-3.18026309999994],[102.99731862,-3.18068292999993],[102.997840472,-3.18120951499999],[102.99787542,-3.18124477999993],[102.997836776,-3.18140843299994],[102.99759704,-3.18242369999996],[102.997254753,-3.18282352999995],[102.99718131,-3.18290931999997],[102.99642777,-3.18416616999997],[102.99642771,-3.18416625999993],[102.99634903,-3.18429750999997],[102.996193342,-3.18450531899993],[102.996097821,-3.18463281899995],[102.99593338,-3.18485230999995],[102.99586713,-3.18494425999996],[102.99573169,-3.18513221999996],[102.9955507,-3.18513859999996],[102.99529676,-3.18515085999997],[102.99434584,-3.18519678999997],[102.9942709,-3.18530556999997],[102.99424627,-3.18534130999996],[102.99404807,-3.18562898699998],[102.99401654,-3.18567474999997],[102.99373692,-3.18609457999998],[102.99350592,-3.18644139999998],[102.99244,-3.18690700999997],[102.9917564,-3.18720561999994],[102.99158045,-3.18759414999995],[102.99134733,-3.18810893999996],[102.98995513,-3.18839620999996],[102.98934397,-3.18849736999994],[102.98901922,-3.18888311999995],[102.98855928,-3.18942944999998],[102.988445591,-3.18955845599993],[102.98832815,-3.18969171999993],[102.9882547,-3.18970498999994],[102.98796684,-3.18975701999995],[102.98762057,-3.19013595999997],[102.98748933,-3.19027958999993],[102.98723552,-3.19055733999994],[102.98722616,-3.19058684999994],[102.98722497,-3.19059059999995],[102.987189063,-3.19070381099993],[102.9871203,-3.19092060999998],[102.98691259,-3.19157547999993],[102.986882484,-3.19157541799996],[102.98684476,-3.19157533999993],[102.98647196,-3.19154783999994],[102.98643595,-3.19154517999994],[102.98638871,-3.19157444999996],[102.98617794,-3.19170501999997],[102.98607912,-3.19176624999995],[102.9859731,-3.19182416999997],[102.98586951,-3.19188075999995],[102.98574034,-3.19195131999993],[102.98560063,-3.19202764999994],[102.98530667,-3.19221868999995],[102.98499541,-3.19240557999996],[102.9849384,-3.19318632999995],[102.98492195,-3.19336749999996],[102.98490482,-3.19337757999995],[102.98419848,-3.19379333999997],[102.983620977,-3.19412353599995],[102.98347096,-3.19420930999996],[102.98312271,-3.19552892999997],[102.98296054,-3.19565068999998],[102.9828687,-3.19571371999997],[102.98254095,-3.19593867999993],[102.98203858,-3.19600979999996],[102.98200873,-3.19601402999996],[102.98200049,-3.19601519999999],[102.98194679,-3.19602279999999],[102.98144082,-3.19610652999995],[102.98143748,-3.19610708999995],[102.98098409,-3.19661637999998],[102.98074013,-3.19689040999999],[102.98071949,-3.19691680999995],[102.98066967,-3.19698053999997],[102.98053394,-3.19715415999997],[102.97970987,-3.19810610999997],[102.97969437,-3.19812278999996],[102.97966846,-3.19815063999994],[102.97948992,-3.19815500999995],[102.9792119,-3.19816180999994],[102.97903217,-3.19816620999996],[102.97902352,-3.19816641999995],[102.97868363,-3.19840456999999],[102.97825875,-3.19871078999996],[102.97831631,-3.19891481999998],[102.97834558,-3.19906345999994],[102.97627186,-3.19892037999995],[102.975565945,-3.19891897699995],[102.97554753,-3.19891893999995],[102.97540717,-3.19890984999995],[102.97539738,-3.19891863999993],[102.97425109,-3.19994812999993],[102.97222883,-3.20095200999999],[102.972228807,-3.20095083199993],[102.972212617,-3.20097131799998],[102.9722125,-3.20098405999995],[102.97221249,-3.20098465999996],[102.97207871,-3.20100231999993],[102.97196169,-3.20101776999997],[102.97147527,-3.20108197999997],[102.97144858,-3.20108549999998],[102.97121622,-3.20127954999999],[102.97043261,-3.20187719999996],[102.97042338,-3.20188392999995],[102.97007183,-3.20214039999996],[102.9696156,-3.20231686999995],[102.96929057,-3.20244258999997],[102.96906862,-3.20252843999998],[102.96901881,-3.20254770999998],[102.9685961,-3.20316394999998],[102.968575588,-3.20319385199998],[102.96823588,-3.20368907999995],[102.966270127,-3.20580472299998],[102.966270229,-3.20580482799994],[102.966270299,-3.20580490099997],[102.966270333,-3.20580493699992],[102.96627105,-3.20580711499997],[102.966271837,-3.20580948199996],[102.966292602,-3.20587117999997],[102.966292691,-3.20587118799994],[102.966292719,-3.20587118999993],[102.966346227,-3.20587562599997],[102.966364317,-3.20592300999994],[102.966365183,-3.20592527899993],[102.966365285,-3.20592553999996],[102.96636336,-3.20592777899998],[102.966355527,-3.20593688699995],[102.966319106,-3.20598022899997],[102.96631915,-3.20598026099998],[102.966319108,-3.20598031099997],[102.966323469,-3.20598340199996],[102.96636211,-3.20597376999996],[102.9658416,-3.20658041999996],[102.96532689,-3.20718028999995],[102.964993172,-3.20757550799994],[102.964976639,-3.20759508799995],[102.964976439,-3.20759532399995],[102.964972559,-3.20758963499998],[102.96497253,-3.20758963799994],[102.964969463,-3.20758509499997],[102.964928581,-3.20752514799996],[102.964846481,-3.20740499899996],[102.964781808,-3.20731037199995],[102.962276164,-3.20363999799998],[102.962198267,-3.20352589099998],[102.962195979,-3.20352266799996],[102.962178686,-3.20350024199996],[102.961557707,-3.20301919399998],[102.961154002,-3.20288775499995],[102.960327816,-3.20295347499996],[102.959797366,-3.20326798899993],[102.958375811,-3.20350542499995],[102.956891816,-3.20350744799993],[102.955640842,-3.20553250599994],[102.954826875,-3.20527378099997],[102.954776537,-3.20523773199994],[102.954775867,-3.20523680299993],[102.954739693,-3.20518659899995],[102.954646053,-3.20509941699993],[102.954445858,-3.20498963299998],[102.954371592,-3.20499609099995],[102.954265037,-3.20501546399993],[102.954232747,-3.20498963299998],[102.954210144,-3.20492828299995],[102.954164939,-3.20484755899998],[102.95410036,-3.20481849799995],[102.95397766,-3.20479912399998],[102.953861418,-3.20481849799995],[102.953748404,-3.20487338999994],[102.953362366,-3.20505856299997],[102.953157129,-3.20551179399996],[102.952871367,-3.20597837799995],[102.952790643,-3.20621409199993],[102.952593677,-3.20650469799995],[102.952167455,-3.20680176099995],[102.951712172,-3.20695029299998],[102.951547496,-3.20705039099994],[102.95147323,-3.20717631999998],[102.951398964,-3.20742171999996],[102.9512246,-3.20770586799995],[102.950870223,-3.20795449799994],[102.950715233,-3.20801584799994],[102.950694245,-3.20804167899996],[102.950694245,-3.20807719799996],[102.950694245,-3.20816599399995],[102.950702317,-3.20830806799995],[102.950729856,-3.20847519799998],[102.950749137,-3.20859221599994],[102.950720076,-3.20867778299994],[102.950682136,-3.20870684399994],[102.950598991,-3.20871491599996],[102.950452073,-3.20872137399993],[102.950434314,-3.20874881999993],[102.950502929,-3.20892721999997],[102.950515038,-3.20902005199997],[102.950515845,-3.20912176399998],[102.950496471,-3.20916535499993],[102.950430278,-3.20918553599995],[102.950166311,-3.20923235599998],[102.950086394,-3.20929854899993],[102.950064599,-3.20939299599997],[102.950069442,-3.20950923899994],[102.950100117,-3.20960691399995],[102.950191335,-3.20967149299998],[102.950335831,-3.20972073499996],[102.95045611,-3.20972154199996],[102.950544906,-3.20964162599995],[102.950638545,-3.20963678199997],[102.950695052,-3.20964808299994],[102.950745101,-3.20968198799994],[102.950756402,-3.20976755499994],[102.95074833,-3.20993868899997],[102.950774161,-3.21010659499996],[102.950806451,-3.21017924599994],[102.95087103,-3.21029225999997],[102.950893633,-3.21035683899994],[102.950880717,-3.21041011599995],[102.950848427,-3.21045451499999],[102.950791921,-3.21051505699995],[102.950695052,-3.21056591299993],[102.950655328,-3.21059913099999],[102.950657026,-3.21059852299993],[102.950661148,-3.21060788999995],[102.950663166,-3.21061838399993],[102.950674152,-3.21067294199998],[102.950691823,-3.21074996399995],[102.950676973,-3.21082790799995],[102.95064801,-3.21088747299996],[102.950634258,-3.21091816599994],[102.950564675,-3.21102017199997],[102.950536987,-3.21111926399993],[102.950531887,-3.21116006599993],[102.950535257,-3.21118747999998],[102.950551378,-3.21122618799996],[102.950551364,-3.21122803099997],[102.950551013,-3.21127464099994],[102.950535219,-3.21131987399997],[102.95047064,-3.21137638099999],[102.950242999,-3.21148132199994],[102.950071864,-3.21151361099994],[102.950012128,-3.21150715299996],[102.949972856,-3.21153366399995],[102.949964477,-3.21158758199994],[102.949996901,-3.21163566999997],[102.950086885,-3.21171071799995],[102.95009931,-3.21175901199997],[102.95007025,-3.21184619299993],[102.950000827,-3.21189462799992],[102.94991526,-3.21191400099997],[102.949823394,-3.21194113299993],[102.949687513,-3.21197756199997],[102.949671474,-3.21198180899995],[102.949568147,-3.21201248399996],[102.949409929,-3.21204154499998],[102.949239925,-3.21209970399998],[102.949231681,-3.21210252399993],[102.949225878,-3.21210450999996],[102.949078961,-3.21224012599993],[102.949009538,-3.21230954799996],[102.948928815,-3.21248229699995],[102.948888453,-3.21258562399993],[102.94886585,-3.21271478199998],[102.948869079,-3.21279711999995],[102.948893296,-3.21295695299994],[102.948883609,-3.21302637599996],[102.948841633,-3.21308449699995],[102.948778668,-3.21312324399999],[102.948714089,-3.21312808799996],[102.948615606,-3.21315553399996],[102.948554605,-3.21320948099998],[102.948505822,-3.21327500499996],[102.948517123,-3.21332505399994],[102.948567172,-3.21336864499995],[102.948654354,-3.21343645299993],[102.948672113,-3.21351071899995],[102.948644667,-3.21362050299996],[102.948607534,-3.21371414299995],[102.948562328,-3.21378679399994],[102.948546184,-3.21387236199997],[102.948572015,-3.21398053099995],[102.948572015,-3.21407417099994],[102.948549413,-3.21413229199993],[102.948513894,-3.21420817299998],[102.948459002,-3.21423481199998],[102.94839523,-3.21423965499997],[102.948287867,-3.21423481199998],[102.948254771,-3.21424691999993],[102.94823459,-3.21428082399996],[102.948233782,-3.21434298099995],[102.948228132,-3.21442935599993],[102.948199071,-3.21453429699995],[102.94814095,-3.21468121399994],[102.948121576,-3.21482005899999],[102.948052154,-3.21497504899998],[102.947932683,-3.21507191799998],[102.947081046,-3.21526000399996],[102.946984985,-3.21531085999994],[102.946793669,-3.21547230799997],[102.946462739,-3.21560662099996],[102.946496077,-3.21594978299994],[102.946495656,-3.21594986899993],[102.94649497,-3.21595000999998],[102.94648974,-3.21596135999994],[102.94648823,-3.21596166999996],[102.94632233,-3.21631892999994],[102.94616653,-3.21665442999996],[102.945969228,-3.21707930699996],[102.945967989,-3.21708921899995],[102.945913824,-3.21709546899996],[102.945775786,-3.21722220499993],[102.945677303,-3.21732553199996],[102.945620796,-3.21743531599998],[102.945590121,-3.21761129399994],[102.945606266,-3.21785346499996],[102.945575591,-3.21794710499995],[102.945520699,-3.21803751599993],[102.945457734,-3.21812469699995],[102.945425445,-3.21820057799994],[102.945420601,-3.21823932499996],[102.945428674,-3.21835879699996],[102.945469035,-3.21862357099996],[102.945478722,-3.21868895699994],[102.945467237,-3.21884669299994],[102.945463891,-3.21885275699999],[102.945807717,-3.22057188399998],[102.945807862,-3.22057188399998],[102.945808213,-3.22057364599994],[102.945870717,-3.22057443699993],[102.946060006,-3.22171038699997],[102.946061525,-3.22171950199994],[102.946061593,-3.22171958199994],[102.946061773,-3.22171979399996],[102.946061955,-3.22172000899996],[102.946126145,-3.22172341399994],[102.946086946,-3.22194156199992],[102.945928727,-3.22245927099993],[102.945938414,-3.22250985799997],[102.945950254,-3.22258089499996],[102.945931956,-3.22263578699995],[102.945870606,-3.22271973999994],[102.945702701,-3.22308568799997],[102.945649961,-3.22314596199993],[102.945461606,-3.22329449399997],[102.945441155,-3.22335261499996],[102.945398305,-3.22346172699997],[102.945389449,-3.22347922799998],[102.945389868,-3.22347932699995],[102.945207677,-3.22389991899997],[102.945136639,-3.22419267999993],[102.945026854,-3.22459091999997],[102.944897695,-3.22499777099995],[102.944749162,-3.22533143199996],[102.944598476,-3.22565217699998],[102.944477928,-3.22584376199996],[102.944273426,-3.22610638599997],[102.943918239,-3.22651538899993],[102.943319802,-3.22739151799994],[102.943229391,-3.22771441599998],[102.943197101,-3.22802009199995],[102.943203559,-3.22835805799997],[102.943222933,-3.22870248199996],[102.943231543,-3.22906843299996],[102.943263833,-3.22944084099993],[102.943349939,-3.22974436499993],[102.943485556,-3.23003927799994],[102.943690058,-3.23037078599999],[102.944275579,-3.23105317599993],[102.943244573,-3.23115136699994],[102.943239562,-3.23113105799996],[102.943206104,-3.23112732299995],[102.94253322,-3.23108850299997],[102.942014176,-3.23105855799997],[102.942005655,-3.23105855799997],[102.941945411,-3.23105855799997],[102.940554456,-3.23104429199999],[102.940421269,-3.23104292599994],[102.940313266,-3.23104181799994]]]]},"properties":{"gid":1483,"luas":null,"idkec":"1605040","kdkab":"05","kdkec":"040","nmkab":"MUSI RAWAS","nmkec":"TUGUMULYO","kdprov":"16","nmprov":"SUMATERA SELATAN","sumber":null,"periode":"2025_1"}},{"id":1484,"type":"Feature","geometry":{"type":"MultiPolygon","coordinates":[[[[103.049104583,-3.43245725499998],[103.048788777,-3.43285918899994],[103.048358134,-3.43316063899995],[103.047855716,-3.43337596099997],[103.047209751,-3.43340467099995],[103.046506367,-3.43349079899997],[103.045860401,-3.43350515399994],[103.045386693,-3.43328983199996],[103.044984759,-3.43304580099994],[103.044568471,-3.43285918899994],[103.044253676,-3.43260268999996],[103.044180892,-3.43254338399993],[103.044171113,-3.43248715799996],[103.044168823,-3.43247399099994],[103.044123472,-3.43221322299997],[103.044109118,-3.43191177299997],[103.044109118,-3.43150983899995],[103.044123472,-3.43116532399996],[103.044123472,-3.43083516399997],[103.044066053,-3.43057677799994],[103.043879441,-3.43034710099994],[103.043448798,-3.42975855499997],[103.043377034,-3.42968535599993],[103.042731058,-3.42902646099999],[103.042694641,-3.42898700899997],[103.042688589,-3.42898045299996],[103.042386544,-3.42865323699993],[103.042242996,-3.42829436699998],[103.04224758,-3.42817518099998],[103.042220092,-3.42801025499995],[103.042278487,-3.42773951699996],[103.042326264,-3.42730952099993],[103.04234219,-3.42674150199997],[103.04223071,-3.42629027199996],[103.042066143,-3.42598768299996],[103.04200244,-3.42571163599997],[103.04196471,-3.42559554299993],[103.041968973,-3.42559491599996],[103.041981853,-3.42558364599995],[103.041981853,-3.42540154199998],[103.042050683,-3.42522373099996],[103.042194079,-3.42495988099996],[103.042332818,-3.42463153299997],[103.042333386,-3.42462392199997],[103.042365833,-3.42411557899994],[103.042354612,-3.42367232599998],[103.042328949,-3.42365679299996],[103.041653525,-3.42153841799996],[103.041373116,-3.42155387299994],[103.039935512,-3.42163310999997],[103.036022156,-3.42184880199996],[103.035694143,-3.42191015699995],[103.035250056,-3.42174608999994],[103.035154123,-3.42171064799994],[103.033205304,-3.42099066199996],[103.033107543,-3.42095454399994],[103.032090256,-3.42057870999997],[103.031282774,-3.42041428199997],[103.029839687,-3.41975352999998],[103.026412167,-3.41859522699998],[103.020964347,-3.41763860399994],[103.01948098,-3.41737812799994],[103.019480944,-3.41737812199995],[103.019323721,-3.41735051399996],[103.019299356,-3.41734623499997],[103.016443782,-3.41674842999994],[103.015155487,-3.41647909699999],[103.013565545,-3.41614670199994],[103.010509785,-3.41550786099998],[103.010116533,-3.41564049699997],[103.010109652,-3.41563917799994],[103.01010927,-3.41563676999994],[103.005107538,-3.41467690699995],[102.99160225,-3.41208515999995],[102.991441597,-3.41205432499993],[102.99144011,-3.41205403999993],[102.99141929,-3.41205004999996],[102.99181754,-3.40916019999998],[102.99195211,-3.40732094999994],[102.99287089,-3.40561473999998],[102.99404899,-3.40496022999997],[102.99464267,-3.40412863999996],[102.99470463,-3.40404183999995],[102.99464501,-3.40384059999997],[102.99392558,-3.40141230999996],[102.99433341,-3.40048605999994],[102.99465232,-3.39976177999995],[102.9953706,-3.39813044999995],[102.99579582,-3.39759855999995],[102.9966353,-3.39654847999998],[102.99694364,-3.39616279999996],[102.99910326,-3.39568521999997],[102.99929818,-3.39564211999994],[102.9992525,-3.39541011999995],[102.99921111,-3.39519987999996],[102.99916878,-3.39498486999998],[102.99551679,-3.39064122999998],[102.99416343,-3.38673686999993],[102.99431293,-3.38663002999994],[102.99564233,-3.38567990999997],[102.99422775,-3.38612838999996],[102.99413456,-3.38615792999997],[102.99365039,-3.38378611999997],[102.99305208,-3.38117565999994],[102.99221914,-3.37725539999997],[102.99162766,-3.37447156999997],[102.99043389,-3.37213087999994],[102.98941391,-3.37013094999998],[102.98820006,-3.36868320999997],[102.98797925,-3.36841983999996],[102.98801237,-3.36838065999996],[102.98880279,-3.36744579999993],[102.98935509,-3.36679256999998],[102.98942093,-3.36671469999994],[102.991973523,-3.36646441699997],[102.99309822,-3.36635413999995],[102.99412385,-3.36679797999994],[102.99417344,-3.36681943999997],[102.99425816,-3.36685610999996],[102.9939236,-3.36599679999995],[102.99376319,-3.36558489999993],[102.99354423,-3.36502259999998],[102.99338084,-3.36460298999999],[102.99303727,-3.36364220999998],[102.99199945,-3.36096810999994],[102.99154027,-3.35405253999995],[102.99149401,-3.35406311999998],[102.99065021,-3.34096385999993],[102.99066556,-3.34090271999998],[102.99066677,-3.34089787999995],[102.99069643,-3.34077965999995],[102.991025,-3.33947018999993],[102.99104564,-3.33938792999993],[102.991058728,-3.33937908099995],[102.99549182,-3.33638196999993],[102.99549187,-3.33638193999997],[102.996902999,-3.33543767299995],[103.005125026,-3.32993584399998],[103.006054024,-3.32931419799997],[103.00717582,-3.32856353999995],[103.01318984,-3.32467690999994],[103.01318987,-3.32467688999998],[103.01744082,-3.32194825999995],[103.01894321,-3.32098389999994],[103.01945396,-3.32065605999998],[103.02016948,-3.32015059999998],[103.02167967,-3.31908376999996],[103.02168727,-3.31905849999993],[103.02176687,-3.31879375999995],[103.0220745,-3.31777058999995],[103.022076569,-3.31777215599995],[103.022079343,-3.31775616199997],[103.02207901,-3.31775590999997],[103.02203187,-3.31772022999997],[103.0218274,-3.31756545999998],[103.02184438,-3.31750738999995],[103.02228051,-3.31601565999995],[103.02228057,-3.31601544999996],[103.02298667,-3.31360028999996],[103.02443363,-3.31086657999992],[103.02443368,-3.31086648999997],[103.02447227,-3.31095825999995],[103.02700556,-3.30575106999993],[103.02744508,-3.30484762999993],[103.02755807,-3.30467801999992],[103.02805998,-3.30392459999996],[103.029065,-3.28668404999997],[103.02847955,-3.28669585999995],[103.02849917,-3.28641388999995],[103.02914886,-3.27707371999998],[103.02914888,-3.27707346999995],[103.0293716,-3.27455660999994],[103.02937814,-3.27448265999993],[103.02953343,-3.27423162999997],[103.02981826,-3.27377120999996],[103.02985962,-3.27371606999998],[103.03097008,-3.27207960999994],[103.03208053,-3.27044314999996],[103.03278746,-3.26978285999997],[103.03428655,-3.26878263999994],[103.03428385,-3.26878073999995],[103.03428302,-3.26878014999995],[103.03428459,-3.26877975999998],[103.03537712,-3.26843558999997],[103.03634643,-3.26813022999994],[103.03634743,-3.26812991999998],[103.03659203,-3.26805285999996],[103.03716327,-3.26787290999994],[103.0376873,-3.26770781999994],[103.03824806,-3.26758193999997],[103.03824826,-3.26758186999997],[103.03824889,-3.26758172999996],[103.03844096,-3.26751464999995],[103.0385752,-3.26746776999995],[103.03866951,-3.26743482999997],[103.03976999,-3.26705048999998],[103.03977006,-3.26705045999995],[103.03978755,-3.26704435999995],[103.03999951,-3.26697032999994],[103.0401105,-3.26675705999997],[103.04021123,-3.26656347999995],[103.04021378,-3.26655858999993],[103.04032128,-3.26635198999997],[103.04045961,-3.26552204999996],[103.04046822,-3.26548575999994],[103.0410099,-3.26319312999994],[103.04314613,-3.26285171999997],[103.0444088,-3.26264953999992],[103.04483604,-3.26115607999998],[103.04507161,-3.26034111999997],[103.0452154,-3.26029150999994],[103.04530193,-3.26026165999997],[103.04531268,-3.26025794999993],[103.04566002,-3.26014708999998],[103.04693566,-3.25973964999997],[103.04693568,-3.25973970999997],[103.04781341,-3.25945928999994],[103.047813479,-3.25946043399995],[103.047817671,-3.25953000999994],[103.048968164,-3.25975510599995],[103.049771299,-3.25991224099994],[103.049791097,-3.25991611399996],[103.050222275,-3.25972627599999],[103.050223871,-3.25972557299998],[103.050961676,-3.25940073299995],[103.052125587,-3.25999831899998],[103.057551986,-3.26100104099994],[103.062418113,-3.26190023199996],[103.065140414,-3.26239078499998],[103.065756658,-3.26250423799997],[103.06576355,-3.26250307199996],[103.07140662,-3.26154873999997],[103.07513802,-3.26091767999997],[103.07524805,-3.26089906999995],[103.07814797,-3.26081737999994],[103.07856772,-3.26080555999994],[103.08006392,-3.26052501999993],[103.08089625,-3.26034926999996],[103.08089628,-3.26034926999996],[103.0859938,-3.25927288999998],[103.08599384,-3.25927288999998],[103.08789458,-3.25887153999997],[103.08789463,-3.25887152999997],[103.09179968,-3.25804694999994],[103.09217889,-3.25798205999997],[103.0932092,-3.25780574999993],[103.09326464,-3.25779625999997],[103.09428451,-3.25762174999995],[103.09428462,-3.25762172999993],[103.096006405,-3.25732709399995],[103.096152002,-3.25730217899996],[103.10687399,-3.25546740999994],[103.10928644,-3.25505455999996],[103.11048348,-3.25471693999999],[103.11110993,-3.25454024999994],[103.11105931,-3.25453227999997],[103.11136417,-3.25444932999994],[103.113081992,-3.25419955499996],[103.113169865,-3.25418677799996],[103.11335695,-3.25415957499996],[103.11737508,-3.25357532999993],[103.11737512,-3.25357531999993],[103.119196539,-3.25346549299998],[103.13421649,-3.25255982999994],[103.13423849,-3.25250482999996],[103.1345359,-3.25248815999994],[103.134057532,-3.25296717999993],[103.13109697,-3.25593177999997],[103.130987879,-3.25604102099993],[103.12777679,-3.25925651999995],[103.12777671,-3.25925659999996],[103.12777663,-3.25925667999997],[103.12777604,-3.25925724999996],[103.12636737,-3.26060420999994],[103.1263524,-3.26061852999994],[103.11957277,-3.26744490999994],[103.11946755,-3.26754720999997],[103.11470172,-3.27218065999996],[103.114687645,-3.27219434299998],[103.114777093,-3.27222014599994],[103.11477336,-3.27222385999994],[103.11486233,-3.27227132999996],[103.11580383,-3.27277366999994],[103.1254138,-3.27790105999998],[103.12601764,-3.27820493999997],[103.12601768,-3.27820494999998],[103.12601832,-3.27820527999996],[103.12601847,-3.27820534999996],[103.126030405,-3.27821135599994],[103.128885936,-3.27964835199999],[103.13022599,-3.28032270999996],[103.13023276,-3.280322],[103.130134,-3.28039704999998],[103.13013894,-3.28039967999996],[103.130036413,-3.28041533599998],[103.129539956,-3.28049114599998],[103.131431001,-3.28112149399993],[103.13128703,-3.28112689999994],[103.13613458,-3.28419880999997],[103.14256606,-3.28801740999996],[103.14945126,-3.29229362999997],[103.14965393,-3.29239594999996],[103.149670367,-3.29240424799997],[103.15362892,-3.29440274999996],[103.153686898,-3.29443202299996],[103.15368925,-3.29443320999996],[103.15367301,-3.29455371799998],[103.15339188,-3.29663986999998],[103.15257694,-3.30268716999996],[103.15256186,-3.30279904999998],[103.152557068,-3.30283460699997],[103.1521148,-3.30611649999998],[103.15208951,-3.30634449999997],[103.15200392,-3.30711619999994],[103.15162223,-3.31055746999995],[103.1514985,-3.31167295999996],[103.15081336,-3.31349882999996],[103.15077789,-3.31399649999998],[103.1506494,-3.31579897999995],[103.15096393,-3.31651383999998],[103.15099112,-3.31657562999994],[103.15317676,-3.31909554999993],[103.153731,-3.31973454999996],[103.15242204,-3.32052053999996],[103.1495014,-3.32163059999995],[103.149488,-3.32165228999998],[103.14948784,-3.32165254999996],[103.14948782,-3.32165258999994],[103.14590143,-3.32745971999998],[103.14507733,-3.32858862999996],[103.14540373,-3.32886062999996],[103.14607073,-3.32986112999993],[103.146033714,-3.32987553199996],[103.14546402,-3.33009718999995],[103.1352045,-3.33408905999994],[103.13278248,-3.33493811999995],[103.1335645,-3.33625366999997],[103.13408527,-3.33743730999993],[103.13538955,-3.33914807999997],[103.13473158,-3.34138071999996],[103.13467718,-3.34151664999996],[103.13420609,-3.34269377999994],[103.13289337,-3.34293855999995],[103.13267898,-3.34297852999993],[103.132662046,-3.34298168699997],[103.13211333,-3.343084],[103.13024995,-3.34308043999994],[103.12980113,-3.34307957999995],[103.12910605,-3.34307824999996],[103.12884231,-3.34426039999994],[103.12846953,-3.34519848999997],[103.12808129,-3.34617545999994],[103.12777052,-3.34726075999993],[103.12774139,-3.34743550499997],[103.12752632,-3.34872565999997],[103.12715919,-3.34967951999994],[103.12686931,-3.35043266999998],[103.12640313,-3.35124032999994],[103.12638418,-3.35127314999994],[103.12637365,-3.35129139999998],[103.12382089,-3.35251680999995],[103.1225112,-3.35314549999993],[103.11988733,-3.35480387999996],[103.11988608,-3.35482645999997],[103.11935444,-3.36443228999998],[103.11925857,-3.36460973999994],[103.1193399,-3.36473285999994],[103.120593689,-3.36663082699995],[103.120655415,-3.36672426699994],[103.12082307,-3.36697805999995],[103.119454141,-3.36727414699994],[103.119218895,-3.36788055799998],[103.119147453,-3.36793001799992],[103.119095245,-3.36806465899998],[103.119191818,-3.36859281899996],[103.119903093,-3.36888074999997],[103.121438549,-3.36801347599993],[103.126262256,-3.37612836499995],[103.12626255,-3.37612885999995],[103.12516765,-3.37747642999995],[103.1247759,-3.37768736999994],[103.1273067,-3.37788540999998],[103.12774762,-3.37862717999997],[103.12786114,-3.37881815999999],[103.1313879,-3.37854703999994],[103.13263705,-3.37845100199996],[103.138275488,-3.37801750499995],[103.14120027,-3.37779263999994],[103.14150541,-3.37792936999995],[103.145825239,-3.37986500099992],[103.14584722,-3.37987484999996],[103.15184313,-3.38256147999995],[103.151863214,-3.38257047899999],[103.15759076,-3.38513680999995],[103.16101352,-3.38658198999997],[103.16135182,-3.38672482999993],[103.16286977,-3.38715168999994],[103.16510259,-3.38777956999997],[103.16518815,-3.38792349999994],[103.16599458,-3.38820886999998],[103.16742124,-3.38879808999996],[103.1687563,-3.38934946999996],[103.16943232,-3.38958779999996],[103.17182075,-3.39042981999996],[103.17579207,-3.39203900999996],[103.17615753,-3.39215934999994],[103.17665903,-3.39232448999997],[103.17700127,-3.39271034999997],[103.17720149,-3.39352169999996],[103.17849971,-3.40051877999998],[103.17973975,-3.40625874999996],[103.1798198,-3.40660356999996],[103.1798149,-3.40668477999998],[103.17979898,-3.40694818999999],[103.17941482,-3.40739349999996],[103.17899118,-3.40757266999999],[103.17888987,-3.40761551999999],[103.1787334,-3.40762205999993],[103.17796176,-3.40765429999993],[103.17780973,-3.40772445999994],[103.17769926,-3.40777544999998],[103.17768887,-3.40801514999993],[103.17767817,-3.40826198999997],[103.17757611,-3.40889029999994],[103.17725316,-3.40897077999995],[103.17693847,-3.40895436999995],[103.17684971,-3.40894973999997],[103.17663935,-3.40917235999997],[103.17650586,-3.40941538999994],[103.17651206,-3.40980568999993],[103.17656517,-3.40988223999994],[103.17695219,-3.41044008999996],[103.17679296,-3.41129510999997],[103.17682685,-3.41137211999996],[103.17691852,-3.41158045999993],[103.17814851,-3.41126600999997],[103.17906411,-3.41050746999997],[103.17925103,-3.41053672999994],[103.17947378,-3.41057159999998],[103.17955288,-3.41081155999995],[103.17963051,-3.41104707999995],[103.17961303,-3.41179042999995],[103.17959624,-3.41250422999997],[103.17967581,-3.41281313999998],[103.17978401,-3.41323318999998],[103.18003542,-3.41364548999997],[103.18002103,-3.41397741999999],[103.18000246,-3.41440570999992],[103.17986163,-3.41460707999993],[103.1797812,-3.41472207999993],[103.17975082,-3.41493292999997],[103.17971732,-3.41516545999997],[103.18005616,-3.41563163999996],[103.18006318,-3.41564128999995],[103.18007442,-3.41567311999996],[103.18016117,-3.41591866999995],[103.18009967,-3.41597266999997],[103.17993619,-3.41611622999995],[103.1794704,-3.41609973999994],[103.17899056,-3.41608274999993],[103.17892523,-3.41619480999998],[103.17976148,-3.41753882999996],[103.18022241,-3.41800378999995],[103.18023602,-3.41801751999998],[103.18038694,-3.41793184999995],[103.18052019,-3.41785622999993],[103.18024476,-3.41831554999993],[103.1810718,-3.41964474999998],[103.18107195,-3.41964471999996],[103.18107213,-3.41964467999998],[103.18174284,-3.41951120999994],[103.18194283,-3.42011796999998],[103.18194207,-3.42052221999996],[103.18182005,-3.42084733999997],[103.18153777,-3.42159946999994],[103.18046495,-3.42396790999993],[103.18044854,-3.42400413999997],[103.1801583,-3.42426813999999],[103.179050714,-3.42527558499995],[103.17857999,-3.42570374999997],[103.17732491,-3.42609939999994],[103.17730536,-3.42610556999995],[103.17656824,-3.42590202999998],[103.17375475,-3.42461650999997],[103.17308191,-3.42440128999994],[103.1726151,-3.42454695999993],[103.17241048,-3.42479729999997],[103.17201029,-3.42528692999997],[103.17194247,-3.42569104999997],[103.17113844,-3.42542000999993],[103.17021586,-3.42521824999994],[103.16652943,-3.42706168999997],[103.16268545,-3.42816613999997],[103.16073844,-3.42957725999998],[103.16044534,-3.42996449999993],[103.15905805,-3.43179738999993],[103.15858795,-3.43220072999998],[103.15852271,-3.43220996999998],[103.15811851,-3.43226719999996],[103.15738052,-3.43171193999996],[103.15557704,-3.43035500999998],[103.1552702,-3.43012413999998],[103.1551604,-3.43009910999996],[103.15420941,-3.42988229999998],[103.15369829,-3.42976576999996],[103.15262531,-3.42989843999993],[103.1524403,-3.43005893999998],[103.15161795,-3.43077234999994],[103.15138502,-3.43156258999994],[103.15128053,-3.43191706999994],[103.1512799,-3.43224433999996],[103.1512784,-3.43302183999998],[103.15127832,-3.43306242999995],[103.15086941,-3.43481402999993],[103.15060229,-3.43595822999993],[103.150639157,-3.43689064699993],[103.15066623,-3.43757533999997],[103.15082465,-3.43821743999996],[103.15093233,-3.43865384999998],[103.15103571,-3.43921391999993],[103.15113139,-3.43973223999996],[103.1501921,-3.44006727999995],[103.14966081,-3.44011962999997],[103.14952151,-3.44013334999994],[103.14920994,-3.44027994999993],[103.14873892,-3.44050156999998],[103.14873302,-3.44050434999997],[103.14856768,-3.44058213999995],[103.1483807,-3.44067011999994],[103.14812826,-3.44108054999999],[103.14784264,-3.44154493999998],[103.14829186,-3.44382506999995],[103.1483074,-3.44390395999994],[103.14822293,-3.44415698999996],[103.14803766,-3.44471191999998],[103.14562236,-3.44634862999994],[103.14501563,-3.44726624999992],[103.14479402,-3.44807656999996],[103.14461048,-3.44874768999995],[103.14397912,-3.44963517999998],[103.14349095,-3.44951059999994],[103.14259805,-3.44928273999994],[103.14151141,-3.44857103999993],[103.14029976,-3.44777747999996],[103.13938207,-3.44813106999993],[103.13920787,-3.44833448999998],[103.13897888,-3.44860189999997],[103.13891676,-3.45006109999998],[103.13886544,-3.45126679999993],[103.13885012,-3.45162682999995],[103.13883836,-3.45190294999997],[103.13873936,-3.45226319999995],[103.13844749,-3.45332529999997],[103.13783043,-3.45430976999995],[103.1354361,-3.45812972999994],[103.13520498,-3.45849844999998],[103.13167971,-3.46133069999996],[103.12839667,-3.46605318999997],[103.12821839,-3.46630803999995],[103.12746803,-3.46738067999997],[103.12745584,-3.46739810999998],[103.12566405,-3.46995946999994],[103.12548304,-3.46998183999996],[103.12528221,-3.47040166999995],[103.1239558,-3.47172925999996],[103.12388389,-3.47180122999993],[103.12310511,-3.47345566999996],[103.122896443,-3.47389895799995],[103.1222401,-3.47529327999995],[103.12183295,-3.47583653999993],[103.11916277,-3.47939927999995],[103.118307475,-3.47999736499998],[103.11713136,-3.48081978999995],[103.11692389,-3.48096486999998],[103.11497603,-3.48271265999996],[103.11471019,-3.48399090999994],[103.11456986,-3.48466566999998],[103.11409607,-3.48710814999993],[103.11397855,-3.48771400000001],[103.11397767,-3.48771366999996],[103.11397841,-3.48771473999995],[103.11395212,-3.48785176999997],[103.113952084,-3.48785177999997],[103.11395181,-3.48785185999998],[103.113951521,-3.48785194099998],[103.113746076,-3.48782662299993],[103.111826,-3.48759],[103.106424,-3.483838],[103.106395824,-3.48380721799993],[103.104683,-3.481936],[103.103301295,-3.48051009399995],[103.094461,-3.471387],[103.092199319,-3.46910871799998],[103.083971,-3.46082000000001],[103.079683,-3.45662],[103.075189006,-3.45261761299998],[103.075094,-3.45253300000001],[103.075093899,-3.45253283199998],[103.075083754,-3.45251589999998],[103.075083827,-3.45251586399997],[103.075333237,-3.45239240699993],[103.075370643,-3.45237389099998],[103.075368548,-3.45237168899996],[103.066454242,-3.44300276899998],[103.062909371,-3.43927551099995],[103.062753007,-3.43911110199997],[103.061435343,-3.43956287299995],[103.059540511,-3.43999351699995],[103.056755683,-3.44039545099997],[103.055004399,-3.44102706099994],[103.054803432,-3.44079738499994],[103.054372789,-3.43996480699997],[103.054229241,-3.43950545399998],[103.053942145,-3.43861545699997],[103.053712468,-3.43812739499999],[103.053482792,-3.43798384699995],[103.052765053,-3.43775416999995],[103.052363119,-3.43758191299997],[103.052334409,-3.43709384999994],[103.052104733,-3.43631869199993],[103.051875056,-3.43565837199998],[103.051501832,-3.43522772799997],[103.051214736,-3.43410805499997],[103.050988284,-3.43420651199995],[103.050884576,-3.43425160299996],[103.050568771,-3.43442385999993],[103.050324739,-3.43440950599995],[103.050152482,-3.43426595799998],[103.049922805,-3.43397886199995],[103.049851031,-3.43373483099998],[103.049764903,-3.43331854199994],[103.049750548,-3.43301709099996],[103.049750548,-3.43261515699993],[103.049592645,-3.43244289999996],[103.049334259,-3.43234241699997],[103.049104583,-3.43245725499998]]]]},"properties":{"gid":1484,"luas":null,"idkec":"1605051","kdkab":"05","kdkec":"051","nmkab":"MUSI RAWAS","nmkec":"TIANG PUMPUNG KEPUNGUT","kdprov":"16","nmprov":"SUMATERA SELATAN","sumber":null,"periode":"2025_1"}},{"id":1485,"type":"Feature","geometry":{"type":"MultiPolygon","coordinates":[[[[103.14614449,-3.27826511999996],[103.14612085,-3.27826950399998],[103.14172864,-3.27908409999998],[103.14133799,-3.27916331999996],[103.14133781,-3.27916334999998],[103.134574566,-3.27986899699994],[103.13448991,-3.27987782999998],[103.13023276,-3.280322],[103.13022599,-3.28032270999996],[103.128885936,-3.27964835199999],[103.126030405,-3.27821135599994],[103.12601847,-3.27820534999996],[103.12601832,-3.27820527999996],[103.12601768,-3.27820494999998],[103.12601764,-3.27820493999997],[103.1254138,-3.27790105999998],[103.11580383,-3.27277366999994],[103.11486233,-3.27227132999996],[103.11477336,-3.27222385999994],[103.114777093,-3.27222014599994],[103.114687645,-3.27219434299998],[103.11470172,-3.27218065999996],[103.11946755,-3.26754720999997],[103.11957277,-3.26744490999994],[103.1263524,-3.26061852999994],[103.12636737,-3.26060420999994],[103.12777604,-3.25925724999996],[103.12777663,-3.25925667999997],[103.12777671,-3.25925659999996],[103.12777679,-3.25925651999995],[103.130987879,-3.25604102099993],[103.13109697,-3.25593177999997],[103.134057532,-3.25296717999993],[103.1345359,-3.25248815999994],[103.13456284,-3.25246116999995],[103.13462727,-3.25199277999998],[103.13468256,-3.25159081999994],[103.13477531,-3.25091650999997],[103.135000885,-3.24994223599992],[103.13500504,-3.24992428999997],[103.13511255,-3.24945994999996],[103.13515091,-3.24929425999995],[103.13559479,-3.24846934999993],[103.13583136,-3.24802970999997],[103.13598549,-3.24751677999996],[103.1362118,-3.24676360999996],[103.13621461,-3.24676552299997],[103.136221859,-3.24669237199993],[103.13596019,-3.24650978999996],[103.13608739,-3.24587661999993],[103.13519637,-3.24566454999996],[103.13353706,-3.24526961999994],[103.13281254,-3.24509717999996],[103.13144051,-3.24429908999997],[103.12958561,-3.24322010999993],[103.12818265,-3.24360188999998],[103.12785174,-3.24369193999997],[103.12774398,-3.24365004999993],[103.12735665,-3.24349948999998],[103.12580511,-3.24289638999995],[103.12586172,-3.24282835999998],[103.12696265,-3.24150548999996],[103.12738405,-3.24099911999997],[103.12741441,-3.24086001999996],[103.12771174,-3.23949744999994],[103.12771174,-3.23949741999997],[103.12817847,-3.23735854999996],[103.12739278,-3.23624864999994],[103.128603691,-3.23544048599997],[103.12860394,-3.23544031999996],[103.12865327,-3.23540738999998],[103.12975885,-3.23466952999997],[103.12975166,-3.23466589999994],[103.12970437,-3.23464202999997],[103.12946595,-3.23452165999994],[103.12894602,-3.23425915999997],[103.12992535,-3.23123476999996],[103.130245395,-3.23024640299997],[103.131534907,-3.22586848399994],[103.131571567,-3.22574402399994],[103.131684525,-3.22536052899994],[103.132263679,-3.22065905899996],[103.132266167,-3.22063885899997],[103.13227504,-3.22056682999995],[103.13188836,-3.21992825999997],[103.13002516,-3.21685126999996],[103.12949857,-3.21589993999994],[103.13092323,-3.21325217999993],[103.13134904,-3.21246078999997],[103.13597548,-3.21416637999994],[103.13692436,-3.21451618999992],[103.13701417,-3.21454929999994],[103.13751609,-3.21439742999997],[103.13787985,-3.21428735999996],[103.13921627,-3.21388297999994],[103.13921802,-3.21291446999993],[103.13922178,-3.21083757999998],[103.13924942,-3.20865369999996],[103.13928185,-3.20865302999995],[103.13936408,-3.20865132299997],[103.14154019,-3.20860613999998],[103.144291379,-3.20860613999998],[103.144444512,-3.20849476999997],[103.144650621,-3.20838664799994],[103.144806047,-3.20832920699996],[103.145167583,-3.20822615299995],[103.14558318,-3.20811802999998],[103.145976814,-3.20800990699997],[103.146351865,-3.20790178499994],[103.14671325,-3.207808],[103.146840107,-3.20777507799995],[103.147529389,-3.20756896899998],[103.147887546,-3.20743043699998],[103.148316658,-3.20695402099996],[103.148439986,-3.20678169999997],[103.14863089,-3.20643199099993],[103.148705224,-3.20633231499994],[103.148906265,-3.20613127399998],[103.149154609,-3.20589982399997],[103.149266111,-3.20579170099996],[103.149367476,-3.20565654799999],[103.149511077,-3.20552984199998],[103.149776315,-3.20523419299997],[103.150002697,-3.20503990999994],[103.150147987,-3.20493178799996],[103.150337202,-3.20486589999996],[103.150671707,-3.20481183899994],[103.150948771,-3.20477129299997],[103.1513711,-3.20465413999995],[103.15163254,-3.20435957999997],[103.15169383,-3.20429052999999],[103.15190573,-3.20405177999994],[103.15277587,-3.20231040999994],[103.15317643,-3.20146880999994],[103.15353896,-3.20077881999992],[103.15374965,-3.20049750999994],[103.154891698,-3.20014611299997],[103.155226801,-3.20004300499994],[103.15531083,-3.20001714999996],[103.15611719,-3.19976903999998],[103.157115,-3.19975981999994],[103.15719786,-3.19975904999996],[103.15831234,-3.19977539999997],[103.158750123,-3.19978181899996],[103.158773117,-3.19978215599997],[103.159407521,-3.19979145699995],[103.16033533,-3.19980505999997],[103.16033812,-3.19980509999994],[103.16043299,-3.19980648999996],[103.16633687,-3.19615298999998],[103.16953553,-3.19421951999994],[103.17095295,-3.19336272999993],[103.17181352,-3.19284253999997],[103.17248819,-3.192302],[103.17249318,-3.19229732999997],[103.17320794,-3.19162907999993],[103.17320797,-3.19162905999997],[103.17464429,-3.19028619999995],[103.17485458,-3.18962593999993],[103.17487909,-3.18954897999993],[103.17505218,-3.18872975999995],[103.17511315,-3.18815726999998],[103.17526938,-3.18748225999996],[103.17665076,-3.18735373999994],[103.17786315,-3.18724094999994],[103.17793201,-3.18723454999997],[103.17794691,-3.18723315999995],[103.17800881,-3.18722739999993],[103.17842019,-3.18727585999995],[103.17935218,-3.18738562999995],[103.18021137,-3.18755328999992],[103.18069537,-3.18764773999993],[103.18088156,-3.18770798999999],[103.18092066,-3.18772064999996],[103.18181334,-3.18800952999993],[103.18198661,-3.18806559999997],[103.18201537,-3.18804447999999],[103.1827628,-3.18749556999995],[103.184108215,-3.18656933299997],[103.18441853,-3.18635569999998],[103.18453982,-3.186276],[103.18477623,-3.18612064999997],[103.18534719,-3.18574546999997],[103.18534721,-3.18574544999995],[103.18607416,-3.18526776999995],[103.18629131,-3.18508652999998],[103.18666371,-3.18477570999994],[103.18669522,-3.18474940999995],[103.18673246,-3.18474925999993],[103.18677477,-3.18474909999998],[103.18697719,-3.18474830999998],[103.18786199,-3.18474485999996],[103.18906868,-3.18482785999994],[103.18906871,-3.18482785999994],[103.18953599,-3.18486],[103.18993491,-3.18487740999996],[103.19040073,-3.18481971999995],[103.19042195,-3.18481708999998],[103.19124692,-3.18445979999996],[103.19139863,-3.18439408999996],[103.19220349,-3.18456588999993],[103.19268817,-3.18466934999997],[103.19336171,-3.18481311999994],[103.19336602,-3.18480525999996],[103.1933954,-3.18475169999993],[103.19402953,-3.18359550999999],[103.19481334,-3.18216641999993],[103.194164,-3.18158847999997],[103.19404099,-3.181479],[103.1939776,-3.18142257999996],[103.19393615,-3.18138568999995],[103.19409462,-3.17941200999997],[103.19412309,-3.17942433999997],[103.19698647,-3.18066379999994],[103.19709867,-3.18068279999994],[103.19727823,-3.18071320999997],[103.19728896,-3.18071501999999],[103.19735151,-3.18072560999997],[103.19771031,-3.18078636999997],[103.19784347,-3.18080891999995],[103.19786505,-3.18081256999995],[103.1980022,-3.17999421999997],[103.19799498,-3.17993531999998],[103.19781649,-3.17884713999996],[103.19828467,-3.17708178999993],[103.19907278,-3.17703365999995],[103.19947328,-3.17708386999993],[103.20105955,-3.17638373999996],[103.20131309,-3.17624530999996],[103.20153692,-3.17630196999994],[103.2017088,-3.17634548999997],[103.20184662,-3.17635637999997],[103.20190344,-3.17636087999994],[103.20205722,-3.17708839999995],[103.20354967,-3.17721753999996],[103.20634595,-3.17745950999996],[103.20634765,-3.17647252999996],[103.20634111,-3.17647251999995],[103.20576475,-3.17647151999995],[103.20526239,-3.17647063999994],[103.20525551,-3.17639660999992],[103.20519305,-3.17572502999997],[103.20516092,-3.17537958999998],[103.20614452,-3.17439431999997],[103.2052489,-3.17353609999998],[103.20511265,-3.17340553999998],[103.20637477,-3.17281560999994],[103.20854664,-3.17175767999993],[103.2089676,-3.17155261999995],[103.20909523,-3.17149044999997],[103.20931481,-3.17139751999998],[103.20950652,-3.17131638999997],[103.2103468,-3.17096076999996],[103.21039039,-3.17094231999994],[103.21043986,-3.17092137999992],[103.21119167,-3.17209715999997],[103.21138308,-3.17239651999996],[103.21147067,-3.17253350999995],[103.2116115,-3.17330535999998],[103.21172665,-3.17393651999993],[103.21380358,-3.17460323999995],[103.21448374,-3.17482157999996],[103.2149652,-3.17497613999996],[103.21498065,-3.17498109999997],[103.21500923,-3.17519943999998],[103.21508746,-3.17559613999993],[103.2151057,-3.17568865999994],[103.2151063,-3.17569168999996],[103.21519135,-3.17567473999998],[103.21605821,-3.17550203999998],[103.21879143,-3.17495748999995],[103.21954846,-3.17480665999995],[103.22013905,-3.17468051999993],[103.22123189,-3.17087708999998],[103.22151978,-3.16987513999994],[103.22165111,-3.16949401999995],[103.22256654,-3.16636310999997],[103.22281526,-3.16605859999993],[103.2232294,-3.16578209999995],[103.22369842,-3.16567202999994],[103.22402955,-3.16556170999997],[103.2244436,-3.16534064999996],[103.2245489,-3.16527034999996],[103.2246337,-3.16521372999996],[103.22469954,-3.16568265999997],[103.22477026,-3.16618640999997],[103.22476822,-3.16620452999996],[103.22475703,-3.16630426999996],[103.22479553,-3.16636642999993],[103.22484519,-3.16644658999997],[103.22491256,-3.16655536999997],[103.22514136,-3.16692474999997],[103.22629753,-3.16692672999995],[103.22593214,-3.16769867999995],[103.22564869,-3.16829752999997],[103.22560132,-3.16839760999995],[103.22590844,-3.16909542999997],[103.22651192,-3.17031383999995],[103.22690703,-3.17111155999993],[103.2272911,-3.171887],[103.22759153,-3.17212270999994],[103.22786616,-3.17233817999995],[103.22798388,-3.17243052999993],[103.2288324,-3.17204460999994],[103.22888778,-3.17192453999996],[103.22929658,-3.17103819999995],[103.22981234,-3.17061549999994],[103.23014563,-3.17034235999995],[103.23021713,-3.17035146999997],[103.23063324,-3.17040446999995],[103.23064564,-3.17040605999996],[103.23076212,-3.17042088999995],[103.23114567,-3.17150623999993],[103.23111124,-3.17220782999994],[103.23106583,-3.17313312999993],[103.23106564,-3.17324237999998],[103.23106505,-3.17359149999994],[103.2310649,-3.17367546999998],[103.23107825,-3.17368892999998],[103.23141366,-3.17402722999999],[103.23160353,-3.17421873999996],[103.23202778,-3.17428040999995],[103.23219535,-3.17430475999993],[103.23268237,-3.17437554999998],[103.23167863,-3.17538102999993],[103.2315287,-3.17559125999998],[103.23141279,-3.17575378999994],[103.23141174,-3.17636971999997],[103.23241473,-3.17796000000001],[103.23240993,-3.17796360999995],[103.23242332,-3.17798386999995],[103.23244494,-3.17801658999997],[103.2323072,-3.17804077999995],[103.23126389,-3.17882450999998],[103.2312657,-3.17882832999993],[103.23166684,-3.17911160999995],[103.23198022,-3.17933290999998],[103.23250442,-3.18074533999993],[103.23290095,-3.18181377999997],[103.23320444,-3.18189753999997],[103.23353441,-3.18198860999996],[103.23374842,-3.18204766999997],[103.23386654,-3.18196317999996],[103.23397165,-3.18188797999994],[103.23409049,-3.18180295999997],[103.23428864,-3.18166120999997],[103.23455841,-3.18173500999996],[103.23459401,-3.18174473999995],[103.23464933,-3.18175986999995],[103.2347571,-3.18178934999998],[103.23497285,-3.18184836999996],[103.23510036,-3.18227414999996],[103.23525797,-3.18280042999994],[103.23528856,-3.18290257999997],[103.23522599,-3.18376236999996],[103.23513071,-3.18507167999997],[103.23530637,-3.18514265999994],[103.23545252,-3.18520171999995],[103.23625021,-3.18552402999995],[103.23834876,-3.18649519999998],[103.2383522,-3.18649678999998],[103.23835354,-3.18650266999993],[103.23835375,-3.18650357999997],[103.23866585,-3.18787368999995],[103.23866783,-3.18788239999998],[103.23898464,-3.18927319999995],[103.23902921,-3.18946884999998],[103.23905716,-3.18959154999993],[103.23986429,-3.19071108999998],[103.24000191,-3.19090197999999],[103.24153973,-3.19149952999993],[103.24158021,-3.19178786999993],[103.2416274,-3.19212400999993],[103.24165668,-3.19233260999993],[103.24047134,-3.19328243999997],[103.24047053,-3.19375835999994],[103.24061896,-3.19428391999998],[103.24070586,-3.19459164999996],[103.24070758,-3.19459294999997],[103.24078963,-3.19465501999997],[103.24101169,-3.19482302999996],[103.24165162,-3.19530716999998],[103.24319087,-3.19507184999998],[103.24414699,-3.19479903999997],[103.24484889,-3.19459876999997],[103.24506071,-3.19465998999994],[103.24567709,-3.19483814999996],[103.24578302,-3.19493736999993],[103.24682517,-3.19591338999994],[103.24733168,-3.19638776999994],[103.24714925,-3.19647905999995],[103.24709473,-3.19650634999994],[103.24650246,-3.19674329999999],[103.24567446,-3.19638492999997],[103.24556059,-3.19603958999995],[103.2455567,-3.19602777999995],[103.24555117,-3.19603330999996],[103.2455508,-3.19603367999998],[103.24531955,-3.19626532999996],[103.24520057,-3.19662207999994],[103.24586123,-3.19715519999995],[103.24594942,-3.19722635999994],[103.24595164,-3.19722814999995],[103.24601935,-3.19728277999997],[103.24638268,-3.19757596999996],[103.24633254,-3.19864447999992],[103.24626093,-3.20017046999994],[103.24625985,-3.20019337999997],[103.24626613,-3.20019630999997],[103.24779749,-3.20090991999996],[103.24825233,-3.20009029999995],[103.24838512,-3.20076366999996],[103.2487877,-3.20122045999995],[103.24888707,-3.20208215999998],[103.24913847,-3.20248801999997],[103.24932015,-3.20253948999994],[103.24933351,-3.20257831999993],[103.24996647,-3.20312552999997],[103.25016092,-3.20329363999997],[103.25150362,-3.20371791999998],[103.25227271,-3.20500134999998],[103.25240598,-3.20567714999993],[103.25357701,-3.20642900999997],[103.25374113,-3.20658179999998],[103.25434379,-3.20779850999997],[103.25453248,-3.20817944999994],[103.25446853,-3.20837117999997],[103.2544135,-3.20853618999997],[103.25382162,-3.20853517999996],[103.25362321,-3.20833505999997],[103.25287624,-3.20758168999994],[103.25196955,-3.20732685999997],[103.25074652,-3.20698311999996],[103.25011567,-3.20698202999995],[103.24979953,-3.20698148999999],[103.24942414,-3.20735751999997],[103.24920664,-3.20757538999993],[103.2491371,-3.20819483999998],[103.24908645,-3.20864602999995],[103.2490779,-3.20865886999996],[103.24861174,-3.20935910999998],[103.24884767,-3.20983544999995],[103.2508572,-3.21150466999997],[103.25091491,-3.21197519999992],[103.25097396,-3.21245672999993],[103.25049945,-3.21305082999993],[103.24982863,-3.21355471999994],[103.24907712,-3.21411922999994],[103.24789337,-3.21411718999998],[103.24883794,-3.21554660999994],[103.24895469,-3.21649867999997],[103.24812566,-3.21673521999998],[103.24753419,-3.21649622999996],[103.24664825,-3.21673744999993],[103.24623145,-3.21685092999997],[103.24592319,-3.21689804999994],[103.245376561,-3.21698160999994],[103.24469217,-3.21708622999995],[103.24457033,-3.21781329999994],[103.24445298,-3.21851360999995],[103.244917,-3.21882570999999],[103.24551713,-3.21922934999997],[103.2462282,-3.21875464999994],[103.24764931,-3.21840014999999],[103.24824139,-3.21828218999997],[103.2482643,-3.21829952999997],[103.24871428,-3.21863995999997],[103.24816639,-3.21924973999995],[103.24764687,-3.21982793999997],[103.24586961,-3.22077673999996],[103.24488574,-3.22077502999998],[103.24409398,-3.22077365999996],[103.24350149,-3.22112957999998],[103.24373743,-3.22160591999995],[103.24503874,-3.22208410999997],[103.24536594,-3.22234080999993],[103.24507067,-3.22243187999993],[103.24504128,-3.22244093999996],[103.2448367,-3.22285042999994],[103.24463831,-3.22324753999994],[103.24465808,-3.22378848999996],[103.24465864,-3.22380396999995],[103.24468626,-3.22455946999997],[103.24407512,-3.22503000999996],[103.24352852,-3.22523538999996],[103.24263184,-3.22528126999993],[103.24260662,-3.22527341999996],[103.24260114,-3.22527544999998],[103.24257798,-3.22528401999995],[103.24238834,-3.22535424999995],[103.24082297,-3.22593389999998],[103.23884116,-3.22666774999994],[103.23872482,-3.22671082999996],[103.23858208,-3.22728050999996],[103.23846731,-3.22773854999997],[103.23843547,-3.22786563999995],[103.23964595,-3.22795465999996],[103.24044672,-3.22801354999996],[103.24026846,-3.22816658999994],[103.24001016,-3.22838834999993],[103.23919805,-3.22908555999994],[103.23843223,-3.22974302999996],[103.23848446,-3.22990141999997],[103.23854273,-3.23007815999995],[103.23827676,-3.23023793999994],[103.23812214,-3.23047016999994],[103.23814709,-3.23090937999997],[103.23817226,-3.23121941999995],[103.23830045,-3.23140047999994],[103.23889128,-3.23158233999993],[103.24009899,-3.23173944999997],[103.24033013,-3.23184317999995],[103.24043254,-3.23207585999995],[103.24045775,-3.23236006999998],[103.24027744,-3.23259225999994],[103.24003544,-3.23291540999998],[103.23857193,-3.23205390999993],[103.23805714,-3.23231149999998],[103.23770911,-3.23248564999994],[103.23799372,-3.23407469999996],[103.23762104,-3.23537719999996],[103.23741551,-3.23609549999997],[103.23644927,-3.23594435999996],[103.23554818,-3.23580340999996],[103.23504505,-3.23529594999997],[103.23498073,-3.23523106999994],[103.23425731,-3.23450141999996],[103.23411388,-3.23435675999997],[103.23343162,-3.23517674999993],[103.23267409,-3.23608720999995],[103.23268204,-3.23613159999997],[103.23270376,-3.23625286999993],[103.23284513,-3.23704219999997],[103.2328641,-3.23714808999995],[103.2329587,-3.23767625999995],[103.23316744,-3.23818833999996],[103.23321775,-3.23831176999994],[103.23374882,-3.23961453999994],[103.23376139,-3.24038253999993],[103.23394067,-3.24074451999996],[103.23429992,-3.24108097999994],[103.23437635,-3.24146860999998],[103.23435115,-3.24153161999994],[103.23381426,-3.24143252999994],[103.2324298,-3.24186929999996],[103.23108284,-3.24229422999997],[103.23108225,-3.24263054999995],[103.23108217,-3.24267700000001],[103.23108033,-3.24373835999995],[103.231298958,-3.24395887399994],[103.23222776,-3.24489568999996],[103.23241935,-3.24518563999994],[103.23251437,-3.24532943999998],[103.23436252,-3.24453718999997],[103.23485508,-3.24432602999997],[103.23503963,-3.24433726999996],[103.2352947,-3.24446601999996],[103.23473316,-3.24547778999994],[103.23455789,-3.24579358999995],[103.2341923,-3.24645229999994],[103.2340926,-3.24663193999994],[103.23408839,-3.24674098999999],[103.23408513,-3.24682557999996],[103.23372313,-3.24761577999993],[103.23291686,-3.24954674999999],[103.23233072,-3.25019665999997],[103.23189342,-3.25040255999995],[103.23101955,-3.25040101999998],[103.23050618,-3.25001261999995],[103.23024921,-3.24998632999996],[103.22988902,-3.25019235999997],[103.22950326,-3.25032084999998],[103.22942593,-3.25044987999997],[103.22950268,-3.25065667999996],[103.22978481,-3.25099300999995],[103.22977614,-3.25102760999994],[103.22868951,-3.25193450999996],[103.22854517,-3.25205497999997],[103.22847948,-3.25210979999998],[103.2284527,-3.25209627999994],[103.22675683,-3.25124027999993],[103.22646669,-3.25282831999994],[103.2260676,-3.25273843999998],[103.22517406,-3.25253719999996],[103.22506462,-3.25261391999994],[103.22373549,-3.25354555999997],[103.22308561,-3.25365323999996],[103.22287315,-3.25368843999996],[103.22286605,-3.25370263999998],[103.22240606,-3.25462325999997],[103.22232598,-3.25478352999995],[103.22223118,-3.25497325999993],[103.22201926,-3.25483246999994],[103.22198918,-3.25480212999998],[103.22143634,-3.25368589999994],[103.2213976,-3.25420543999996],[103.22131373,-3.25533022999998],[103.22125067,-3.25617597999997],[103.22121345,-3.25632450999996],[103.22104168,-3.25654566999998],[103.22055419,-3.25626453999997],[103.22052929,-3.25625017999994],[103.22021087,-3.25606654999996],[103.22032288,-3.25772015999996],[103.22039371,-3.25876576999997],[103.2204559,-3.25884254999995],[103.22059354,-3.25901244999995],[103.22066035,-3.25909491999994],[103.22088681,-3.25937447999997],[103.22166547,-3.26033567999997],[103.22179925,-3.26050081999995],[103.2220462,-3.26080565999996],[103.22220808,-3.26165434999996],[103.22220737,-3.26205798999997],[103.22248785,-3.26242176999994],[103.22280892,-3.26254342999994],[103.22292897,-3.26278582999993],[103.22306036,-3.26283891999999],[103.22290066,-3.26289210999994],[103.22281293,-3.26292132999993],[103.22187979,-3.26509907999997],[103.22069042,-3.26618667999998],[103.22007089,-3.26618556999995],[103.21968312,-3.26579940999994],[103.21952619,-3.26564311999994],[103.21929536,-3.26541324999994],[103.21918884,-3.26530716999997],[103.21909032,-3.26597626999995],[103.21875302,-3.26676344999993],[103.21862374,-3.26706513999995],[103.21820907,-3.26799842999998],[103.21806512,-3.26822184999997],[103.21769038,-3.26880347999998],[103.21769006,-3.26898359999996],[103.21758687,-3.26950214999994],[103.21748893,-3.26966147999997],[103.21717266,-3.27017598999993],[103.21706858,-3.27064281999998],[103.21701799,-3.27074404999996],[103.21700496,-3.27077011999996],[103.21675771,-3.27126494999993],[103.21639511,-3.27193887999994],[103.21561904,-3.27287152999998],[103.21571093,-3.27339304999993],[103.21607947,-3.27525931999998],[103.21649029,-3.27650542999994],[103.21726178,-3.27816730999996],[103.2174671,-3.27884224999997],[103.21767251,-3.27946530999999],[103.21724286,-3.27958592999994],[103.21601956,-3.27992936999993],[103.21519332,-3.28003166999997],[103.21509964,-3.28002678999997],[103.214720459,-3.28000705499995],[103.21416084,-3.27997792999998],[103.21421102,-3.28059653999997],[103.21421136,-3.28060069999998],[103.2145711,-3.28153537999998],[103.2146219,-3.28200247999997],[103.2140527,-3.28272792999997],[103.21402641,-3.28275801999997],[103.21369056,-3.28314239999997],[103.2135527,-3.28331988999998],[103.21332832,-3.28360876999995],[103.2133073,-3.28364033999998],[103.21322479,-3.28376424999993],[103.21300507,-3.28395043999996],[103.2127669,-3.28415224999998],[103.2125526,-3.28433383999993],[103.21152807,-3.28546891999998],[103.21152805,-3.28546894999993],[103.21141387,-3.28559544999997],[103.21140636,-3.28560376999997],[103.21129832,-3.28572346999994],[103.21068118,-3.28710537999996],[103.21006702,-3.28848060999996],[103.21006634,-3.28886169999993],[103.2100659,-3.28910328999997],[103.21007694,-3.28936941999996],[103.21009536,-3.28981361999996],[103.2101154,-3.29029685999995],[103.21047662,-3.29040128999998],[103.21063703,-3.29040157999998],[103.21099291,-3.29040221999998],[103.21146854,-3.29062388999996],[103.21152429,-3.29064987999994],[103.21166354,-3.29071476999997],[103.21209387,-3.29184902999998],[103.2128096,-3.29248073999998],[103.21374294,-3.29343552999996],[103.21377544,-3.29346876999995],[103.21384103,-3.29350187999996],[103.21439443,-3.29378122999998],[103.215090032,-3.29694058499996],[103.213609296,-3.29716261099997],[103.212887208,-3.29727088399994],[103.21029119,-3.29766013999995],[103.19255113,-3.29795072999997],[103.19411977,-3.29603770199999],[103.19752149,-3.29188914999997],[103.19696493,-3.29075607999994],[103.19537819,-3.28752576999995],[103.1938948,-3.28450582999995],[103.19359916,-3.28390393999996],[103.19105489,-3.28443935999998],[103.18901539,-3.28486853999993],[103.18900898,-3.28484257999997],[103.18895133,-3.28460897999998],[103.18953577,-3.28259930999997],[103.1899902,-3.28110829999998],[103.19044404,-3.27994160999998],[103.19141382,-3.27897042999996],[103.19141119,-3.27886879999995],[103.19139491,-3.27823885999993],[103.1913829,-3.27777393999997],[103.1913787,-3.27761123999995],[103.19135348,-3.27663527999994],[103.191206324,-3.27666871099995],[103.188151163,-3.27736278699997],[103.18811503,-3.27737074999993],[103.18444545,-3.27817940999995],[103.1840997,-3.27789078999995],[103.18316999,-3.27711469999997],[103.18311904,-3.27707216999994],[103.18208325,-3.27620752999996],[103.1814819,-3.27587281999996],[103.1812745,-3.27575737999996],[103.18108469,-3.27565172999994],[103.18083632,-3.27551348999997],[103.18006331,-3.27473373999993],[103.179557025,-3.27570412399997],[103.17955326,-3.27571133999994],[103.179524,-3.27576741999996],[103.1794382,-3.27593185999996],[103.17936918,-3.27606415999998],[103.17903053,-3.27578705999998],[103.17866871,-3.27549098999997],[103.17864858,-3.27547235999999],[103.17837836,-3.27522236999995],[103.17812681,-3.27498964999996],[103.17764739,-3.27516297999995],[103.17709519,-3.27536261999996],[103.17684941,-3.27545147999997],[103.176828016,-3.27544487699993],[103.17619562,-3.27524969999997],[103.17568058,-3.27487439999993],[103.17533689,-3.27462396999995],[103.17407825,-3.27370682999998],[103.17403734,-3.27367734999995],[103.17392832,-3.27372324999994],[103.17381172,-3.27377767999997],[103.17241452,-3.27442989999998],[103.17202054,-3.27459885999997],[103.16943363,-3.27570828999996],[103.16785596,-3.27467159999997],[103.16773898,-3.27459473999994],[103.1675919,-3.27449808999996],[103.16698605,-3.27432289999996],[103.16692641,-3.27433731999997],[103.16665521,-3.27440286999996],[103.16559383,-3.27410983999994],[103.16466883,-3.274294],[103.16356054,-3.27458886999995],[103.16189352,-3.27503236999997],[103.1572689,-3.27576731999994],[103.15569512,-3.27620706999994],[103.155663758,-3.27621583299998],[103.15264326,-3.27705983999994],[103.14614449,-3.27826511999996]]]]},"properties":{"gid":1485,"luas":null,"idkec":"1605061","kdkab":"05","kdkec":"061","nmkab":"MUSI RAWAS","nmkec":"SUKA KARYA","kdprov":"16","nmprov":"SUMATERA SELATAN","sumber":null,"periode":"2025_1"}},{"id":1486,"type":"Feature","geometry":{"type":"MultiPolygon","coordinates":[[[[102.95652212,-3.14617138999995],[102.95652209,-3.14617139999996],[102.956517635,-3.14617327799994],[102.95652312,-3.14614621799996],[102.95652737,-3.14614442999994],[102.95653506,-3.14614119999994],[102.95657654,-3.14612374999995],[102.95657203,-3.14611568999994],[102.95617883,-3.14541321999998],[102.95586202,-3.14485334999996],[102.9555452,-3.14429348999994],[102.95536094,-3.14384651999995],[102.95532941,-3.14377916999997],[102.95495153,-3.14305401999996],[102.95424779,-3.14269857999996],[102.9538971,-3.14253704999993],[102.95388565,-3.14253177999996],[102.953769859,-3.14247844599994],[102.95376745,-3.14247733699995],[102.953750126,-3.14249681599995],[102.953665929,-3.14249920799995],[102.953506039,-3.14249864899995],[102.953326946,-3.14250243199996],[102.953325811,-3.14250254599995],[102.953325757,-3.14250254999997],[102.953317583,-3.14250337299995],[102.953151237,-3.14252008699998],[102.95291037,-3.14252143099999],[102.95261856,-3.14251462399995],[102.952542914,-3.14242823999996],[102.951577286,-3.14241450299994],[102.95152227,-3.14241371999999],[102.951518888,-3.14241171799995],[102.95117179,-3.14220626999998],[102.9508457,-3.14201325999995],[102.95083612,-3.14201982999999],[102.95074136,-3.14196719999996],[102.95053935,-3.14142243999993],[102.95053098,-3.14139211999998],[102.95050423,-3.14129514999997],[102.95005396,-3.14139766999995],[102.94991703,-3.14142884999995],[102.94964754,-3.14146902999994],[102.94959977,-3.14147614999997],[102.94958277,-3.14147867999999],[102.94934754,-3.14151375999996],[102.94922507,-3.14153200999994],[102.94916398,-3.14154111999995],[102.94913294,-3.14154185999996],[102.94909879,-3.14154267999993],[102.94901525,-3.14154465999997],[102.94855165,-3.14155569999997],[102.94851197,-3.14155663999998],[102.94850211,-3.14155687999995],[102.9480769,-3.14163107999997],[102.94775844,-3.14168663999994],[102.9477578,-3.14201870999994],[102.94775738,-3.14223289999996],[102.94775737,-3.14223864999997],[102.94775736,-3.14224062999995],[102.94775735,-3.14224636999995],[102.94718602,-3.14219529999997],[102.94653784,-3.14213734999993],[102.94653615,-3.14300364999997],[102.94653613,-3.14301136999995],[102.94653546,-3.14335568999997],[102.94653544,-3.14336341999996],[102.94651582,-3.14336360999995],[102.94651579,-3.14336360999995],[102.94475056,-3.14338133999997],[102.94398304,-3.14339187999997],[102.943940582,-3.14339036999997],[102.94392089,-3.14338966999998],[102.943845566,-3.14338699699994],[102.943609183,-3.14337860799998],[102.943123301,-3.14295475299997],[102.942823954,-3.14266395899995],[102.942595168,-3.14216789899996],[102.942618688,-3.14179799299996],[102.942744841,-3.14104321199995],[102.942789743,-3.14062198899995],[102.942835714,-3.14059064499998],[102.943448305,-3.14017296899993],[102.943910154,-3.13990355699997],[102.944088182,-3.13970703299999],[102.944111683,-3.13969569099993],[102.944111958,-3.13969555799998],[102.944836658,-3.13934580899997],[102.94586801,-3.13951601999999],[102.94589805,-3.13952097999993],[102.94661396,-3.13920282999994],[102.94676178,-3.13905482999996],[102.94695005,-3.13886630999997],[102.94697365,-3.13884267999993],[102.94705194,-3.13876428999993],[102.94705196,-3.13875656999995],[102.947053,-3.13821929999995],[102.94705302,-3.13821157999996],[102.94705311,-3.13816511999994],[102.9473718,-3.13776628999995],[102.94737181,-3.13775856999996],[102.94737285,-3.13722390999994],[102.94737287,-3.13721617999994],[102.94735061,-3.13714963999996],[102.947125,-3.13715759999996],[102.94712147,-3.13715772999996],[102.94633586,-3.13718541999998],[102.94630087,-3.13704608999996],[102.94572228,-3.13474232999993],[102.94490484,-3.13420991999993],[102.94435483,-3.13385167999997],[102.94404635,-3.13349588999995],[102.94345933,-3.13316654999995],[102.94324578,-3.13304673999995],[102.94281097,-3.13267061999995],[102.94277332,-3.13257682999995],[102.94276892,-3.13256588999998],[102.942634897,-3.13215906199998],[102.94245666,-3.13161801999996],[102.94227566,-3.13106859999994],[102.94206481,-3.13042853999997],[102.942051133,-3.13041608399994],[102.942066227,-3.13027117399998],[102.942033002,-3.12996383799998],[102.941966551,-3.12968142099993],[102.941908406,-3.12943222999997],[102.941775504,-3.12905844299996],[102.941584457,-3.12880094499997],[102.941343572,-3.12861820499996],[102.941127606,-3.12848530299993],[102.940795351,-3.12831917499995],[102.94017001,-3.12811624999995],[102.94017013,-3.12811612999998],[102.93974697,-3.12785320999996],[102.93959666,-3.12775981999994],[102.9396222,-3.12771154999996],[102.93995501,-3.12708260999995],[102.93998929,-3.12701781999994],[102.93999563,-3.12700583999993],[102.94052983,-3.12715733999994],[102.94108821,-3.12729753999998],[102.94083402,-3.12620192999998],[102.94083648,-3.12619449999994],[102.94084058,-3.12618208999993],[102.94083645,-3.12616394999998],[102.94123613,-3.12494756899998],[102.94143404,-3.12434524999997],[102.94153222,-3.12404643999998],[102.94176949,-3.12332432999996],[102.9421905,-3.12297024999999],[102.94283629,-3.12242711999994],[102.94284758,-3.12241761999997],[102.94287547,-3.12239415999994],[102.943043865,-3.12229937899998],[102.94334421,-3.12213032999995],[102.94340614,-3.12209546999998],[102.94358292,-3.12199596999994],[102.943663046,-3.12195065299995],[102.94416664,-3.12166582999994],[102.94454784,-3.12145022999994],[102.94457064,-3.12143732999993],[102.94459988,-3.12142079999996],[102.945293765,-3.12100223799996],[102.94587944,-3.12064894999998],[102.94737806,-3.11974494999993],[102.947711595,-3.11954375699998],[102.94782785,-3.11947362999996],[102.94787376,-3.11948361999993],[102.94843558,-3.11960578999998],[102.949064,-3.11974243999993],[102.94962712,-3.11980015999995],[102.94993191,-3.11983139999996],[102.948575141,-3.11869875299994],[102.948574894,-3.11869854699995],[102.948575615,-3.11869826999993],[102.948913449,-3.11860205199998],[102.949967576,-3.11841816699996],[102.95032081,-3.11824461099996],[102.95039949,-3.11817868999999],[102.950711666,-3.11781519799996],[102.951222158,-3.11619521199998],[102.951425757,-3.11602533199995],[102.95289933,-3.11370445399996],[102.95288899,-3.11274962999994],[102.95287924,-3.11184914999996],[102.952881947,-3.11184888299993],[102.952885533,-3.11184852999998],[102.95408003,-3.11173080999992],[102.95519751,-3.11162067999994],[102.95520166,-3.11162026999995],[102.95520368,-3.11162006999996],[102.95520507,-3.11161992999997],[102.9552108,-3.11161936999997],[102.9557211,-3.10961228999998],[102.955908408,-3.10887558499996],[102.95588315,-3.10885595999998],[102.95584785,-3.10884416999995],[102.955814005,-3.10883287999997],[102.95569922,-3.10866633999996],[102.95540764,-3.10856561999998],[102.95530868,-3.10853143999998],[102.95518516,-3.10848876999995],[102.95467454,-3.10831238999999],[102.9543769,-3.10817704999994],[102.95367506,-3.10785792999996],[102.953612232,-3.10782721699997],[102.95359119,-3.10781692999995],[102.95315434,-3.10760338999996],[102.953131108,-3.10759203399993],[102.95294978,-3.10750339999993],[102.95290052,-3.10747931999993],[102.95184244,-3.107066],[102.95180096,-3.10704979999997],[102.95172546,-3.10701082999997],[102.95067669,-3.10646939999999],[102.95004131,-3.10619074999994],[102.94938181,-3.10590151999998],[102.94935235,-3.10588859999996],[102.94917176,-3.10565894999996],[102.94863393,-3.10497501999993],[102.94863391,-3.10497498999996],[102.94814672,-3.10435544999996],[102.94810615,-3.10430385999995],[102.94810584,-3.10430345999993],[102.94810498,-3.10430235999996],[102.94813275,-3.10425074999996],[102.94841052,-3.10373458999993],[102.94845636,-3.10364941999996],[102.94863327,-3.10288551999998],[102.94875898,-3.10234273999993],[102.94925207,-3.10086526999993],[102.94936267,-3.10053384999998],[102.94992576,-3.09861215999996],[102.95014291,-3.09789101999997],[102.95013839,-3.09788650999997],[102.95013858,-3.09788586999997],[102.95013987,-3.09788144999993],[102.95014207,-3.09787395999996],[102.95015555,-3.09787870999998],[102.95016894,-3.09788342999998],[102.954568925,-3.09773198299996],[102.954568943,-3.09773196399994],[102.954569258,-3.09773196699997],[102.95476793,-3.09876327999996],[102.954904189,-3.09861998499997],[102.954915385,-3.09861279499996],[102.95640048,-3.09765913399997],[102.956400012,-3.09765693199995],[102.956361623,-3.09747618699993],[102.956460007,-3.09745920399997],[102.956631162,-3.09742965899995],[102.956844381,-3.09739285399997],[102.956958608,-3.09737313599993],[102.958919088,-3.09778260299993],[102.958933798,-3.09778245299999],[102.960135081,-3.09777019499996],[102.961990706,-3.09778945599993],[102.962205048,-3.09776874299997],[102.962757324,-3.09771537499995],[102.962758087,-3.09769589699994],[102.962827638,-3.09592138799997],[102.963316472,-3.09605659699997],[102.965332524,-3.09661422899996],[102.965267532,-3.09547391299998],[102.96513814,-3.09525022999998],[102.965138,-3.09524998999997],[102.963825551,-3.09300299699993],[102.964676165,-3.09275312899997],[102.9648885,-3.09124747899995],[102.964878082,-3.09120515699993],[102.965522801,-3.09077389199996],[102.966142045,-3.09046171199998],[102.966664051,-3.09023653299994],[102.966664051,-3.08989876399994],[102.966628227,-3.08960705399994],[102.966126691,-3.08843509799994],[102.96622868,-3.08685589999994],[102.96635245,-3.08655263999999],[102.96639987,-3.08643643999995],[102.96671766,-3.08556312999997],[102.96684481,-3.08521370999995],[102.96684661,-3.08521372999996],[102.96685672,-3.08521388999998],[102.966878788,-3.08521422399997],[102.968380262,-3.08593907399996],[102.968385088,-3.08593652899998],[102.96957213,-3.08531063399995],[102.969745153,-3.08521940399994],[102.972151876,-3.08358014099998],[102.97221351,-3.08354274999993],[102.9723715,-3.08344690999997],[102.97259311,-3.08323884999994],[102.97266502,-3.08317133999998],[102.973219793,-3.08263799099996],[102.9737473,-3.08252020999993],[102.97452841,-3.08227646299998],[102.975421291,-3.08190947899994],[102.975494063,-3.08299975799998],[102.975678901,-3.08517895399996],[102.975059658,-3.08592869799998],[102.975169689,-3.08654538299993],[102.975622606,-3.08721836199994],[102.976497735,-3.08767383799995],[102.978385393,-3.08900127299995],[102.978804,-3.08970167999996],[102.97887257,-3.08983107999995],[102.97892796,-3.08992387999995],[102.97900041,-3.09004527999997],[102.979320686,-3.09056597599994],[102.979933574,-3.09022074699994],[102.98018833,-3.08960158199994],[102.980864254,-3.08945313399994],[102.981827421,-3.08924160199996],[102.981731286,-3.08814726199995],[102.981238598,-3.08793847399995],[102.981070363,-3.08767928799995],[102.981224178,-3.08723771199993],[102.981796177,-3.08686813199995],[102.981377992,-3.08598977799994],[102.981353959,-3.08586978499995],[102.982093967,-3.08548995799993],[102.982382596,-3.08534181199998],[102.982553465,-3.08537656799996],[102.982901722,-3.08544740699995],[102.983190125,-3.08566819499993],[102.983435268,-3.08544260699995],[102.983300679,-3.08503942799996],[102.983473721,-3.08482823899994],[102.984312395,-3.08494318399994],[102.984433863,-3.08495663199995],[102.984626132,-3.08483663899995],[102.984432661,-3.08459545099993],[102.984437468,-3.08337151299999],[102.984769132,-3.08275234399997],[102.985141652,-3.08274034499994],[102.985732878,-3.08291793599995],[102.986101049,-3.08269289699997],[102.986129433,-3.08267554799995],[102.986355348,-3.08253155499994],[102.986636541,-3.08262514999996],[102.986819197,-3.08293233499996],[102.986819197,-3.08326831799997],[102.9871076,-3.08365709899994],[102.986869667,-3.08424986899996],[102.98699723,-3.08439752999993],[102.987085,-3.08459211599996],[102.987409454,-3.08467131199996],[102.989106225,-3.08355776899999],[102.989407846,-3.08337417799993],[102.990085593,-3.08367656299993],[102.990613131,-3.08380975599994],[102.990983248,-3.08384335399995],[102.991574474,-3.08364656399994],[102.991742709,-3.08354576899996],[102.991848457,-3.08319058699993],[102.99269037,-3.08316566999998],[102.992998464,-3.08312698999993],[102.993296481,-3.08348217199995],[102.993402228,-3.08410614099996],[102.99368358,-3.08478121999997],[102.99391613,-3.08473714999997],[102.99407304,-3.08470741999997],[102.99413009,-3.08470342999993],[102.99432883,-3.08468953999995],[102.99436427,-3.08454816999996],[102.99446582,-3.08409548999993],[102.99440887,-3.08364955999998],[102.99439785,-3.08356322999993],[102.994391441,-3.08351304399997],[102.994421761,-3.08351443799996],[102.99442125,-3.08352046999994],[102.99542529,-3.08416543999994],[102.99551353,-3.08422212999995],[102.99555351,-3.08424780999997],[102.995568307,-3.08425731699999],[102.99559077,-3.08427174999998],[102.995646758,-3.08423170699996],[102.9959906,-3.08398578999993],[102.99633691,-3.08373811999997],[102.99639811,-3.08381530999997],[102.99674097,-3.08424780999997],[102.9967617,-3.08427395999997],[102.99678397,-3.08426281999994],[102.99711767,-3.08409587999995],[102.99740099,-3.08395414999996],[102.99744406,-3.08393848999998],[102.99815136,-3.08368144999998],[102.99816101,-3.08367794999998],[102.99842403,-3.08358235999998],[102.99857272,-3.08352832999998],[102.998822902,-3.08290298199995],[102.99885444,-3.08282414999997],[102.99900051,-3.08245904999996],[102.99901548,-3.08245907999997],[102.99904898,-3.08245913999997],[102.99995855,-3.08246085999997],[103.00064903,-3.08211542599998],[103.00081093,-3.08203442999997],[103.00124543,-3.08181705999994],[103.00166332,-3.081608],[103.00205916,-3.08143203999993],[103.00268029,-3.08113813999995],[103.00333634,-3.08129018999995],[103.00391688,-3.08142472999998],[103.003944963,-3.08129880599996],[103.00410517,-3.08058042999994],[103.00418222,-3.08023493999997],[103.00432831,-3.07957984999996],[103.0045395,-3.07924157999997],[103.00468442,-3.07900944999994],[103.00486214,-3.07872477999996],[103.005063739,-3.07812058499997],[103.00507339,-3.07809165999993],[103.00507624,-3.07808312999993],[103.00443994,-3.07679781999997],[103.00447605,-3.07658246999995],[103.00447606,-3.07658243999993],[103.00454135,-3.07619312999998],[103.00456097,-3.07607608999996],[103.00465522,-3.07551411999999],[103.00511503,-3.07495131999997],[103.00562462,-3.07430361999997],[103.00584066,-3.07426549999997],[103.00786929,-3.07390760999994],[103.00803558,-3.07380356999994],[103.00866312,-3.07341091999996],[103.00870421,-3.07338152999995],[103.008704216,-3.07337829699998],[103.00870619,-3.07231143999996],[103.00833617,-3.07141400000001],[103.00817634,-3.07102632999994],[103.00870996,-3.07027826999997],[103.00875774,-3.06930776999997],[103.00874953,-3.06930760999996],[103.008806,-3.06798321999998],[103.00935505,-3.06792074999993],[103.00947288,-3.06790734999993],[103.00961861,-3.06827557999998],[103.00982628,-3.06880030999998],[103.01016146,-3.06907089999993],[103.01058485,-3.06879536999998],[103.010973,-3.06854276999997],[103.0112491,-3.06836308999993],[103.01149889,-3.06820052999996],[103.01149315,-3.06823089999994],[103.01169233,-3.06820267999996],[103.01185447,-3.06817969999998],[103.01191817,-3.06817067999999],[103.01221101,-3.06776015999998],[103.01223738,-3.06771175999995],[103.01258814,-3.06695149999996],[103.01283274,-3.06597560999996],[103.0131451,-3.06566276999996],[103.01350169,-3.06530561999995],[103.01392466,-3.06522912999997],[103.01416962,-3.06518481999997],[103.01431243,-3.06549738999996],[103.01431453,-3.06550198999997],[103.01453237,-3.06597877999997],[103.01457049,-3.06597188999996],[103.0152003,-3.06585797999998],[103.01529947,-3.06574761999997],[103.01554219,-3.06547751999995],[103.01574773,-3.06524878999994],[103.01570481,-3.06421203999997],[103.01569964,-3.06408712999996],[103.01568962,-3.06384517999994],[103.01580121,-3.06354242999993],[103.01588258,-3.06332165999993],[103.01611666,-3.06268655999998],[103.01612622,-3.06255537999994],[103.01617805,-3.06184451999997],[103.01617893,-3.06183237999994],[103.01578263,-3.06126098999994],[103.01577271,-3.06124667999995],[103.01575515,-3.06122136999994],[103.01575583,-3.06085523999998],[103.0157834,-3.06083946999997],[103.0170046,-3.06014096999997],[103.01703189,-3.06012535999998],[103.01716798,-3.06012560999994],[103.01747291,-3.06012617999995],[103.01867081,-3.06012839999994],[103.01867872,-3.06010205999997],[103.01885403,-3.05951851999993],[103.01883869,-3.05948753999997],[103.01882552,-3.05946093999995],[103.01868018,-3.05916735999996],[103.01861212,-3.05902989999993],[103.01844835,-3.05885087999997],[103.0180221,-3.05838494999995],[103.01789703,-3.05824822999995],[103.01788517,-3.05823526999995],[103.01793263,-3.05804592999993],[103.01800747,-3.05774731999998],[103.01820246,-3.05721135999994],[103.01825146,-3.05704500999997],[103.01870442,-3.05679312999996],[103.01870584,-3.05679223999994],[103.01873767,-3.05677232999995],[103.01874805,-3.05676886999993],[103.01898832,-3.05668884999994],[103.01902261,-3.05667742999999],[103.0191021,-3.05665095999997],[103.01912312,-3.05665375999997],[103.02000664,-3.05677127999996],[103.02053196,-3.05683093999995],[103.020804544,-3.05679135799994],[103.02080859,-3.05679076999997],[103.0208075,-3.05679659999993],[103.02189432,-3.05665613999998],[103.02222386,-3.05668987999997],[103.02250122,-3.05671827999993],[103.02285307,-3.05691563999994],[103.02304697,-3.05702439999993],[103.02310877,-3.05700737999997],[103.02384628,-3.05680431999997],[103.02384639,-3.05680428999995],[103.02384642,-3.05680427999994],[103.02452875,-3.05661641999996],[103.02477694,-3.05654807999997],[103.02478492,-3.05654588999994],[103.02480818,-3.05653947999997],[103.02522909,-3.05656514999993],[103.02559145,-3.05657882999998],[103.02578031,-3.05658595999995],[103.02578346,-3.05659105999996],[103.02578855,-3.05659926999994],[103.02583998,-3.05660240999992],[103.02591549,-3.05675492999996],[103.02596094,-3.05684671999996],[103.02595305,-3.05685934999997],[103.02595131,-3.05686213999997],[103.02504775,-3.05830955999994],[103.02505748,-3.05832428999998],[103.02508214,-3.05836162999998],[103.02508964,-3.05837300000001],[103.02526798,-3.05857863999996],[103.02530608,-3.05862257999996],[103.02638875,-3.05829823999994],[103.02802388,-3.05733870999996],[103.03111323,-3.05757448999999],[103.03135563,-3.05754972999995],[103.03142011,-3.05754314999997],[103.03150314,-3.05751121999998],[103.03209095,-3.05728518999996],[103.03213148,-3.05728865999993],[103.03214679,-3.05728996999995],[103.03215864,-3.05729097999995],[103.03281925,-3.05734754999997],[103.03319691,-3.05723982999996],[103.03324438,-3.05722628999996],[103.03313109,-3.05665134999993],[103.0330038,-3.05600539999995],[103.033118755,-3.05581359699995],[103.033118778,-3.05581361999999],[103.033118805,-3.05581364899995],[103.033118848,-3.05581369399994],[103.033118905,-3.05581375299995],[103.033998349,-3.05672735699995],[103.034000123,-3.05672919999996],[103.033839322,-3.05778910799996],[103.033839066,-3.05778923599997],[103.033839049,-3.05778935099995],[103.033520364,-3.05794869299996],[103.032829887,-3.05768312499992],[103.032617426,-3.05773623699997],[103.032882999,-3.05863917699999],[103.032723652,-3.05895786299994],[103.033401009,-3.05952688699995],[103.033470834,-3.05958554499995],[103.033471546,-3.05958605599994],[103.03432567,-3.06040288199995],[103.034371475,-3.06044668699997],[103.034705673,-3.06052893099997],[103.035008845,-3.06060353899995],[103.034901809,-3.06099216499996],[103.034847013,-3.06119111499993],[103.035749539,-3.06135543699998],[103.03610806,-3.06214219099997],[103.035724533,-3.06244353399996],[103.035698046,-3.06246434499997],[103.035698046,-3.06288831099994],[103.035910503,-3.06352568299997],[103.036224342,-3.06403567199994],[103.036224738,-3.06403631299998],[103.036223918,-3.06404312699994],[103.0359469,-3.06634641999995],[103.03559312,-3.06687777999998],[103.03491609,-3.06806376999999],[103.03459913,-3.06932839999997],[103.03453418,-3.06965178999997],[103.03451609,-3.06974184999997],[103.03451486,-3.06974797999993],[103.03451063,-3.07205895999994],[103.0345106,-3.07207715999993],[103.034154994,-3.07237136499999],[103.033114238,-3.07323241599995],[103.03085322,-3.07510302999999],[103.03040512,-3.07547374999996],[103.030400385,-3.07548350799994],[103.03039607,-3.07549239999998],[103.02982527,-3.07666824999997],[103.02982508,-3.07666864999993],[103.02917926,-3.07805872999995],[103.02848806,-3.07942284999996],[103.02848805,-3.07942287999994],[103.02643854,-3.08364475999998],[103.026249302,-3.08403457599996],[103.02432225,-3.08800414999997],[103.02433543,-3.08804170999997],[103.024335381,-3.08804180999994],[103.02431877,-3.08807553999998],[103.02431086,-3.08809159999993],[103.02432045,-3.08812071999994],[103.02434685,-3.08820081999994],[103.0243343,-3.08821728999994],[103.02445919,-3.08849767999993],[103.02462995,-3.08888105999995],[103.02463512,-3.08889264999993],[103.024663475,-3.08897229199994],[103.02528324,-3.09071304999999],[103.02615212,-3.09321889999996],[103.02615216,-3.09321901999993],[103.02625528,-3.09351641999997],[103.02625658,-3.09351660999994],[103.02657223,-3.09356253999995],[103.02676007,-3.09358986999997],[103.02676185,-3.09359012999994],[103.026492028,-3.09388972899996],[103.026478281,-3.09392039399996],[103.026319994,-3.09427349599997],[103.02587577,-3.09526445799998],[103.025860188,-3.09529921699993],[103.026143464,-3.09620569899994],[103.026144685,-3.09620641099997],[103.026823325,-3.09660228499997],[103.02703702,-3.09669132399995],[103.027496525,-3.09687708199993],[103.027842357,-3.09716625899995],[103.027842511,-3.09716833099998],[103.027856996,-3.09736313299994],[103.027882761,-3.09772383899997],[103.027899773,-3.09799178299994],[103.027899773,-3.09820626099997],[103.027899773,-3.09858450399998],[103.027899773,-3.09858521499997],[103.028258563,-3.09890812599997],[103.028464973,-3.09909430399996],[103.028465655,-3.09909450899995],[103.028466324,-3.09909511099994],[103.0289984,-3.09925473399994],[103.029032926,-3.09926511799995],[103.02953702,-3.09948914099993],[103.029537058,-3.09948915699994],[103.029542772,-3.09949169699997],[103.029597385,-3.10003783099996],[103.029597388,-3.10003785999993],[103.029597392,-3.10003789599994],[103.029598291,-3.10004686799994],[103.029599362,-3.10005796899998],[103.029599401,-3.10005798599998],[103.029599427,-3.10005824799992],[103.029599428,-3.10008398199995],[103.029599427,-3.10094513499996],[103.029599426,-3.10095386599994],[103.029599426,-3.10096915299994],[103.030341329,-3.10122885999994],[103.03053781,-3.10129767299998],[103.030538605,-3.10129909099993],[103.030717474,-3.10161204999997],[103.030755826,-3.10167916699994],[103.030764231,-3.10169387299994],[103.030764262,-3.10169392699993],[103.030764292,-3.10169397999994],[103.03076431,-3.10169401199995],[103.030764338,-3.10169406099993],[103.030764385,-3.10169414299997],[103.030764398,-3.10169416599997],[103.030594736,-3.10305146299993],[103.030594434,-3.10305389899997],[103.030584162,-3.10322850299997],[103.030547902,-3.10384493899994],[103.030537778,-3.10401702599996],[103.030714682,-3.10431186599994],[103.031147754,-3.10378856999996],[103.031797701,-3.10346359699998],[103.032308374,-3.10327789799994],[103.032958321,-3.10313862399995],[103.033515418,-3.10292971199994],[103.034351064,-3.10288328699995],[103.034768887,-3.10311541099998],[103.035024224,-3.10334753499996],[103.035743808,-3.10330110999997],[103.036115206,-3.10325468599997],[103.03625448,-3.10330110999997],[103.036533029,-3.10357965899993],[103.036672303,-3.10371893299992],[103.037507949,-3.10374214599995],[103.037786498,-3.10376535799998],[103.037972197,-3.10413675599995],[103.037972197,-3.10450815499997],[103.037740073,-3.10476349099998],[103.0374151,-3.10497240199993],[103.037252613,-3.10525095099997],[103.037206188,-3.10555271199997],[103.037206188,-3.10580804799998],[103.037066914,-3.10641156999998],[103.037740073,-3.10689903099995],[103.038227533,-3.10713115499993],[103.03848287,-3.10734006599995],[103.038552507,-3.10743291599994],[103.038181108,-3.10824534899996],[103.038459657,-3.10857032299998],[103.037670436,-3.11019518999996],[103.037879347,-3.11033446399995],[103.036161649,-3.11355242999997],[103.036217425,-3.11555774099999],[103.03585626,-3.11561755999998],[103.035610423,-3.11576579699994],[103.035473472,-3.11597010099996],[103.035419688,-3.11612774599997],[103.035417214,-3.11613062499993],[103.034963835,-3.11665710199998],[103.032951144,-3.11696746199994],[103.02801715,-3.11926010999998],[103.026697008,-3.11987351999995],[103.02411156,-3.12107485999997],[103.02411153,-3.12107486999998],[103.02302547,-3.12158375999997],[103.02302544,-3.12158377999998],[103.02034116,-3.12284152999996],[103.01997649,-3.12301005999996],[103.019380492,-3.12328548399996],[103.01936148,-3.12329426999998],[103.01445646,-3.12556101999997],[103.0144541,-3.12556210999997],[103.0112856,-3.12703429999993],[103.01128556,-3.12703430999994],[103.0085762,-3.12833534999994],[103.00842547,-3.12844361999992],[103.00811741,-3.12866490999995],[103.00808141,-3.12880257999996],[103.00751629,-3.12892767999995],[103.00701898,-3.12903777999998],[103.00645528,-3.12916256999996],[103.00590327,-3.12936944999996],[103.00356355,-3.13024631999998],[103.00297247,-3.13047354999998],[103.00121398,-3.13114955999993],[102.99876708,-3.13205323999995],[102.99290084,-3.13421968999996],[102.99290026,-3.13421948999997],[102.99285959,-3.13420577999996],[102.992607809,-3.13286024499997],[102.990928075,-3.12388364799995],[102.99092766,-3.12388142999993],[102.990887459,-3.12389540399994],[102.990857047,-3.12345596899996],[102.989908033,-3.11793235199996],[102.989905251,-3.11791612899998],[102.989834238,-3.11786769499997],[102.989830988,-3.11786550999995],[102.987587872,-3.11634350199995],[102.987544809,-3.11624884199995],[102.98750972,-3.11623700999996],[102.98713902,-3.11610527999994],[102.98658614,-3.11577608999994],[102.98642856,-3.11566746999994],[102.98625688,-3.11554616999996],[102.98601256,-3.11537354999996],[102.98586345,-3.11537325999996],[102.98550595,-3.11537257999993],[102.9852742,-3.11519715999998],[102.98505627,-3.11503219999998],[102.98494824,-3.11507539999997],[102.98479345,-3.11513729999997],[102.98477071,-3.11514486999994],[102.98475633,-3.11554214999995],[102.98435733,-3.11557002999996],[102.98398568,-3.11559598999998],[102.98336563,-3.11604747999997],[102.98323308,-3.11599721999994],[102.98291563,-3.11587685999997],[102.98299385,-3.11559070999993],[102.98308569,-3.11525474999997],[102.98265451,-3.11522057999998],[102.98265436,-3.11522055999996],[102.9823721,-3.11519731999994],[102.98247264,-3.11456977999995],[102.98214668,-3.11432661999993],[102.98190484,-3.11462574999996],[102.98183907,-3.11484327999994],[102.98183905,-3.11484330999997],[102.98176787,-3.11507430999996],[102.98167822,-3.11536520999995],[102.98154349,-3.11535698999995],[102.98072139,-3.11530678999998],[102.9801586,-3.11524911999993],[102.98001411,-3.11533588999993],[102.97991333,-3.11539640999996],[102.97987683,-3.11541832999995],[102.97987471,-3.11541881999995],[102.97978521,-3.11543938999995],[102.97927847,-3.11555591999996],[102.97914972,-3.11557630999994],[102.97914566,-3.11558645999997],[102.97914535,-3.11558652999997],[102.97914473,-3.11558666999998],[102.97909483,-3.11571138999994],[102.97903161,-3.11586937999994],[102.97912002,-3.11594074999993],[102.97929945,-3.11608561999998],[102.97959365,-3.11632313999997],[102.97948031,-3.11671900999995],[102.97927614,-3.11689424999998],[102.97925511,-3.11691229999997],[102.97908563,-3.11705775999997],[102.97913786,-3.11715443999998],[102.97935248,-3.11755177999993],[102.97938168,-3.11760583999996],[102.97942219,-3.11768083999994],[102.97942157,-3.11800641999997],[102.97941417,-3.11830173999994],[102.9791809,-3.11841153999996],[102.979252343,-3.11865902599993],[102.979271535,-3.11873834999995],[102.979257461,-3.11939213799997],[102.979271535,-3.11966337699994],[102.979257461,-3.11982714299995],[102.979139754,-3.12008814699994],[102.978442108,-3.12123683299995],[102.97849396,-3.12133107999995],[102.97856367,-3.12146869999999],[102.97819049,-3.12170815999997],[102.97811973,-3.12175241999995],[102.97834402,-3.12220553999993],[102.97860634,-3.12220603999999],[102.97883472,-3.12222249999997],[102.97878867,-3.12272115999998],[102.97811637,-3.12350653999994],[102.9781168,-3.12350731999993],[102.97812187,-3.12351636999995],[102.9782356,-3.12371954999997],[102.97845806,-3.12411696999993],[102.97883972,-3.12482218999999],[102.97873023,-3.12505795999995],[102.97873017,-3.12505808999993],[102.97729071,-3.12808592999995],[102.97694863,-3.12881438999995],[102.97696326,-3.12882915999996],[102.97697389,-3.12883988999994],[102.97707192,-3.12893880999996],[102.97710316,-3.12897032999996],[102.97714088,-3.12900839999998],[102.97713604,-3.12903676999998],[102.977130592,-3.12906875499994],[102.97641293,-3.13328219999994],[102.97627991,-3.13373736999995],[102.97616087,-3.13414470999993],[102.97593891,-3.13485539999994],[102.97543753,-3.13795457999994],[102.9753393,-3.13856179999994],[102.97510827,-3.13998986999997],[102.97510825,-3.13998995999998],[102.974849075,-3.14159202199994],[102.9747195,-3.14239297999996],[102.9746988,-3.142411],[102.97469535,-3.14241400999993],[102.97460597,-3.14249182999993],[102.97457247,-3.14252098999998],[102.97434869,-3.14271582999994],[102.9739056,-3.14351810999995],[102.97390553,-3.14351824999995],[102.973357649,-3.14453480999993],[102.973226138,-3.14477881999995],[102.97240687,-3.14629891999993],[102.9722537,-3.14658311999995],[102.97224553,-3.14659827999998],[102.97223337,-3.14662082999996],[102.97223335,-3.14662087999994],[102.97166859,-3.14766874999999],[102.97164587,-3.14771091999996],[102.97163517,-3.14770935999997],[102.97094306,-3.14760858999995],[102.97094301,-3.14760857999994],[102.97077593,-3.14758025999994],[102.97077589,-3.14758024999998],[102.97000407,-3.14743762999996],[102.96977929,-3.14740489999997],[102.96916978,-3.14731615999995],[102.9689622,-3.14729377999993],[102.96841489,-3.14723478999997],[102.96793455,-3.14715334999994],[102.96769982,-3.14711354999997],[102.96747382,-3.14709038999996],[102.9669052,-3.14703209999994],[102.96654755,-3.14703139999996],[102.966505081,-3.14703131699997],[102.96495799,-3.14702828999999],[102.96392216,-3.14702625999996],[102.96304094,-3.14702452999996],[102.9620968,-3.14702266999996],[102.962080877,-3.14702263899994],[102.960068949,-3.14857150399996],[102.959999151,-3.14859851099994],[102.955956744,-3.15016265899994],[102.9560672,-3.14939457999998],[102.95607548,-3.14933698999994],[102.95615786,-3.14876415999994],[102.95648026,-3.14645188999999],[102.956500187,-3.14630898799993],[102.95651157,-3.14622735999997],[102.95652212,-3.14617138999995]]]]},"properties":{"gid":1486,"luas":null,"idkec":"1605041","kdkab":"05","kdkec":"041","nmkab":"MUSI RAWAS","nmkec":"PURWODADI","kdprov":"16","nmprov":"SUMATERA SELATAN","sumber":null,"periode":"2025_1"}},{"id":1487,"type":"Feature","geometry":{"type":"MultiPolygon","coordinates":[[[[102.98935509,-3.36679256999998],[102.98880279,-3.36744579999993],[102.98801237,-3.36838065999996],[102.98797925,-3.36841983999996],[102.98820006,-3.36868320999997],[102.988382,-3.36897647999995],[102.98740179,-3.36829714999994],[102.98682313,-3.36789611999996],[102.98634997,-3.36756819999995],[102.98613035,-3.36741598999992],[102.98593536,-3.36715358999993],[102.98572761,-3.366874],[102.98552296,-3.36674118999997],[102.98541094,-3.36666847999994],[102.98525707,-3.36656862999996],[102.98515654,-3.36659365999998],[102.9849877,-3.36663570999997],[102.98471963,-3.36674281999996],[102.98414564,-3.36697217999995],[102.9838008,-3.36716170999995],[102.98363721,-3.36725161999994],[102.98361312,-3.36724725999994],[102.9832029,-3.36717315999995],[102.98246425,-3.36632606999996],[102.98192599,-3.36622348999993],[102.98169361,-3.36619285999996],[102.98088298,-3.36608602999997],[102.98054665,-3.36598385999998],[102.98042746,-3.36594936999996],[102.98007839,-3.36584834999997],[102.98007577,-3.36584758999993],[102.97969302,-3.36524275999996],[102.97930423,-3.36462839999996],[102.97900168,-3.36447557999998],[102.97896804,-3.36445858999997],[102.97866048,-3.36439609999997],[102.97863164,-3.36439024999993],[102.97861969,-3.36439980999995],[102.97857276,-3.36443737999997],[102.97846309,-3.36452517999993],[102.97802405,-3.36526834999996],[102.97741821,-3.36530090999998],[102.97462596,-3.36478775999996],[102.9735679,-3.36465662999996],[102.97240535,-3.36451254999998],[102.972217,-3.36455],[102.97190033,-3.36461295999994],[102.971293096,-3.36456082799998],[102.97109278,-3.36454362999996],[102.97099282,-3.36448474999997],[102.97068942,-3.36430603999998],[102.97021959,-3.36366243999993],[102.96988028,-3.36320081999998],[102.96944772,-3.36261234999995],[102.96907528,-3.36217382999997],[102.96904486,-3.36213800999997],[102.96901737,-3.36214101999997],[102.9687419,-3.36217119999998],[102.96867424,-3.36234015999998],[102.96843664,-3.36332049999993],[102.9684057,-3.36335145999994],[102.96826802,-3.36348924999994],[102.96789803,-3.36338700999994],[102.96750703,-3.36283445999993],[102.9673947,-3.36267570999997],[102.96704527,-3.36223486999996],[102.9669919,-3.36216753999997],[102.96689721,-3.36211969999994],[102.96672295,-3.36203168999998],[102.96646438,-3.36203114999996],[102.96608353,-3.36203034999994],[102.96602204,-3.36207135999997],[102.96588133,-3.36216520999995],[102.96561168,-3.36236757999995],[102.96558141,-3.36246420999994],[102.96560775,-3.36234073999998],[102.96596141,-3.36209108999999],[102.96595334,-3.36207398999995],[102.96601856,-3.36005214999995],[102.96604524,-3.35913024999996],[102.96615748,-3.35525033999994],[102.96617258,-3.34794244999996],[102.96760499,-3.34203736999996],[102.96768383,-3.34171235999997],[102.967691129,-3.33816123799995],[102.96769134,-3.33805840999998],[102.967987247,-3.33143974199994],[102.968046066,-3.33012412199998],[102.968118239,-3.32850978599992],[102.96812717,-3.32831002999996],[102.96817268,-3.32729192999995],[102.968226659,-3.32608445099993],[102.96823417,-3.32591643999996],[102.96854827,-3.31888941999995],[102.968550072,-3.31884909799993],[102.968550074,-3.31884906199997],[102.968571109,-3.31837845799992],[102.96860589,-3.31760034999997],[102.96904081,-3.30786910999997],[102.96904119,-3.30785793999996],[102.969416571,-3.29945608199996],[102.96953261,-3.29685887999995],[102.96960689,-3.29519618999996],[102.96900017,-3.29482541999994],[102.96799468,-3.29421095999993],[102.967152115,-3.29359812599995],[102.9665715,-3.29317581999993],[102.966280614,-3.29296424299998],[102.966280614,-3.29296355299994],[102.966291951,-3.29297133799999],[102.967647793,-3.28178995399998],[102.967655441,-3.28172688099994],[102.967666433,-3.28163623399997],[102.967364715,-3.28101124699999],[102.967356852,-3.28099495899994],[102.967176796,-3.28062198599997],[102.968102339,-3.27784862499994],[102.968166562,-3.27765618299998],[102.968098325,-3.27748358199994],[102.967750371,-3.27660346199998],[102.967501219,-3.27583243999993],[102.967502055,-3.27583053499996],[102.967442599,-3.27556473199997],[102.967333106,-3.27514217399994],[102.967082366,-3.27417451199995],[102.966993495,-3.27412055399998],[102.966992416,-3.27411627099997],[102.966894311,-3.27405279099997],[102.966780124,-3.27397890499998],[102.966665295,-3.27385524399994],[102.966617783,-3.27380407699996],[102.966567832,-3.27342944399994],[102.966580102,-3.27331288499994],[102.966592808,-3.27319217599995],[102.966605296,-3.27299237199998],[102.966455607,-3.27279865699995],[102.966449601,-3.27279088399996],[102.966393004,-3.27271764099993],[102.966153985,-3.27238152099995],[102.965741595,-3.27180159799997],[102.965712581,-3.27171455699994],[102.96562992,-3.27146657299994],[102.965499626,-3.27035907199997],[102.965631823,-3.27001913699996],[102.965955656,-3.26918642399994],[102.965955656,-3.26863477199993],[102.965955656,-3.26822824699997],[102.965955656,-3.26819525799993],[102.965925911,-3.26820163199995],[102.965890508,-3.26820921799994],[102.966068085,-3.25974471899996],[102.96602666,-3.25974361999994],[102.96579325,-3.25973879999998],[102.96576587,-3.25973822999993],[102.964884021,-3.25972001199994],[102.964164903,-3.25970515499995],[102.963887306,-3.25969941999996],[102.95850049,-3.25958812999995],[102.957829959,-3.25957427599998],[102.95629685,-3.25954259999997],[102.955258695,-3.25977204599997],[102.95497327,-3.25983512899995],[102.95295579,-3.26028101999999],[102.952431679,-3.26066023599999],[102.9498835,-3.26250394999995],[102.94988304,-3.26252270999993],[102.94988254,-3.26254267999998],[102.94988165,-3.26257890999994],[102.94877462,-3.26222669999994],[102.9485031,-3.26214030999996],[102.9484895,-3.26213324999998],[102.94845011,-3.26211277999994],[102.94797492,-3.26186592999995],[102.94778359,-3.26183929999997],[102.94764267,-3.26181968999994],[102.94751708,-3.261834],[102.94740469,-3.26184679999994],[102.94724981,-3.26186443999995],[102.94676602,-3.26204564999994],[102.946751068,-3.26204433099998],[102.94651415,-3.26202342999995],[102.94623739,-3.26199901999996],[102.94552194,-3.26204593999996],[102.94525495,-3.26206344999997],[102.94466609,-3.26210207999998],[102.94435796,-3.26235440999995],[102.94433319,-3.26237469999996],[102.944330601,-3.26237858599995],[102.94428067,-3.26245352999996],[102.94423273,-3.26252547999996],[102.94423268,-3.26252547999996],[102.944229753,-3.26252541799994],[102.944179892,-3.26260478899997],[102.944066229,-3.26278572099995],[102.94405601,-3.26278544499996],[102.943881178,-3.26278071999997],[102.943374062,-3.26276701399997],[102.943162313,-3.26276129099995],[102.943135416,-3.26276701399997],[102.943123983,-3.26278020699994],[102.94311771,-3.26278744499996],[102.943110732,-3.26278600099994],[102.943109381,-3.26278572099995],[102.943073523,-3.26280227099994],[102.942685925,-3.26298116299995],[102.941781671,-3.26317493099998],[102.941780822,-3.26317511299993],[102.941773865,-3.26317660399997],[102.941780822,-3.26319660499997],[102.941896357,-3.26352876699997],[102.941898746,-3.26353563499993],[102.941896357,-3.26353546399998],[102.941883168,-3.26353452199993],[102.941889784,-3.26354709299995],[102.941836991,-3.26353200899997],[102.941790152,-3.26351862599995],[102.941482926,-3.26350399699994],[102.94144813,-3.26350233999994],[102.941345049,-3.26346485599993],[102.941125034,-3.26338484999997],[102.941089821,-3.26337204499993],[102.940731512,-3.26319289099996],[102.940611487,-3.26308786899995],[102.940340629,-3.26285086799994],[102.940000383,-3.26316152799996],[102.939966033,-3.26319289099996],[102.939865429,-3.26323932399993],[102.939723113,-3.26330500799998],[102.939618916,-3.26335309899997],[102.939542577,-3.26338833199998],[102.939261238,-3.26341794699995],[102.939233128,-3.26342090599998],[102.939170911,-3.26345766999999],[102.938878676,-3.26363035499998],[102.938874819,-3.26363263399998],[102.938871925,-3.26363874399994],[102.938728238,-3.26394208199997],[102.938590121,-3.26429268899995],[102.938555713,-3.26438003199996],[102.938539932,-3.26442009099998],[102.93851651,-3.26447954599996],[102.937799892,-3.26456097999995],[102.93688812,-3.26480013299995],[102.936806399,-3.26482156799995],[102.936314677,-3.26482156799995],[102.936285222,-3.26482156799995],[102.936180626,-3.26483387399998],[102.93618268,-3.26479528999994],[102.93608339,-3.26479126999994],[102.93597431,-3.26478683999995],[102.935238532,-3.26458065499998],[102.934927578,-3.26449351699995],[102.93470277,-3.26443051999997],[102.93470379,-3.26442277999996],[102.934707293,-3.26439647599995],[102.93470796,-3.26439146999997],[102.93387581,-3.26414480999995],[102.933735546,-3.26405548099996],[102.933564868,-3.26394678199995],[102.933513394,-3.26391400000001],[102.93349328,-3.26390118999996],[102.932956424,-3.26355928699997],[102.93289516,-3.26352026999996],[102.932747615,-3.26311734099994],[102.93274493,-3.26311000999994],[102.93258317,-3.26270593999994],[102.93248942,-3.26247177999995],[102.932447303,-3.26241863999997],[102.93230861,-3.26224364999997],[102.93209712,-3.26224321999996],[102.932043454,-3.26225362899994],[102.931676665,-3.26232477199995],[102.931663424,-3.26232733999995],[102.931483176,-3.26236230099994],[102.93147751,-3.26236339999998],[102.931474252,-3.26236230099994],[102.931465673,-3.26235940699997],[102.930914148,-3.26217336399997],[102.93088876,-3.26216479999994],[102.93061248,-3.26195701999996],[102.93012645,-3.26159146899995],[102.93011951,-3.26158624999993],[102.929755273,-3.26153498499998],[102.92959395,-3.26151227999998],[102.929377715,-3.26148184699998],[102.92924359,-3.26146296999997],[102.92906704,-3.26145815999996],[102.928779122,-3.26145053699998],[102.928777546,-3.26145011699992],[102.928611303,-3.26144608699997],[102.928009806,-3.26142936199995],[102.927970715,-3.26142659399994],[102.927970663,-3.26142643999999],[102.92793499,-3.26142283399998],[102.92727977,-3.26135441999998],[102.92711383,-3.26133709999993],[102.92709779,-3.26133630999993],[102.926942297,-3.26132866099994],[102.9265247,-3.26130811999997],[102.926454812,-3.26130468299994],[102.926299856,-3.26021999099993],[102.926247832,-3.25997425899994],[102.925975626,-3.25868852199994],[102.925955865,-3.25863454999996],[102.925931623,-3.25849691799994],[102.925926833,-3.25846972599993],[102.926070511,-3.25843054099994],[102.926213708,-3.25839148699994],[102.926285142,-3.25837200499996],[102.927327495,-3.25731336499996],[102.927320056,-3.25729307699993],[102.927119155,-3.25674516499993],[102.927081583,-3.25664269599997],[102.927054849,-3.25656978399997],[102.927045074,-3.25654312499996],[102.926969456,-3.25633689499995],[102.926861785,-3.25604324499995],[102.92686035,-3.25603933199995],[102.926838978,-3.25598104399995],[102.926887752,-3.25548110199998],[102.926914925,-3.25544596499998],[102.928084362,-3.25393376199997],[102.928777018,-3.25303808599995],[102.928786318,-3.25304118599996],[102.928839685,-3.25305897499994],[102.929030309,-3.25312251599997],[102.929201122,-3.25317945399996],[102.929216761,-3.25318466699997],[102.929222359,-3.25317727499993],[102.929744804,-3.25248737899995],[102.929858682,-3.25233700199994],[102.930074319,-3.25204384799998],[102.930578545,-3.25135836499994],[102.930607225,-3.25131937499999],[102.930619385,-3.25129933699999],[102.930756511,-3.25107336799995],[102.931869666,-3.24976828899997],[102.931871025,-3.24976669699993],[102.931903902,-3.24975650799997],[102.932289729,-3.24963693299998],[102.932289764,-3.24963692199998],[102.932513798,-3.24956748999995],[102.933709963,-3.24931292899993],[102.935713487,-3.24888654999995],[102.936579911,-3.24870216199997],[102.936618454,-3.24869395999998],[102.936703302,-3.24867590299994],[102.936772175,-3.24862378199993],[102.937115498,-3.24846704699997],[102.937329372,-3.24836940899996],[102.937467778,-3.24830622399998],[102.937420104,-3.24700842499993],[102.93741517,-3.24687410999996],[102.93836852,-3.24614472099995],[102.938394245,-3.24612503999993],[102.938395015,-3.24612517699995],[102.939026169,-3.24623788299994],[102.940438327,-3.24588967999996],[102.940863909,-3.24579940499996],[102.941096044,-3.24576071599995],[102.941422914,-3.24566014099998],[102.941431351,-3.24565754499997],[102.941740865,-3.24558016599998],[102.941966553,-3.24556082099997],[102.942230929,-3.24556082099997],[102.942514651,-3.24555437299995],[102.942817717,-3.24559306199996],[102.942899702,-3.24566014099998],[102.943625563,-3.24625402899994],[102.943723961,-3.24633453599995],[102.943747934,-3.24633560899997],[102.943874245,-3.24634126499996],[102.94553659,-3.24641569999995],[102.94662667,-3.24646450999995],[102.947280476,-3.24649378699997],[102.949585482,-3.24659700299999],[102.949574378,-3.24657110899994],[102.949340035,-3.24602461999996],[102.94918374,-3.24566014099998],[102.948580515,-3.24425341999996],[102.94802405,-3.24295574299993],[102.947856804,-3.24256572499997],[102.947854684,-3.24256078299993],[102.947854669,-3.24256074699997],[102.9472014,-3.24103732399993],[102.946676149,-3.23981243999998],[102.946645207,-3.23974028299995],[102.946676149,-3.23972594699995],[102.94733563,-3.23942039999998],[102.94741698,-3.23936171999998],[102.948128635,-3.23884837199996],[102.948735724,-3.23841045199993],[102.94994583,-3.23753754999996],[102.950250706,-3.23731763399997],[102.950131294,-3.23734267399993],[102.950180933,-3.23732666999997],[102.946368251,-3.23712716899996],[102.946368215,-3.23712716699993],[102.94610513,-3.23711340099994],[102.945557698,-3.23708475599995],[102.944632194,-3.23703632899997],[102.945779619,-3.23563392199998],[102.946098004,-3.23524478399998],[102.946100556,-3.23524102099999],[102.945421974,-3.23379629899996],[102.945348813,-3.23364053599995],[102.945372754,-3.23361038899998],[102.945388404,-3.23359068099995],[102.945928792,-3.23291019299995],[102.946034328,-3.23250617699994],[102.945762777,-3.23208067699994],[102.945715737,-3.23189037799995],[102.945740765,-3.23111516699993],[102.944275579,-3.23105317599993],[102.943690058,-3.23037078599999],[102.943485556,-3.23003927799994],[102.943349939,-3.22974436499993],[102.943263833,-3.22944084099993],[102.943231543,-3.22906843299996],[102.943222933,-3.22870248199996],[102.943203559,-3.22835805799997],[102.943197101,-3.22802009199995],[102.943229391,-3.22771441599998],[102.943319802,-3.22739151799994],[102.943918239,-3.22651538899993],[102.944273426,-3.22610638599997],[102.944477928,-3.22584376199996],[102.944598476,-3.22565217699998],[102.944749162,-3.22533143199996],[102.944897695,-3.22499777099995],[102.945026854,-3.22459091999997],[102.945136639,-3.22419267999993],[102.945207677,-3.22389991899997],[102.945389868,-3.22347932699995],[102.945389449,-3.22347922799998],[102.945398305,-3.22346172699997],[102.945441155,-3.22335261499996],[102.945461606,-3.22329449399997],[102.945649961,-3.22314596199993],[102.945702701,-3.22308568799997],[102.945870606,-3.22271973999994],[102.945931956,-3.22263578699995],[102.945950254,-3.22258089499996],[102.945938414,-3.22250985799997],[102.945928727,-3.22245927099993],[102.946086946,-3.22194156199992],[102.946126145,-3.22172341399994],[102.946061955,-3.22172000899996],[102.946061773,-3.22171979399996],[102.946061593,-3.22171958199994],[102.946061525,-3.22171950199994],[102.946060006,-3.22171038699997],[102.945870717,-3.22057443699993],[102.945808213,-3.22057364599994],[102.945807862,-3.22057188399998],[102.945807717,-3.22057188399998],[102.945463891,-3.21885275699999],[102.945467237,-3.21884669299994],[102.945478722,-3.21868895699994],[102.945469035,-3.21862357099996],[102.945428674,-3.21835879699996],[102.945420601,-3.21823932499996],[102.945425445,-3.21820057799994],[102.945457734,-3.21812469699995],[102.945520699,-3.21803751599993],[102.945575591,-3.21794710499995],[102.945606266,-3.21785346499996],[102.945590121,-3.21761129399994],[102.945620796,-3.21743531599998],[102.945677303,-3.21732553199996],[102.945775786,-3.21722220499993],[102.945913824,-3.21709546899996],[102.945967989,-3.21708921899995],[102.945969228,-3.21707930699996],[102.94616653,-3.21665442999996],[102.94632233,-3.21631892999994],[102.94648823,-3.21596166999996],[102.94648974,-3.21596135999994],[102.94649497,-3.21595000999998],[102.946495656,-3.21594986899993],[102.946496077,-3.21594978299994],[102.946462739,-3.21560662099996],[102.946793669,-3.21547230799997],[102.946984985,-3.21531085999994],[102.947081046,-3.21526000399996],[102.947932683,-3.21507191799998],[102.948052154,-3.21497504899998],[102.948121576,-3.21482005899999],[102.94814095,-3.21468121399994],[102.948199071,-3.21453429699995],[102.948228132,-3.21442935599993],[102.948233782,-3.21434298099995],[102.94823459,-3.21428082399996],[102.948254771,-3.21424691999993],[102.948287867,-3.21423481199998],[102.94839523,-3.21423965499997],[102.948459002,-3.21423481199998],[102.948513894,-3.21420817299998],[102.948549413,-3.21413229199993],[102.948572015,-3.21407417099994],[102.948572015,-3.21398053099995],[102.948546184,-3.21387236199997],[102.948562328,-3.21378679399994],[102.948607534,-3.21371414299995],[102.948644667,-3.21362050299996],[102.948672113,-3.21351071899995],[102.948654354,-3.21343645299993],[102.948567172,-3.21336864499995],[102.948517123,-3.21332505399994],[102.948505822,-3.21327500499996],[102.948554605,-3.21320948099998],[102.948615606,-3.21315553399996],[102.948714089,-3.21312808799996],[102.948778668,-3.21312324399999],[102.948841633,-3.21308449699995],[102.948883609,-3.21302637599996],[102.948893296,-3.21295695299994],[102.948869079,-3.21279711999995],[102.94886585,-3.21271478199998],[102.948888453,-3.21258562399993],[102.948928815,-3.21248229699995],[102.949009538,-3.21230954799996],[102.949078961,-3.21224012599993],[102.949225878,-3.21210450999996],[102.949231681,-3.21210252399993],[102.949239925,-3.21209970399998],[102.949409929,-3.21204154499998],[102.949568147,-3.21201248399996],[102.949671474,-3.21198180899995],[102.949687513,-3.21197756199997],[102.949823394,-3.21194113299993],[102.94991526,-3.21191400099997],[102.950000827,-3.21189462799992],[102.95007025,-3.21184619299993],[102.95009931,-3.21175901199997],[102.950086885,-3.21171071799995],[102.949996901,-3.21163566999997],[102.949964477,-3.21158758199994],[102.949972856,-3.21153366399995],[102.950012128,-3.21150715299996],[102.950071864,-3.21151361099994],[102.950242999,-3.21148132199994],[102.95047064,-3.21137638099999],[102.950535219,-3.21131987399997],[102.950551013,-3.21127464099994],[102.950551364,-3.21122803099997],[102.950551378,-3.21122618799996],[102.950535257,-3.21118747999998],[102.950531887,-3.21116006599993],[102.950536987,-3.21111926399993],[102.950564675,-3.21102017199997],[102.950634258,-3.21091816599994],[102.95064801,-3.21088747299996],[102.950676973,-3.21082790799995],[102.950691823,-3.21074996399995],[102.950674152,-3.21067294199998],[102.950663166,-3.21061838399993],[102.950661148,-3.21060788999995],[102.950657026,-3.21059852299993],[102.950655328,-3.21059913099999],[102.950695052,-3.21056591299993],[102.950791921,-3.21051505699995],[102.950848427,-3.21045451499999],[102.950880717,-3.21041011599995],[102.950893633,-3.21035683899994],[102.95087103,-3.21029225999997],[102.950806451,-3.21017924599994],[102.950774161,-3.21010659499996],[102.95074833,-3.20993868899997],[102.950756402,-3.20976755499994],[102.950745101,-3.20968198799994],[102.950695052,-3.20964808299994],[102.950638545,-3.20963678199997],[102.950544906,-3.20964162599995],[102.95045611,-3.20972154199996],[102.950335831,-3.20972073499996],[102.950191335,-3.20967149299998],[102.950100117,-3.20960691399995],[102.950069442,-3.20950923899994],[102.950064599,-3.20939299599997],[102.950086394,-3.20929854899993],[102.950166311,-3.20923235599998],[102.950430278,-3.20918553599995],[102.950496471,-3.20916535499993],[102.950515845,-3.20912176399998],[102.950515038,-3.20902005199997],[102.950502929,-3.20892721999997],[102.950434314,-3.20874881999993],[102.950452073,-3.20872137399993],[102.950598991,-3.20871491599996],[102.950682136,-3.20870684399994],[102.950720076,-3.20867778299994],[102.950749137,-3.20859221599994],[102.950729856,-3.20847519799998],[102.950702317,-3.20830806799995],[102.950694245,-3.20816599399995],[102.950694245,-3.20807719799996],[102.950694245,-3.20804167899996],[102.950715233,-3.20801584799994],[102.950870223,-3.20795449799994],[102.9512246,-3.20770586799995],[102.951398964,-3.20742171999996],[102.95147323,-3.20717631999998],[102.951547496,-3.20705039099994],[102.951712172,-3.20695029299998],[102.952167455,-3.20680176099995],[102.952593677,-3.20650469799995],[102.952790643,-3.20621409199993],[102.952871367,-3.20597837799995],[102.953157129,-3.20551179399996],[102.953362366,-3.20505856299997],[102.953748404,-3.20487338999994],[102.953861418,-3.20481849799995],[102.95397766,-3.20479912399998],[102.95410036,-3.20481849799995],[102.954164939,-3.20484755899998],[102.954210144,-3.20492828299995],[102.954232747,-3.20498963299998],[102.954265037,-3.20501546399993],[102.954371592,-3.20499609099995],[102.954445858,-3.20498963299998],[102.954646053,-3.20509941699993],[102.954739693,-3.20518659899995],[102.954775867,-3.20523680299993],[102.954776537,-3.20523773199994],[102.954826875,-3.20527378099997],[102.955640842,-3.20553250599994],[102.956891816,-3.20350744799993],[102.958375811,-3.20350542499995],[102.959797366,-3.20326798899993],[102.960327816,-3.20295347499996],[102.961154002,-3.20288775499995],[102.961557707,-3.20301919399998],[102.962178686,-3.20350024199996],[102.962195979,-3.20352266799996],[102.962198267,-3.20352589099998],[102.962276164,-3.20363999799998],[102.964781808,-3.20731037199995],[102.964846481,-3.20740499899996],[102.964928581,-3.20752514799996],[102.964969463,-3.20758509499997],[102.96497253,-3.20758963799994],[102.964972559,-3.20758963499998],[102.964976439,-3.20759532399995],[102.964976639,-3.20759508799995],[102.964993172,-3.20757550799994],[102.96532689,-3.20718028999995],[102.9658416,-3.20658041999996],[102.96636211,-3.20597376999996],[102.966323469,-3.20598340199996],[102.966319108,-3.20598031099997],[102.96631915,-3.20598026099998],[102.966319106,-3.20598022899997],[102.966355527,-3.20593688699995],[102.96636336,-3.20592777899998],[102.966365285,-3.20592553999996],[102.966365183,-3.20592527899993],[102.966364317,-3.20592300999994],[102.966346227,-3.20587562599997],[102.966292719,-3.20587118999993],[102.966292691,-3.20587118799994],[102.966292602,-3.20587117999997],[102.966271837,-3.20580948199996],[102.96627105,-3.20580711499997],[102.966270333,-3.20580493699992],[102.966270299,-3.20580490099997],[102.966270229,-3.20580482799994],[102.966270127,-3.20580472299998],[102.96823588,-3.20368907999995],[102.968575588,-3.20319385199998],[102.9685961,-3.20316394999998],[102.96901881,-3.20254770999998],[102.96906862,-3.20252843999998],[102.96929057,-3.20244258999997],[102.9696156,-3.20231686999995],[102.97007183,-3.20214039999996],[102.97042338,-3.20188392999995],[102.97043261,-3.20187719999996],[102.97121622,-3.20127954999999],[102.97144858,-3.20108549999998],[102.97147527,-3.20108197999997],[102.97196169,-3.20101776999997],[102.97207871,-3.20100231999993],[102.97221249,-3.20098465999996],[102.9722125,-3.20098405999995],[102.972212617,-3.20097131799998],[102.972228807,-3.20095083199993],[102.97222883,-3.20095200999999],[102.97425109,-3.19994812999993],[102.97539738,-3.19891863999993],[102.97540717,-3.19890984999995],[102.97554753,-3.19891893999995],[102.975565945,-3.19891897699995],[102.97627186,-3.19892037999995],[102.97834558,-3.19906345999994],[102.97831631,-3.19891481999998],[102.97825875,-3.19871078999996],[102.97868363,-3.19840456999999],[102.97902352,-3.19816641999995],[102.97903217,-3.19816620999996],[102.9792119,-3.19816180999994],[102.97948992,-3.19815500999995],[102.97966846,-3.19815063999994],[102.97969437,-3.19812278999996],[102.97970987,-3.19810610999997],[102.98053394,-3.19715415999997],[102.98066967,-3.19698053999997],[102.98071949,-3.19691680999995],[102.98074013,-3.19689040999999],[102.98098409,-3.19661637999998],[102.98143748,-3.19610708999995],[102.98144082,-3.19610652999995],[102.98194679,-3.19602279999999],[102.98200049,-3.19601519999999],[102.98200873,-3.19601402999996],[102.98203858,-3.19600979999996],[102.98254095,-3.19593867999993],[102.9828687,-3.19571371999997],[102.98296054,-3.19565068999998],[102.98312271,-3.19552892999997],[102.98347096,-3.19420930999996],[102.983620977,-3.19412353599995],[102.98419848,-3.19379333999997],[102.98490482,-3.19337757999995],[102.98492195,-3.19336749999996],[102.9849384,-3.19318632999995],[102.98499541,-3.19240557999996],[102.98530667,-3.19221868999995],[102.98560063,-3.19202764999994],[102.98574034,-3.19195131999993],[102.98586951,-3.19188075999995],[102.9859731,-3.19182416999997],[102.98607912,-3.19176624999995],[102.98617794,-3.19170501999997],[102.98638871,-3.19157444999996],[102.98643595,-3.19154517999994],[102.98647196,-3.19154783999994],[102.98684476,-3.19157533999993],[102.986882484,-3.19157541799996],[102.98691259,-3.19157547999993],[102.9871203,-3.19092060999998],[102.987189063,-3.19070381099993],[102.98722497,-3.19059059999995],[102.98722616,-3.19058684999994],[102.98723552,-3.19055733999994],[102.98748933,-3.19027958999993],[102.98762057,-3.19013595999997],[102.98796684,-3.18975701999995],[102.9882547,-3.18970498999994],[102.98832815,-3.18969171999993],[102.988445591,-3.18955845599993],[102.98855928,-3.18942944999998],[102.98901922,-3.18888311999995],[102.98934397,-3.18849736999994],[102.98995513,-3.18839620999996],[102.99134733,-3.18810893999996],[102.99158045,-3.18759414999995],[102.9917564,-3.18720561999994],[102.99244,-3.18690700999997],[102.99350592,-3.18644139999998],[102.99373692,-3.18609457999998],[102.99401654,-3.18567474999997],[102.99404807,-3.18562898699998],[102.99424627,-3.18534130999996],[102.9942709,-3.18530556999997],[102.99434584,-3.18519678999997],[102.99529676,-3.18515085999997],[102.9955507,-3.18513859999996],[102.99573169,-3.18513221999996],[102.99586713,-3.18494425999996],[102.99593338,-3.18485230999995],[102.996097821,-3.18463281899995],[102.996193342,-3.18450531899993],[102.99634903,-3.18429750999997],[102.99642771,-3.18416625999993],[102.99642777,-3.18416616999997],[102.99718131,-3.18290931999997],[102.997254753,-3.18282352999995],[102.99759704,-3.18242369999996],[102.997836776,-3.18140843299994],[102.99787542,-3.18124477999993],[102.997840472,-3.18120951499999],[102.99731862,-3.18068292999993],[102.99733103,-3.18026309999994],[102.99733678,-3.18006884999994],[102.99735546,-3.17918181999995],[102.99736343,-3.17887056999996],[102.99736345,-3.17886970999996],[102.99736353,-3.17886685999998],[102.99737381,-3.17846537999998],[102.99751186,-3.17808116999993],[102.99760259,-3.17777928999994],[102.99740986,-3.17737367999996],[102.99738081,-3.17731289999994],[102.99733057,-3.17721139999998],[102.9973222,-3.17719025999998],[102.99717582,-3.17688394999994],[102.99717322,-3.17687850999994],[102.99727221,-3.17678433999992],[102.99751327,-3.17655504999994],[102.99751394,-3.17654229999994],[102.99753448,-3.17615445999997],[102.99754022,-3.17604607999994],[102.99754834,-3.17589262999997],[102.99754849,-3.17588981999996],[102.99900473,-3.17609695999994],[102.99914906,-3.17603134999997],[102.99914911,-3.17603132999994],[102.99955739,-3.17584076999999],[102.9997701,-3.17574149999996],[102.999609,-3.17567066999993],[102.99960913,-3.17566581999995],[102.99961939,-3.17526789999994],[102.99963738,-3.17457021999997],[102.99963804,-3.17454463999997],[103.00057152,-3.17431198999998],[103.0012716,-3.17415703999997],[103.00136195,-3.17361855999997],[103.00140608,-3.17321905999996],[103.00170181,-3.17310081999995],[103.00174577,-3.17308324999994],[103.003004582,-3.17260947699998],[103.00305349,-3.17259106999995],[103.00316414,-3.17224731999994],[103.00320715,-3.17211371999997],[103.00374949,-3.17032041999995],[103.00375025,-3.17032114999995],[103.00376123,-3.17033168999996],[103.00376725,-3.17033746999994],[103.0037706,-3.17034067999993],[103.00385302,-3.17005281999997],[103.00390728,-3.16986328999998],[103.00392305,-3.16980665999995],[103.00399272,-3.16955638999997],[103.00431276,-3.16937123999998],[103.00508008,-3.16892730999996],[103.005216658,-3.16822470299997],[103.005216743,-3.16822426499993],[103.00568605,-3.16581022199995],[103.005686005,-3.16581021099995],[103.005762891,-3.16541468399993],[103.005763902,-3.16540948299996],[103.005779872,-3.16539121099994],[103.005785111,-3.16538512199998],[103.005820776,-3.16534438999998],[103.005900265,-3.16525337799993],[103.005900319,-3.16525340099998],[103.005900339,-3.16525337799993],[103.005903103,-3.16525199599995],[103.006196852,-3.16510506799994],[103.00642404,-3.16499142999994],[103.00668851,-3.16485914999994],[103.006944878,-3.16472234899993],[103.006965662,-3.16471126299996],[103.007253378,-3.16418343999993],[103.00730543,-3.16408794899997],[103.007431668,-3.16385636899998],[103.007432231,-3.16385534199998],[103.007433814,-3.16385245199996],[103.007440178,-3.16385150099995],[103.007440123,-3.16385148999996],[103.006887696,-3.16376669199996],[103.006563126,-3.16371686699995],[103.006563009,-3.16371651799996],[103.006331931,-3.16302327799997],[103.006332061,-3.16302257499996],[103.006416929,-3.16256598899998],[103.00640709,-3.16249370699996],[103.006406593,-3.16248994799998],[103.006405432,-3.16248116799995],[103.00640539,-3.16248109799995],[103.006351586,-3.16239142499995],[103.006334727,-3.16235593299996],[103.006334271,-3.16235497899992],[103.006198087,-3.16207082699998],[103.006181589,-3.16203783099997],[103.00616074,-3.16175151399995],[103.006160096,-3.16175021699997],[103.006159961,-3.16174993899995],[103.006158177,-3.16174633899993],[103.006157948,-3.16174587699993],[103.006157907,-3.16174579399996],[103.006156623,-3.16174319899995],[103.006109473,-3.16164795999993],[103.006087278,-3.16160312399995],[103.0060829,-3.16159427999998],[103.00606872,-3.16156561999998],[103.00604464,-3.16151697999994],[103.00603875,-3.16150508999993],[103.00603988,-3.16091583999998],[103.00604579,-3.16091395999996],[103.00604641,-3.16058730999993],[103.00604303,-3.16058576999996],[103.00604051,-3.16058461999996],[103.005853606,-3.16049919299996],[103.005850522,-3.16049778399998],[103.00572228,-3.16011763699993],[103.005620463,-3.15982181899995],[103.005861711,-3.15940997299993],[103.005981218,-3.15903306799993],[103.006046636,-3.15882304099995],[103.006078835,-3.15871724399994],[103.006080683,-3.15871373399995],[103.006092587,-3.15869111499995],[103.006096067,-3.15868450299996],[103.006150498,-3.15858582199997],[103.006335593,-3.15825025499993],[103.006520259,-3.15753100099995],[103.006552539,-3.15740618299998],[103.006556771,-3.15738982099998],[103.006556807,-3.15738968299996],[103.00697998,-3.15720834999997],[103.00701144,-3.15716372999998],[103.00703903,-3.15712459999997],[103.00749963,-3.15647135999996],[103.00756317,-3.15638124999993],[103.00770423,-3.15618118999994],[103.00791553,-3.15588150999998],[103.00822713,-3.15556947999994],[103.01083269,-3.16302313999996],[103.01089258,-3.16319445999994],[103.01093371,-3.16331210999995],[103.01104431,-3.16362568999994],[103.011068561,-3.16369444499998],[103.01120291,-3.16407534999997],[103.01127327,-3.16427483899997],[103.011671826,-3.16540485699994],[103.01207861,-3.16655819999995],[103.01260483,-3.16805018999997],[103.01260487,-3.16805028999994],[103.0145098,-3.17354115999996],[103.014648085,-3.17393975799997],[103.01549142,-3.17637061999994],[103.015568892,-3.17659392799994],[103.0191557,-3.18693268999994],[103.01927335,-3.18695719999995],[103.01928282,-3.18698402999996],[103.01926091,-3.18697947999993],[103.01934729,-3.18741135999995],[103.01935716,-3.18746071999994],[103.01941167,-3.18773325999997],[103.01938885,-3.18793611999996],[103.01932045,-3.18827813999997],[103.01922234,-3.18853958999995],[103.01919532,-3.18861158999994],[103.01848742,-3.18899771999998],[103.01842246,-3.18902477999996],[103.01832445,-3.18906559999994],[103.01818472,-3.18982973999995],[103.01818169,-3.18987409999994],[103.01815029,-3.19033424999997],[103.01800526,-3.19113187999994],[103.01780546,-3.19161126999995],[103.01776632,-3.19170518999994],[103.01773993,-3.19171250999994],[103.01717159,-3.19187000999996],[103.01664826,-3.19201502999995],[103.01659423,-3.19203000999994],[103.01652123,-3.19205023999996],[103.01648868,-3.19216211999998],[103.0162887,-3.19284953999994],[103.0161977,-3.19316235999998],[103.016095369,-3.19351409799998],[103.0160689,-3.19360507999995],[103.01598066,-3.19390841999996],[103.01589488,-3.19420324999993],[103.01480795,-3.19577485999998],[103.01474005,-3.19587304999993],[103.01464699,-3.19600759999999],[103.01451249,-3.19626447999997],[103.01408969,-3.19707198999993],[103.0138837,-3.19746542999997],[103.01376948,-3.19764832999994],[103.01319021,-3.19857593999995],[103.0124265,-3.20065702999994],[103.01242571,-3.20065917999995],[103.01241325,-3.20066132999995],[103.01239037,-3.20073300999997],[103.01238512,-3.20077240999995],[103.01685882,-3.20298665999996],[103.01886884,-3.20406532999994],[103.0213661,-3.20504942999997],[103.0236453,-3.20594758999994],[103.02402039,-3.20609539999999],[103.02448363,-3.20627794999996],[103.02507328,-3.20651030999995],[103.03039156,-3.20860608999993],[103.03128746,-3.20895913999994],[103.03730551,-3.21136027999996],[103.04038934,-3.21259072999994],[103.040413228,-3.21260026099997],[103.04443328,-3.21420422999996],[103.04623901,-3.21491537999998],[103.05592804,-3.21875061999998],[103.057823742,-3.21938980099999],[103.05901375,-3.21979103999996],[103.05915157,-3.21982611999994],[103.059586107,-3.21993672899994],[103.060434066,-3.22015257299995],[103.06140064,-3.22039860999996],[103.061661473,-3.22046500299996],[103.06212256,-3.22058236999994],[103.06572469,-3.22083865999996],[103.06590217,-3.22085128999994],[103.06593414,-3.22086993999994],[103.06688444,-3.22142427999996],[103.06824056,-3.22221533999993],[103.06854909,-3.22226483999999],[103.0769685,-3.22361540999999],[103.08059678,-3.22446578999995],[103.08207678,-3.22481266999995],[103.09298659,-3.22708219999993],[103.117083087,-3.23209451899992],[103.11737173,-3.23215455999997],[103.11743336,-3.23216737999997],[103.1179475,-3.23227432999994],[103.120657768,-3.23283810599998],[103.12197553,-3.23311221999995],[103.12390081,-3.23351269999995],[103.12514125,-3.234297],[103.12702666,-3.23430389999992],[103.1289264,-3.23431085999994],[103.12892927,-3.23431086999994],[103.12893663,-3.23428813999994],[103.12894602,-3.23425915999997],[103.12946595,-3.23452165999994],[103.12970437,-3.23464202999997],[103.12975166,-3.23466589999994],[103.12975885,-3.23466952999997],[103.12865327,-3.23540738999998],[103.12860394,-3.23544031999996],[103.128603691,-3.23544048599997],[103.12739278,-3.23624864999994],[103.12817847,-3.23735854999996],[103.12771174,-3.23949741999997],[103.12771174,-3.23949744999994],[103.12741441,-3.24086001999996],[103.12738405,-3.24099911999997],[103.12696265,-3.24150548999996],[103.12586172,-3.24282835999998],[103.12580511,-3.24289638999995],[103.12735665,-3.24349948999998],[103.12774398,-3.24365004999993],[103.12785174,-3.24369193999997],[103.12818265,-3.24360188999998],[103.12958561,-3.24322010999993],[103.13144051,-3.24429908999997],[103.13281254,-3.24509717999996],[103.13353706,-3.24526961999994],[103.13519637,-3.24566454999996],[103.13608739,-3.24587661999993],[103.13596019,-3.24650978999996],[103.136221859,-3.24669237199993],[103.13621461,-3.24676552299997],[103.1362118,-3.24676360999996],[103.13598549,-3.24751677999996],[103.13583136,-3.24802970999997],[103.13559479,-3.24846934999993],[103.13515091,-3.24929425999995],[103.13511255,-3.24945994999996],[103.13500504,-3.24992428999997],[103.135000885,-3.24994223599992],[103.13477531,-3.25091650999997],[103.13468256,-3.25159081999994],[103.13462727,-3.25199277999998],[103.13456284,-3.25246116999995],[103.1345359,-3.25248815999994],[103.13423849,-3.25250482999996],[103.13421649,-3.25255982999994],[103.119196539,-3.25346549299998],[103.11737512,-3.25357531999993],[103.11737508,-3.25357532999993],[103.11335695,-3.25415957499996],[103.113169865,-3.25418677799996],[103.113081992,-3.25419955499996],[103.11136417,-3.25444932999994],[103.11105931,-3.25453227999997],[103.11110993,-3.25454024999994],[103.11048348,-3.25471693999999],[103.10928644,-3.25505455999996],[103.10687399,-3.25546740999994],[103.096152002,-3.25730217899996],[103.096006405,-3.25732709399995],[103.09428462,-3.25762172999993],[103.09428451,-3.25762174999995],[103.09326464,-3.25779625999997],[103.0932092,-3.25780574999993],[103.09217889,-3.25798205999997],[103.09179968,-3.25804694999994],[103.08789463,-3.25887152999997],[103.08789458,-3.25887153999997],[103.08599384,-3.25927288999998],[103.0859938,-3.25927288999998],[103.08089628,-3.26034926999996],[103.08089625,-3.26034926999996],[103.08006392,-3.26052501999993],[103.07856772,-3.26080555999994],[103.07814797,-3.26081737999994],[103.07524805,-3.26089906999995],[103.07513802,-3.26091767999997],[103.07140662,-3.26154873999997],[103.06576355,-3.26250307199996],[103.065756658,-3.26250423799997],[103.065140414,-3.26239078499998],[103.062418113,-3.26190023199996],[103.057551986,-3.26100104099994],[103.052125587,-3.25999831899998],[103.050961676,-3.25940073299995],[103.050223871,-3.25972557299998],[103.050222275,-3.25972627599999],[103.049791097,-3.25991611399996],[103.049771299,-3.25991224099994],[103.048968164,-3.25975510599995],[103.047817671,-3.25953000999994],[103.047813479,-3.25946043399995],[103.04781341,-3.25945928999994],[103.04693568,-3.25973970999997],[103.04693566,-3.25973964999997],[103.04566002,-3.26014708999998],[103.04531268,-3.26025794999993],[103.04530193,-3.26026165999997],[103.0452154,-3.26029150999994],[103.04507161,-3.26034111999997],[103.04483604,-3.26115607999998],[103.0444088,-3.26264953999992],[103.04314613,-3.26285171999997],[103.0410099,-3.26319312999994],[103.04046822,-3.26548575999994],[103.04045961,-3.26552204999996],[103.04032128,-3.26635198999997],[103.04021378,-3.26655858999993],[103.04021123,-3.26656347999995],[103.0401105,-3.26675705999997],[103.03999951,-3.26697032999994],[103.03978755,-3.26704435999995],[103.03977006,-3.26705045999995],[103.03976999,-3.26705048999998],[103.03866951,-3.26743482999997],[103.0385752,-3.26746776999995],[103.03844096,-3.26751464999995],[103.03824889,-3.26758172999996],[103.03824826,-3.26758186999997],[103.03824806,-3.26758193999997],[103.0376873,-3.26770781999994],[103.03716327,-3.26787290999994],[103.03659203,-3.26805285999996],[103.03634743,-3.26812991999998],[103.03634643,-3.26813022999994],[103.03537712,-3.26843558999997],[103.03428459,-3.26877975999998],[103.03428302,-3.26878014999995],[103.03428385,-3.26878073999995],[103.03428655,-3.26878263999994],[103.03278746,-3.26978285999997],[103.03208053,-3.27044314999996],[103.03097008,-3.27207960999994],[103.02985962,-3.27371606999998],[103.02981826,-3.27377120999996],[103.02953343,-3.27423162999997],[103.02937814,-3.27448265999993],[103.0293716,-3.27455660999994],[103.02914888,-3.27707346999995],[103.02914886,-3.27707371999998],[103.02849917,-3.28641388999995],[103.02847955,-3.28669585999995],[103.029065,-3.28668404999997],[103.02805998,-3.30392459999996],[103.02755807,-3.30467801999992],[103.02744508,-3.30484762999993],[103.02700556,-3.30575106999993],[103.02447227,-3.31095825999995],[103.02443368,-3.31086648999997],[103.02443363,-3.31086657999992],[103.02298667,-3.31360028999996],[103.02228057,-3.31601544999996],[103.02228051,-3.31601565999995],[103.02184438,-3.31750738999995],[103.0218274,-3.31756545999998],[103.02203187,-3.31772022999997],[103.02207901,-3.31775590999997],[103.022079343,-3.31775616199997],[103.022076569,-3.31777215599995],[103.0220745,-3.31777058999995],[103.02176687,-3.31879375999995],[103.02168727,-3.31905849999993],[103.02167967,-3.31908376999996],[103.02016948,-3.32015059999998],[103.01945396,-3.32065605999998],[103.01894321,-3.32098389999994],[103.01744082,-3.32194825999995],[103.01318987,-3.32467688999998],[103.01318984,-3.32467690999994],[103.00717582,-3.32856353999995],[103.006054024,-3.32931419799997],[103.005125026,-3.32993584399998],[102.996902999,-3.33543767299995],[102.99549187,-3.33638193999997],[102.99549182,-3.33638196999993],[102.991058728,-3.33937908099995],[102.99104564,-3.33938792999993],[102.991025,-3.33947018999993],[102.99069643,-3.34077965999995],[102.99066677,-3.34089787999995],[102.99066556,-3.34090271999998],[102.99065021,-3.34096385999993],[102.99149401,-3.35406311999998],[102.99154027,-3.35405253999995],[102.99199945,-3.36096810999994],[102.99303727,-3.36364220999998],[102.99338084,-3.36460298999999],[102.99354423,-3.36502259999998],[102.99376319,-3.36558489999993],[102.9939236,-3.36599679999995],[102.99425816,-3.36685610999996],[102.99417344,-3.36681943999997],[102.99412385,-3.36679797999994],[102.99309822,-3.36635413999995],[102.991973523,-3.36646441699997],[102.98942093,-3.36671469999994],[102.98935509,-3.36679256999998]]]]},"properties":{"gid":1487,"luas":null,"idkec":"1605050","kdkab":"05","kdkec":"050","nmkab":"MUSI RAWAS","nmkec":"MUARA BELITI","kdprov":"16","nmprov":"SUMATERA SELATAN","sumber":null,"periode":"2025_1"}},{"id":1488,"type":"Feature","geometry":{"type":"MultiPolygon","coordinates":[[[[103.16135182,-3.38672482999993],[103.16101352,-3.38658198999997],[103.15759076,-3.38513680999995],[103.151863214,-3.38257047899999],[103.15184313,-3.38256147999995],[103.14584722,-3.37987484999996],[103.145825239,-3.37986500099992],[103.14150541,-3.37792936999995],[103.14120027,-3.37779263999994],[103.138275488,-3.37801750499995],[103.13263705,-3.37845100199996],[103.1313879,-3.37854703999994],[103.12786114,-3.37881815999999],[103.12774762,-3.37862717999997],[103.1273067,-3.37788540999998],[103.1247759,-3.37768736999994],[103.12516765,-3.37747642999995],[103.12626255,-3.37612885999995],[103.126262256,-3.37612836499995],[103.121438549,-3.36801347599993],[103.119903093,-3.36888074999997],[103.119191818,-3.36859281899996],[103.119095245,-3.36806465899998],[103.119147453,-3.36793001799992],[103.119218895,-3.36788055799998],[103.119454141,-3.36727414699994],[103.12082307,-3.36697805999995],[103.120655415,-3.36672426699994],[103.120593689,-3.36663082699995],[103.1193399,-3.36473285999994],[103.11925857,-3.36460973999994],[103.11935444,-3.36443228999998],[103.11988608,-3.35482645999997],[103.11988733,-3.35480387999996],[103.1225112,-3.35314549999993],[103.12382089,-3.35251680999995],[103.12637365,-3.35129139999998],[103.12638418,-3.35127314999994],[103.12640313,-3.35124032999994],[103.12686931,-3.35043266999998],[103.12715919,-3.34967951999994],[103.12752632,-3.34872565999997],[103.12774139,-3.34743550499997],[103.12777052,-3.34726075999993],[103.12808129,-3.34617545999994],[103.12846953,-3.34519848999997],[103.12884231,-3.34426039999994],[103.12910605,-3.34307824999996],[103.12980113,-3.34307957999995],[103.13024995,-3.34308043999994],[103.13211333,-3.343084],[103.132662046,-3.34298168699997],[103.13267898,-3.34297852999993],[103.13289337,-3.34293855999995],[103.13420609,-3.34269377999994],[103.13467718,-3.34151664999996],[103.13473158,-3.34138071999996],[103.13538955,-3.33914807999997],[103.13408527,-3.33743730999993],[103.1335645,-3.33625366999997],[103.13278248,-3.33493811999995],[103.1352045,-3.33408905999994],[103.14546402,-3.33009718999995],[103.146033714,-3.32987553199996],[103.14607073,-3.32986112999993],[103.14540373,-3.32886062999996],[103.14507733,-3.32858862999996],[103.14590143,-3.32745971999998],[103.14948782,-3.32165258999994],[103.14948784,-3.32165254999996],[103.149488,-3.32165228999998],[103.1495014,-3.32163059999995],[103.15242204,-3.32052053999996],[103.153731,-3.31973454999996],[103.15317676,-3.31909554999993],[103.15099112,-3.31657562999994],[103.15096393,-3.31651383999998],[103.1506494,-3.31579897999995],[103.15077789,-3.31399649999998],[103.15081336,-3.31349882999996],[103.1514985,-3.31167295999996],[103.15162223,-3.31055746999995],[103.15200392,-3.30711619999994],[103.15208951,-3.30634449999997],[103.1521148,-3.30611649999998],[103.152557068,-3.30283460699997],[103.15256186,-3.30279904999998],[103.15257694,-3.30268716999996],[103.15339188,-3.29663986999998],[103.15367301,-3.29455371799998],[103.15368925,-3.29443320999996],[103.153686898,-3.29443202299996],[103.15362892,-3.29440274999996],[103.149670367,-3.29240424799997],[103.14965393,-3.29239594999996],[103.14945126,-3.29229362999997],[103.14256606,-3.28801740999996],[103.13613458,-3.28419880999997],[103.13128703,-3.28112689999994],[103.131431001,-3.28112149399993],[103.129539956,-3.28049114599998],[103.130036413,-3.28041533599998],[103.13013894,-3.28039967999996],[103.130134,-3.28039704999998],[103.13023276,-3.280322],[103.13448991,-3.27987782999998],[103.134574566,-3.27986899699994],[103.14133781,-3.27916334999998],[103.14133799,-3.27916331999996],[103.14172864,-3.27908409999998],[103.14612085,-3.27826950399998],[103.14614449,-3.27826511999996],[103.15264326,-3.27705983999994],[103.155663758,-3.27621583299998],[103.15569512,-3.27620706999994],[103.1572689,-3.27576731999994],[103.16189352,-3.27503236999997],[103.16356054,-3.27458886999995],[103.16466883,-3.274294],[103.16559383,-3.27410983999994],[103.16665521,-3.27440286999996],[103.16692641,-3.27433731999997],[103.16698605,-3.27432289999996],[103.1675919,-3.27449808999996],[103.16773898,-3.27459473999994],[103.16785596,-3.27467159999997],[103.16943363,-3.27570828999996],[103.17202054,-3.27459885999997],[103.17241452,-3.27442989999998],[103.17381172,-3.27377767999997],[103.17392832,-3.27372324999994],[103.17403734,-3.27367734999995],[103.17407825,-3.27370682999998],[103.17533689,-3.27462396999995],[103.17568058,-3.27487439999993],[103.17619562,-3.27524969999997],[103.176828016,-3.27544487699993],[103.17684941,-3.27545147999997],[103.17709519,-3.27536261999996],[103.17764739,-3.27516297999995],[103.17812681,-3.27498964999996],[103.17837836,-3.27522236999995],[103.17864858,-3.27547235999999],[103.17866871,-3.27549098999997],[103.17903053,-3.27578705999998],[103.17936918,-3.27606415999998],[103.1794382,-3.27593185999996],[103.179524,-3.27576741999996],[103.17955326,-3.27571133999994],[103.179557025,-3.27570412399997],[103.18006331,-3.27473373999993],[103.18083632,-3.27551348999997],[103.18108469,-3.27565172999994],[103.1812745,-3.27575737999996],[103.1814819,-3.27587281999996],[103.18208325,-3.27620752999996],[103.18311904,-3.27707216999994],[103.18316999,-3.27711469999997],[103.1840997,-3.27789078999995],[103.18444545,-3.27817940999995],[103.18811503,-3.27737074999993],[103.188151163,-3.27736278699997],[103.191206324,-3.27666871099995],[103.19135348,-3.27663527999994],[103.1913787,-3.27761123999995],[103.1913829,-3.27777393999997],[103.19139491,-3.27823885999993],[103.19141119,-3.27886879999995],[103.19141382,-3.27897042999996],[103.19044404,-3.27994160999998],[103.1899902,-3.28110829999998],[103.18953577,-3.28259930999997],[103.18895133,-3.28460897999998],[103.18900898,-3.28484257999997],[103.18901539,-3.28486853999993],[103.19105489,-3.28443935999998],[103.19359916,-3.28390393999996],[103.1938948,-3.28450582999995],[103.19537819,-3.28752576999995],[103.19696493,-3.29075607999994],[103.19752149,-3.29188914999997],[103.19411977,-3.29603770199999],[103.19255113,-3.29795072999997],[103.21029119,-3.29766013999995],[103.212887208,-3.29727088399994],[103.213609296,-3.29716261099997],[103.215090032,-3.29694058499996],[103.221006793,-3.30428180799993],[103.221994695,-3.30550754699993],[103.22242721,-3.30604418999997],[103.22337854,-3.30851587999996],[103.22485586,-3.31205991999997],[103.22599805,-3.31401943999994],[103.22670477,-3.31523185999992],[103.23071612,-3.31987481999994],[103.23079939,-3.31993297999997],[103.2362027,-3.32402100999996],[103.24120049,-3.32797235999993],[103.24239401,-3.32871047999992],[103.24507352,-3.33036759999993],[103.24631434,-3.33171137999995],[103.24714375,-3.33274105999994],[103.24855378,-3.33337389999997],[103.24957663,-3.33383296999996],[103.25004187,-3.33436925999996],[103.25016215,-3.33450790999996],[103.25041222,-3.33479615999995],[103.25052157,-3.33492221999995],[103.25053698,-3.33485311999994],[103.25068483,-3.33419002999995],[103.25077526,-3.33378444999994],[103.25079427,-3.33369919999995],[103.25120223,-3.33247641999999],[103.25157113,-3.33233298999994],[103.25157409,-3.33233183999994],[103.25158187,-3.33232881999993],[103.25363871,-3.33152913999993],[103.25407872,-3.33136157999997],[103.25409353,-3.33135592999998],[103.25444592,-3.33122173999993],[103.25648122,-3.33044662999993],[103.25677649,-3.33010869999993],[103.25803603,-3.32866714999994],[103.25855632,-3.32807166999993],[103.25965247,-3.32715690999992],[103.26007409,-3.32711529999994],[103.26013442,-3.32710933999994],[103.26458108,-3.32740555999994],[103.26535965,-3.32866243999996],[103.26574797,-3.32984014999993],[103.26582522,-3.33031109999996],[103.26595327,-3.33054370999997],[103.26603152,-3.33082080999998],[103.26608423,-3.33100743999995],[103.26628847,-3.33102490999994],[103.26709937,-3.33109426999995],[103.26769014,-3.33114479999995],[103.26775076,-3.33125183999994],[103.267756498,-3.33126574999994],[103.26812604,-3.33216152999996],[103.26824176,-3.33251249999995],[103.26862294,-3.33380941999997],[103.26905203,-3.33563485999998],[103.26899355,-3.33621237999995],[103.26891438,-3.33699408999996],[103.2685062,-3.33835282999996],[103.26850174,-3.34089609999995],[103.26850098,-3.34133228999997],[103.26850028,-3.34173123999995],[103.26849854,-3.34272224999996],[103.26849842,-3.34278864999994],[103.26849833,-3.34283904999995],[103.26852378,-3.34287612999998],[103.26853579,-3.34294934999997],[103.26931464,-3.34404929999995],[103.26949963,-3.34429808999994],[103.26966866,-3.34454438999996],[103.26971266,-3.34460850999994],[103.26985114,-3.34488807999998],[103.27011704,-3.34542489999997],[103.27160334,-3.34637915999997],[103.27176804,-3.34649782999998],[103.27251514,-3.34703613999995],[103.27254904,-3.34706056999994],[103.27276781,-3.34787237999996],[103.27277213,-3.34788840999994],[103.27295223,-3.34855669999996],[103.27301,-3.34902790999997],[103.27308559,-3.34964450999996],[103.27308441,-3.35031846999994],[103.27308289,-3.35118627999998],[103.27308011,-3.35277126999995],[103.27294197,-3.35440238999997],[103.27310941,-3.35478279999996],[103.27336046,-3.35535319999998],[103.27392051,-3.35662563999995],[103.27401985,-3.35685133999994],[103.2742954,-3.35692878999993],[103.27479587,-3.35706945999994],[103.2833312,-3.36005552999996],[103.28578116,-3.36108650999995],[103.28660526,-3.36120091999993],[103.28772791,-3.36159366999994],[103.28776932,-3.36176978999993],[103.28739479,-3.36207339999993],[103.28488612,-3.36276895999992],[103.28488604,-3.36276898999996],[103.28247695,-3.36329220999994],[103.2772446,-3.36466450999996],[103.2766505,-3.36486976999993],[103.27549327,-3.36514671999993],[103.27550058,-3.36524065999993],[103.27453535,-3.36556209999998],[103.27446473,-3.36565152999999],[103.27375743,-3.36654724999994],[103.27224773,-3.36807952999993],[103.27128939,-3.36921911999998],[103.27087036,-3.36957877999992],[103.27053722,-3.36955725999997],[103.27022409,-3.36948261999994],[103.27009585,-3.36945205999996],[103.27008895,-3.36945204999995],[103.26985102,-3.36945161999996],[103.26974955,-3.36945143999998],[103.26926387,-3.36993780999995],[103.26891585,-3.37091164999993],[103.26877586,-3.37174664999998],[103.26877456,-3.37174923999992],[103.26873484,-3.37182872999995],[103.26856734,-3.37216390999993],[103.2681883,-3.37219252999995],[103.26780747,-3.37222127999996],[103.26766684,-3.37223189999998],[103.26766673,-3.37229168999994],[103.26766573,-3.37285833999994],[103.26746256,-3.37285797999993],[103.26718091,-3.37285747999994],[103.2671765,-3.37287942999995],[103.26715201,-3.37300134999993],[103.26709691,-3.37327565999994],[103.26704115,-3.37355326999995],[103.2670745,-3.37362058999998],[103.26711017,-3.37369259999997],[103.26720142,-3.37387683999998],[103.26724819,-3.37397126999997],[103.26690662,-3.37431331999995],[103.26669313,-3.37452710999997],[103.2666319,-3.37477139999994],[103.26662613,-3.37479441999995],[103.26662337,-3.37480539999995],[103.26669476,-3.37486300999996],[103.26685594,-3.37509787999994],[103.26685557,-3.37530810999993],[103.26679325,-3.37547421999995],[103.26673134,-3.37546026999997],[103.26644918,-3.37539672999998],[103.26618919,-3.37516728999998],[103.26534274,-3.37442028999994],[103.2650657,-3.37441978999994],[103.26508626,-3.37452405999994],[103.26506383,-3.37452401999998],[103.2650332,-3.37494443999998],[103.26542075,-3.37548574999994],[103.26527085,-3.37575578999997],[103.26506344,-3.37569407999996],[103.2650636,-3.37560305999994],[103.26498081,-3.37560290999995],[103.26485582,-3.37560268999994],[103.26484076,-3.37562781999998],[103.26476306,-3.37560470999994],[103.26449351,-3.37593459999994],[103.26413467,-3.37605408999997],[103.26398497,-3.37620398999997],[103.26395711,-3.37679658999996],[103.26391418,-3.37678931999994],[103.26388408,-3.37678421999994],[103.26381263,-3.37656751999999],[103.2637463,-3.37636634999996],[103.26339934,-3.37648188999998],[103.26338678,-3.37647321999998],[103.26277578,-3.37671223999996],[103.26229246,-3.37601571999994],[103.2618769,-3.37601496999998],[103.26187677,-3.37601547999998],[103.26187356,-3.37602830999998],[103.26174384,-3.37604979999998],[103.26180099,-3.37752155999994],[103.26162093,-3.37794171999997],[103.26138095,-3.37794931999997],[103.26122311,-3.37777787999993],[103.26055911,-3.37705666999994],[103.26048864,-3.37705653999995],[103.26042059,-3.37705641999998],[103.26041989,-3.37744472999998],[103.2604191,-3.37789166999994],[103.26064246,-3.37807940999994],[103.2604547,-3.37833005999994],[103.26026323,-3.37827904999995],[103.2602107,-3.37823930999997],[103.26011339,-3.37823913999996],[103.2598644,-3.37823868999994],[103.25982786,-3.37856391999998],[103.25979402,-3.378865],[103.25950166,-3.37911592999996],[103.25939321,-3.37920900999995],[103.25857015,-3.37931778999997],[103.25850974,-3.37967808999997],[103.25856855,-3.38021879999996],[103.25826959,-3.38027832999995],[103.25817102,-3.38025436999994],[103.25806029,-3.38011474999996],[103.25786158,-3.38011439999997],[103.25759324,-3.38011390999999],[103.25750621,-3.38011375999998],[103.25729781,-3.38046139999995],[103.25733862,-3.38066839999993],[103.25734313,-3.38069127999996],[103.25734418,-3.38069663999994],[103.25736644,-3.38080954999999],[103.25782478,-3.38081036999995],[103.25785641,-3.38097078999994],[103.25778298,-3.38115430999994],[103.25778138,-3.38115830999993],[103.25780412,-3.38125039999994],[103.25766963,-3.38153866999995],[103.25765571,-3.38165573999993],[103.25759856,-3.38164845999996],[103.25757273,-3.38164516999996],[103.25757186,-3.38213238999999],[103.25759904,-3.38213243999996],[103.25754826,-3.38255960999993],[103.25709917,-3.38300929999997],[103.25700903,-3.38327944999998],[103.25715771,-3.38370018999996],[103.25685299,-3.38383562999997],[103.25655722,-3.38385490999997],[103.25632207,-3.38387023999997],[103.25620362,-3.38385679999993],[103.25591109,-3.38382359999998],[103.25555016,-3.38359598999994],[103.25545074,-3.38342878999993],[103.25542256,-3.38338138999995],[103.25517117,-3.38327257999993],[103.25493811,-3.38317169999994],[103.25489834,-3.38318493999997],[103.25480747,-3.38321519999994],[103.25473021,-3.38324092999995],[103.25479822,-3.38393708999997],[103.25528242,-3.38428598999997],[103.2552824,-3.38429642999995],[103.25528209,-3.38446824999995],[103.2558112,-3.38462880999998],[103.25591184,-3.38485747999994],[103.25593026,-3.38489932999995],[103.25557342,-3.38530767999993],[103.255511,-3.38537910999998],[103.25520517,-3.38560875999998],[103.25515189,-3.38564876999994],[103.25510201,-3.38589707999995],[103.25507175,-3.38604772999997],[103.25498349,-3.38616554999994],[103.25510691,-3.38679157999996],[103.2548567,-3.38741693999998],[103.25471528,-3.38754860999995],[103.25469949,-3.38756330999996],[103.25451543,-3.38773465999999],[103.25212906,-3.38995636999995],[103.2516428,-3.39040906999997],[103.24900623,-3.39302673999993],[103.2488326,-3.39302641999996],[103.24854711,-3.39302589999994],[103.24863669,-3.39266855999996],[103.24875264,-3.39220600999993],[103.24847878,-3.39197581999998],[103.24844702,-3.39194911999994],[103.24836812,-3.39234186999993],[103.24834407,-3.39246159999993],[103.24833199,-3.39246330999992],[103.24832907,-3.39246372999997],[103.24798688,-3.39251221999997],[103.24793311,-3.39244442999995],[103.24778329,-3.39225551999994],[103.24763006,-3.39235776999994],[103.24762976,-3.39252512999997],[103.2474497,-3.39257302999994],[103.24742561,-3.39257701999998],[103.24742601,-3.39235739999998],[103.24717868,-3.39203663999996],[103.24706974,-3.39189534999997],[103.24698811,-3.39209936999993],[103.24696725,-3.39215149999995],[103.24686467,-3.39245890999996],[103.24665978,-3.39291993999996],[103.24645527,-3.39317589999996],[103.24639501,-3.39321610999997],[103.24630496,-3.39327619999996],[103.2462987,-3.39327224999994],[103.2461484,-3.39300680999998],[103.24609863,-3.39291890999993],[103.24586028,-3.39310451999996],[103.24563886,-3.39327693999997],[103.24561751,-3.39342522999993],[103.24560794,-3.39349164999993],[103.24527379,-3.39440993999995],[103.24521788,-3.39477081999996],[103.24507438,-3.39512150999998],[103.24519789,-3.39521494999997],[103.24529337,-3.39528717999997],[103.24548194,-3.39542984999997],[103.24561396,-3.39589741999994],[103.24568469,-3.39614794999994],[103.24615542,-3.39697927999992],[103.24607786,-3.39736535999999],[103.24596309,-3.39735321999996],[103.24577193,-3.39728878999994],[103.24573367,-3.39727589999995],[103.24552989,-3.39712172999998],[103.24512734,-3.39714988999998],[103.24481561,-3.39717168999994],[103.24462376,-3.39719542999996],[103.24432836,-3.39714248999997],[103.2441528,-3.39696541999996],[103.24384718,-3.39670852999995],[103.24376635,-3.39666093999995],[103.24352958,-3.39652155999995],[103.24323566,-3.39634853999997],[103.24298529,-3.39613808999997],[103.24293004,-3.39609164999996],[103.24288152,-3.39614832999996],[103.24270005,-3.39636030999998],[103.24264143,-3.39642878999996],[103.24262331,-3.39644995999994],[103.24262257,-3.39686008999996],[103.24284413,-3.39703391999996],[103.24301081,-3.39727413999998],[103.24294269,-3.39824121999993],[103.24286584,-3.39857308999995],[103.24266445,-3.39877473999997],[103.24249856,-3.39879295999999],[103.24236397,-3.39880773999994],[103.24222402,-3.39913425999993],[103.24216284,-3.399277],[103.24205659,-3.39952489999997],[103.24154636,-3.39957523999993],[103.24154663,-3.39942228999996],[103.24154728,-3.39906257999996],[103.24124364,-3.39901114999999],[103.24124129,-3.39901074999994],[103.2411553,-3.39896733999996],[103.24110166,-3.39894026999997],[103.24093549,-3.39885638999993],[103.24057839,-3.39885573999993],[103.24057415,-3.39885828999997],[103.24032304,-3.39900906999998],[103.24027972,-3.39911014999996],[103.24027166,-3.39912896999994],[103.24024235,-3.39919732999994],[103.24016935,-3.39936764999993],[103.24016898,-3.39957271999998],[103.2401906,-3.39969343999997],[103.24026999,-3.40013682999996],[103.24012733,-3.40032724999998],[103.24011657,-3.40034160999994],[103.24007498,-3.40034153999995],[103.23965745,-3.40034076999997],[103.2395044,-3.40034048999996],[103.23905749,-3.40005353999993],[103.23896923,-3.39999686999994],[103.2389439,-3.39998059999994],[103.23873985,-3.39998022999993],[103.23858634,-3.40023627999995],[103.23870411,-3.40042641999998],[103.2388764,-3.40070456999995],[103.23904179,-3.40124827999994],[103.23900718,-3.40182184999998],[103.23887263,-3.40221165999998],[103.23867953,-3.40257502999998],[103.23852717,-3.40313100999993],[103.23823961,-3.40367047999997],[103.23804307,-3.40367011999996],[103.23788739,-3.40355793999994],[103.23723651,-3.40287713999994],[103.23720416,-3.40277079999993],[103.23710293,-3.40243800999998],[103.23679783,-3.40241827999996],[103.23673937,-3.40235713999994],[103.23580365,-3.40154200999996],[103.23576743,-3.40153532999995],[103.23562539,-3.40140996999998],[103.23544816,-3.40147638999998],[103.23500847,-3.40139520999998],[103.23506452,-3.40125513999994],[103.23511591,-3.40105016999996],[103.23505212,-3.40094288999995],[103.23496333,-3.40079355999996],[103.23463591,-3.40098078999995],[103.23460586,-3.40099796999994],[103.23447876,-3.40071988999995],[103.23432457,-3.40038253999996],[103.23430099,-3.40033094999995],[103.23415591,-3.40036710999994],[103.23409684,-3.40038183999997],[103.23384084,-3.40089402999997],[103.23350958,-3.40071398999994],[103.23323554,-3.40043758999997],[103.23315313,-3.40035446999998],[103.23305083,-3.40050807999995],[103.23305027,-3.40081567999994],[103.23304915,-3.40143086999996],[103.23304899,-3.40151683999995],[103.23304887,-3.40158466999997],[103.23258974,-3.40158381999993],[103.23255379,-3.40151850999996],[103.23253206,-3.40147901999996],[103.23233551,-3.40112195999997],[103.23223395,-3.40086543999997],[103.23197823,-3.40122382999994],[103.23202887,-3.40142898999995],[103.23185969,-3.40157013999993],[103.23172232,-3.40168475999996],[103.23178975,-3.40178680999997],[103.23182142,-3.40183472999996],[103.23197324,-3.40206448999993],[103.23198473,-3.40208188999998],[103.23202756,-3.40214670999996],[103.23220382,-3.40219766999997],[103.23229837,-3.40246506999994],[103.23228198,-3.40250603999993],[103.23166906,-3.40291503999992],[103.23166066,-3.40292345999996],[103.23165164,-3.40293248999995],[103.23157154,-3.40301268999998],[103.23132283,-3.40326170999998],[103.2312602,-3.40332441999994],[103.23131873,-3.40345247999994],[103.23143297,-3.40370240999994],[103.23137812,-3.40397541999995],[103.23087072,-3.40397447999993],[103.23073944,-3.40390821999995],[103.23059609,-3.40383585999996],[103.23035937,-3.40359708999995],[103.23032325,-3.40356065999993],[103.23031039,-3.40342902999993],[103.23035403,-3.40321184999994],[103.23039353,-3.40301522999993],[103.23042211,-3.40287296999998],[103.23044501,-3.40275898999994],[103.23028027,-3.40250966999998],[103.23024152,-3.40245101999995],[103.22996113,-3.40249074999998],[103.22988433,-3.40250162999997],[103.22988397,-3.40269941999997],[103.2298833,-3.40306554999996],[103.22968228,-3.40314592999994],[103.22937279,-3.40326966999993],[103.22896412,-3.40357651999996],[103.2286366,-3.40371685999999],[103.22860674,-3.40372964999995],[103.22819947,-3.40326750999999],[103.22758721,-3.40331764999996],[103.22758666,-3.40361685999994],[103.22758646,-3.40372776999993],[103.22794281,-3.40413855999998],[103.22794202,-3.40457144999994],[103.22794196,-3.40459994999998],[103.22722758,-3.40470115999995],[103.227482,-3.40506048999994],[103.2274124,-3.40523173999998],[103.22741019,-3.40523719999993],[103.22681581,-3.40669976999993],[103.22637623,-3.40722788999994],[103.22609044,-3.40757124999994],[103.22604892,-3.40762113999995],[103.22622638,-3.40859419999992],[103.22630145,-3.40900578999998],[103.22543553,-3.40828645999994],[103.22472199,-3.40792627999998],[103.22360034,-3.40756533999997],[103.22227727,-3.40576858999998],[103.22136138,-3.40448523999993],[103.21900539,-3.40075663999995],[103.21900113,-3.40075089999994],[103.21878827,-3.40046352999996],[103.21846598,-3.40002841999996],[103.21675867,-3.39772348999998],[103.21675865,-3.39772345999996],[103.2166553,-3.39758127999994],[103.21665194,-3.39757939999993],[103.2164638,-3.39732539999995],[103.21638171,-3.39721457999997],[103.21591727,-3.39685017999995],[103.21478024,-3.3969],[103.21398302,-3.39679166999998],[103.21323027,-3.39668938999996],[103.2128164,-3.39666088999997],[103.21245519,-3.39663600999996],[103.21243632,-3.39632336999996],[103.21240503,-3.39580496999997],[103.21234922,-3.39582976999997],[103.21234795,-3.39580461999998],[103.2123335,-3.39581552999994],[103.21226512,-3.39586714999996],[103.21146662,-3.39646994999993],[103.21075029,-3.39701071999997],[103.210436936,-3.39724727499993],[103.20923181,-3.39815703999995],[103.20629753,-3.40050067999994],[103.2020358,-3.40390453999993],[103.2020357,-3.40390458999997],[103.20097515,-3.40447731999996],[103.20078162,-3.40459959999992],[103.20009881,-3.40503104999994],[103.19997616,-3.40510853999996],[103.19819187,-3.40623595999995],[103.198176905,-3.40624541599993],[103.19804548,-3.40632845999994],[103.19783394,-3.40646211999996],[103.19760937,-3.40660041999997],[103.19745182,-3.40669743999996],[103.19691277,-3.40703138999993],[103.19532007,-3.40801806999997],[103.19520788,-3.40825493999995],[103.19507652,-3.40853227999998],[103.19494365,-3.40866281999997],[103.19484255,-3.40876214999998],[103.19457604,-3.40908823999996],[103.19440004,-3.40930358999998],[103.19439999,-3.40930364999997],[103.1943112,-3.40968580999994],[103.19430888,-3.40970615999993],[103.19383059,-3.40909080999996],[103.19309172,-3.40869989999993],[103.19173124,-3.40796040999993],[103.187787311,-3.40508248899994],[103.18778331,-3.40507956999994],[103.18525341,-3.40375711999996],[103.18509142,-3.40368235999995],[103.18487141,-3.40464209999994],[103.18438673,-3.41468815999997],[103.18438672,-3.41468830999999],[103.18434333,-3.41558761999994],[103.18433844,-3.41568901999995],[103.1841744,-3.41578211999997],[103.18281724,-3.41655243999998],[103.18052019,-3.41785622999993],[103.18038694,-3.41793184999995],[103.18023602,-3.41801751999998],[103.18022241,-3.41800378999995],[103.17976148,-3.41753882999996],[103.17892523,-3.41619480999998],[103.17899056,-3.41608274999993],[103.1794704,-3.41609973999994],[103.17993619,-3.41611622999995],[103.18009967,-3.41597266999997],[103.18016117,-3.41591866999995],[103.18007442,-3.41567311999996],[103.18006318,-3.41564128999995],[103.18005616,-3.41563163999996],[103.17971732,-3.41516545999997],[103.17975082,-3.41493292999997],[103.1797812,-3.41472207999993],[103.17986163,-3.41460707999993],[103.18000246,-3.41440570999992],[103.18002103,-3.41397741999999],[103.18003542,-3.41364548999997],[103.17978401,-3.41323318999998],[103.17967581,-3.41281313999998],[103.17959624,-3.41250422999997],[103.17961303,-3.41179042999995],[103.17963051,-3.41104707999995],[103.17955288,-3.41081155999995],[103.17947378,-3.41057159999998],[103.17925103,-3.41053672999994],[103.17906411,-3.41050746999997],[103.17814851,-3.41126600999997],[103.17691852,-3.41158045999993],[103.17682685,-3.41137211999996],[103.17679296,-3.41129510999997],[103.17695219,-3.41044008999996],[103.17656517,-3.40988223999994],[103.17651206,-3.40980568999993],[103.17650586,-3.40941538999994],[103.17663935,-3.40917235999997],[103.17684971,-3.40894973999997],[103.17693847,-3.40895436999995],[103.17725316,-3.40897077999995],[103.17757611,-3.40889029999994],[103.17767817,-3.40826198999997],[103.17768887,-3.40801514999993],[103.17769926,-3.40777544999998],[103.17780973,-3.40772445999994],[103.17796176,-3.40765429999993],[103.1787334,-3.40762205999993],[103.17888987,-3.40761551999999],[103.17899118,-3.40757266999999],[103.17941482,-3.40739349999996],[103.17979898,-3.40694818999999],[103.1798149,-3.40668477999998],[103.1798198,-3.40660356999996],[103.17973975,-3.40625874999996],[103.17849971,-3.40051877999998],[103.17720149,-3.39352169999996],[103.17700127,-3.39271034999997],[103.17665903,-3.39232448999997],[103.17615753,-3.39215934999994],[103.17579207,-3.39203900999996],[103.17182075,-3.39042981999996],[103.16943232,-3.38958779999996],[103.1687563,-3.38934946999996],[103.16742124,-3.38879808999996],[103.16599458,-3.38820886999998],[103.16518815,-3.38792349999994],[103.16510259,-3.38777956999997],[103.16286977,-3.38715168999994],[103.16135182,-3.38672482999993]]]]},"properties":{"gid":1488,"luas":null,"idkec":"1605060","kdkab":"05","kdkec":"060","nmkab":"MUSI RAWAS","nmkec":"JAYALOKA","kdprov":"16","nmprov":"SUMATERA SELATAN","sumber":null,"periode":"2025_1"}},{"id":1489,"type":"Feature","geometry":{"type":"MultiPolygon","coordinates":[[[[103.18061898,-3.13573039999995],[103.17876155,-3.13655633999998],[103.17873507,-3.13656811999994],[103.17861303,-3.13662238999996],[103.17788931,-3.13656514999998],[103.17694667,-3.13432477999993],[103.17500338,-3.13118716999998],[103.17433825,-3.12945098999996],[103.17361811,-3.12506050999997],[103.17345671,-3.12407651999997],[103.17351722,-3.12127821999996],[103.17390938,-3.11987970999997],[103.17402238,-3.11892844999995],[103.17385757,-3.11764088999997],[103.17330147,-3.11724814999997],[103.17046825,-3.11360528999995],[103.16913549,-3.11158811999997],[103.16852441,-3.11080349999998],[103.16780245,-3.10973884999993],[103.16776607,-3.10929105999998],[103.16839742,-3.10948534999994],[103.16897797,-3.10904993999998],[103.16826064,-3.10838147999994],[103.16167057,-3.10224025999998],[103.159201926,-3.10016930099994],[103.155242326,-3.09684757099996],[103.15401134,-3.09581488999994],[103.15190121,-3.09424947999997],[103.1512697,-3.09378098999997],[103.14715889,-3.08979675999996],[103.14669817,-3.08937965999997],[103.14639632,-3.08910638999993],[103.14291821,-3.08595755999994],[103.14291818,-3.08595753999993],[103.13876535,-3.08287548999994],[103.13861974,-3.08276742999994],[103.12829512,-3.07849804999995],[103.12829507,-3.07849802999994],[103.12829504,-3.07849800999997],[103.12845893,-3.07843580999998],[103.12832358,-3.07840834999996],[103.12788237,-3.07831882999995],[103.124329681,-3.07954168199996],[103.12431301,-3.07954741999993],[103.12426852,-3.07956272999997],[103.11568364,-3.08251767999997],[103.11524293,-3.08442211999995],[103.11519551,-3.08462702999999],[103.1151815,-3.08462813999996],[103.11516611,-3.08462936999997],[103.11471707,-3.08466516999993],[103.11271907,-3.08482443999998],[103.11228249,-3.08485923999997],[103.11204676,-3.08462141999996],[103.11030992,-3.08279596999995],[103.11030987,-3.08279590999996],[103.09985954,-3.07181228999997],[103.096349543,-3.06820310499996],[103.09630839,-3.06816078999998],[103.09606198,-3.06790740999999],[103.09614632,-3.06790953999996],[103.09664424,-3.06792205999995],[103.09726949,-3.06793778999998],[103.09816172,-3.06886008999994],[103.10022687,-3.06873978999994],[103.10162241,-3.06907122999996],[103.10263287,-3.06931121999998],[103.10470804,-3.06956183999995],[103.105326795,-3.06969323699997],[103.105410918,-3.06792668099996],[103.105172189,-3.06630178399997],[103.104821772,-3.06402407699994],[103.104821772,-3.06136095199998],[103.105117675,-3.06025131599996],[103.105395084,-3.05916017499993],[103.106911585,-3.05717207799995],[103.108704174,-3.05574107099995],[103.109694782,-3.05495027799998],[103.109735232,-3.05491798699995],[103.11000007,-3.05470313999996],[103.11342181,-3.05348549999997],[103.11434685,-3.05315631999997],[103.11493218,-3.05294479999997],[103.11971372,-3.05121696999993],[103.120622849,-3.05088845199998],[103.128132892,-3.04817465899994],[103.131460712,-3.04748727699996],[103.133271317,-3.04711328499996],[103.133279498,-3.04711197399996],[103.136643125,-3.04657266899994],[103.13876478,-3.04565351999999],[103.13873688,-3.04564224999995],[103.137157434,-3.04511291099993],[103.136977164,-3.04486792799998],[103.13696663,-3.04487863999999],[103.13695294,-3.04486692999996],[103.13674062,-3.04468540999994],[103.13345701,-3.04187818999998],[103.13322205,-3.03925445999994],[103.13353288,-3.03861553999997],[103.13357449,-3.03852998999998],[103.13258385,-3.03702694999993],[103.13243885,-3.03680694999997],[103.13250784,-3.03664852999998],[103.13255097,-3.03654949999999],[103.13255097,-3.03555519999998],[103.13162866,-3.03480056999997],[103.13128898,-3.03452264999993],[103.13124191,-3.03422845999995],[103.13113601,-3.03356658999997],[103.130739127,-3.03275393399997],[103.13068074,-3.03263437999994],[103.130680404,-3.03263369099995],[103.13051957,-3.03230435999995],[103.13033292,-3.03192216999997],[103.127426557,-3.02567782699993],[103.12660253,-3.02390739999994],[103.12261693,-3.01534425999995],[103.121725214,-3.00793156499999],[103.121167448,-3.00329494799996],[103.12116741,-3.00329462999997],[103.12115514,-3.00319259999998],[103.12113484,-3.00302388999995],[103.120472136,-2.99822640799994],[103.12005579,-2.99521236999993],[103.11932243,-2.98951490599995],[103.11931699,-2.98947263999997],[103.11918089,-2.98841525999995],[103.11909746,-2.98776714999996],[103.11623663,-2.98554053999993],[103.11061244,-2.98116314999993],[103.10656015,-2.97787374999996],[103.106265935,-2.97763492299993],[103.10181718,-2.97402366999995],[103.10173486,-2.97395684999999],[103.10172561,-2.97396405999997],[103.10163272,-2.97368166999996],[103.10145199,-2.97313224999993],[103.10057608,-2.97057020999995],[103.09941845,-2.96713349999994],[103.09812352,-2.96328918999996],[103.09626221,-2.95778189999993],[103.09464177,-2.95293152999995],[103.09394282,-2.95086777999996],[103.09256148,-2.94678919999996],[103.091879356,-2.94475619899993],[103.091234991,-2.94283573799993],[103.0908863,-2.94179649999995],[103.090477436,-2.94057847599993],[103.09039901,-2.94034483999997],[103.089911567,-2.93940982799996],[103.089911,-2.93940873999997],[103.0899094,-2.93940566999993],[103.08989965,-2.93937278999994],[103.089901086,-2.93937167199994],[103.095496138,-2.93500969899997],[103.096527212,-2.93420585999996],[103.09659495,-2.93415073999995],[103.096701344,-2.93407010399995],[103.097733999,-2.93326503399993],[103.099353926,-2.93188809599997],[103.0994456,-2.93180773999996],[103.099514753,-2.93175139299996],[103.1002124,-2.93118293999992],[103.1022288,-2.92908133999993],[103.104211309,-2.92717225699994],[103.1045292,-2.92686613999996],[103.108334655,-2.92351506799998],[103.108343566,-2.92349302499997],[103.1106068,-2.91783493899994],[103.111887918,-2.91538251399994],[103.112510792,-2.91415593199998],[103.112539114,-2.91413593999993],[103.114021542,-2.91308951999998],[103.114047059,-2.91280883499996],[103.114071601,-2.91272293899994],[103.11389826,-2.91235892199995],[103.113503601,-2.91153013899998],[103.113503601,-2.91090533899996],[103.113600219,-2.91003577799996],[103.113617201,-2.90988293899995],[103.114242001,-2.90931493899996],[103.115207601,-2.90908773899997],[103.115286123,-2.90907831699998],[103.11550346,-2.90879989999997],[103.118443715,-2.90879973499995],[103.11959759,-2.90879966999996],[103.12011889,-2.90879962999998],[103.12021814,-2.90879962999998],[103.13284551,-2.90879880999996],[103.13293584,-2.90879879999995],[103.13308006,-2.90868137999996],[103.1353125,-2.90686382999997],[103.13550879,-2.90670401999996],[103.1355545,-2.90666680999993],[103.13607787,-2.90553158999995],[103.13653868,-2.90453209999993],[103.136868,-2.90305363999994],[103.13688534,-2.90303376999998],[103.13693023,-2.90298235999996],[103.13742211,-2.90241902999998],[103.14866514,-2.90159878999998],[103.14904258,-2.90178930999997],[103.14930218,-2.90192034999995],[103.15571163,-2.90172624999997],[103.158301495,-2.90164781799996],[103.15830441,-2.90164772999998],[103.16231322,-2.90152635999994],[103.16848852,-2.90133936999996],[103.168979698,-2.90132974299997],[103.1689738,-2.90268388999993],[103.171234371,-2.90240298699996],[103.17117669,-2.90480524499998],[103.171763641,-2.90479812199994],[103.174115964,-2.90488486299995],[103.174229478,-2.90203079799995],[103.174246446,-2.90202868799997],[103.17478905,-2.90196125999996],[103.17826607,-2.90231654999997],[103.18382966,-2.90267518999997],[103.1862845,-2.90243562999996],[103.18628456,-2.90243562999996],[103.19616917,-2.90243881999993],[103.19921352,-2.90243978999996],[103.19927057,-2.90243980999998],[103.19941533,-2.90249175999998],[103.19992247,-2.90267375999997],[103.20206095,-2.90344119999998],[103.20356343,-2.90398038999996],[103.20447222,-2.90422794999995],[103.20593494,-2.90462639999992],[103.20760911,-2.90508244999996],[103.20761675,-2.90508452999996],[103.20773652,-2.90511715999998],[103.20784472,-2.90514744999996],[103.2141165,-2.90690320999995],[103.2144929,-2.90721336999997],[103.22185796,-2.91328217999995],[103.2218897,-2.91330833999996],[103.22972915,-2.91965251999995],[103.22972917,-2.91965253999997],[103.23091525,-2.92061237999997],[103.23102238,-2.92068956999998],[103.23147664,-2.92101688999998],[103.2318026,-2.92102763999998],[103.232084844,-2.92103695599997],[103.23276119,-2.92105927999996],[103.232548369,-2.92144922999996],[103.232000992,-2.92175285299994],[103.23185828,-2.92176850999994],[103.23229058,-2.92195034999998],[103.24013343,-2.92479326999996],[103.24139492,-2.92532406999993],[103.24470582,-2.92627612999996],[103.2448573,-2.92631968999996],[103.24958975,-2.92779573999997],[103.25291109,-2.92977598999995],[103.25427485,-2.93062086999993],[103.25489439,-2.93100467999994],[103.25751049,-2.93251310999996],[103.26074401,-2.93607927999994],[103.2623746,-2.93566768999995],[103.26404791,-2.93972303999994],[103.26433255,-2.94003695999993],[103.26749306,-2.94242784999994],[103.26728618,-2.94250108999996],[103.26728624,-2.94250115999995],[103.26822787,-2.94352285999998],[103.27224523,-2.94788183999997],[103.27730038,-2.95323282999994],[103.28038155,-2.95649654999994],[103.28062175,-2.95675098999993],[103.28089168,-2.95704022999997],[103.28195864,-2.95818350999997],[103.28207202,-2.95826459999995],[103.28243358,-2.95852321999997],[103.28242396,-2.95852682999992],[103.28241943,-2.95852852999997],[103.28191315,-2.95877035999997],[103.28172838,-2.95874684999996],[103.28145815,-2.95871245999997],[103.28123102,-2.95844520999998],[103.28115047,-2.95858458999994],[103.28127139,-2.95871794999994],[103.28197361,-2.95949237999997],[103.28325408,-2.96090452999995],[103.28612868,-2.96431789999997],[103.290595295,-2.96962169899997],[103.29062675,-2.96965904999997],[103.291011403,-2.97011579599996],[103.291045772,-2.97015660699998],[103.291715551,-2.97095191799998],[103.291773105,-2.97102025999994],[103.289429743,-2.97187697299996],[103.290791569,-2.97457036199996],[103.295068942,-2.97493379899993],[103.29511442,-2.97498779999995],[103.29519659,-2.97503579999995],[103.2952392,-2.97506068999997],[103.295382017,-2.97512887199997],[103.295489709,-2.97518028399998],[103.29618291,-2.97551121999993],[103.2968074,-2.97606390999994],[103.297140047,-2.97624925699995],[103.29728512,-2.97633008999998],[103.29751037,-2.97645559999996],[103.298187804,-2.97778390899993],[103.2986666,-2.97872272999996],[103.29881526,-2.97911688999995],[103.29886997,-2.97926192999995],[103.29894596,-2.97937362999994],[103.29931564,-2.97991698999994],[103.29931507,-2.98028906999997],[103.29929254,-2.98040881999998],[103.29923786,-2.98069952999992],[103.29913462,-2.98144354999994],[103.29912716,-2.98177231999995],[103.29912093,-2.98204656999997],[103.29913489,-2.98217944999994],[103.29915867,-2.98240587999993],[103.29903039,-2.98282908999994],[103.29902035,-2.98314146999996],[103.29900359,-2.98366303999996],[103.29899222,-2.98375556999998],[103.29896278,-2.98399523999996],[103.29894377,-2.98415000000001],[103.29890001,-2.98462517999997],[103.299010596,-2.98484217899995],[103.29912904,-2.98507459999997],[103.29938338,-2.98566520999998],[103.29965081,-2.98603770999995],[103.29965713,-2.98604219999994],[103.29990605,-2.98621909999998],[103.30007287,-2.98666879999996],[103.31728603,-3.03307201999997],[103.32029518,-3.04118397999998],[103.32218979,-3.04246720999993],[103.32248084,-3.04240974999993],[103.32316884,-3.04227391999995],[103.32329108,-3.04223900999995],[103.32342185,-3.04220166999994],[103.3256368,-3.04499391999997],[103.32579755,-3.04670666999994],[103.32431788,-3.04848604999996],[103.32360727,-3.04830627999997],[103.32297986,-3.04866539999995],[103.32226205,-3.04956451999994],[103.32224672,-3.04963340999996],[103.3220817,-3.05037445999994],[103.32231218,-3.05089798999996],[103.32204154,-3.05122342999994],[103.32083618,-3.05363748999998],[103.32028523,-3.05388261999998],[103.32031877,-3.05436527999995],[103.32033759,-3.05463604999995],[103.32035378,-3.05486904999998],[103.32037282,-3.05514309999995],[103.32099604,-3.05748472999995],[103.32143848,-3.06090636999994],[103.32256547,-3.06170874999999],[103.32295917,-3.06198905999997],[103.32303433,-3.06204319999995],[103.32358533,-3.06244016999995],[103.32363235,-3.06292040999994],[103.32367348,-3.06334055999998],[103.32377465,-3.06344716999997],[103.325985544,-3.06345065199998],[103.33341289,-3.06346234999995],[103.33773488,-3.06346912999994],[103.33772412,-3.06637253999998],[103.3376947,-3.07430646999996],[103.337689713,-3.07565178899995],[103.33764089,-3.08882253999997],[103.33764037,-3.08885118999996],[103.34471989,-3.08884598999992],[103.34478505,-3.08884593999995],[103.34549472,-3.08884703999997],[103.34977337,-3.08885368999995],[103.35302554,-3.08885871999997],[103.353202633,-3.08885899499996],[103.357250908,-3.08886528299996],[103.366545069,-3.08887971899998],[103.3710785,-3.08888675999998],[103.37358523,-3.08889062999998],[103.37356585,-3.09519734999998],[103.37353692,-3.10459966999997],[103.37352663,-3.10794104999996],[103.37381607,-3.10793992999993],[103.37494996,-3.10793550999995],[103.37504546,-3.10793512999994],[103.37752219,-3.13145661999995],[103.37772085,-3.13334337999993],[103.37772086,-3.13334346999994],[103.37772588,-3.13339107999997],[103.37773081,-3.13343790999994],[103.37238808,-3.13340600999994],[103.3723258,-3.13340563999998],[103.36839621,-3.13338215999994],[103.368388121,-3.13338211199994],[103.36482031,-3.13336080499995],[103.36386163,-3.13335507999995],[103.36377392,-3.13335455999993],[103.36371004,-3.13335417999998],[103.36371236,-3.13391622999995],[103.363715833,-3.13476121099995],[103.36378788,-3.15228917999997],[103.36378787,-3.15229073999996],[103.3637845,-3.15315353999995],[103.36377718,-3.15503027999996],[103.36015757,-3.15503178999995],[103.358634233,-3.15503241699998],[103.353138,-3.15503467999998],[103.3458095,-3.155023],[103.34578096,-3.15502294999994],[103.34580163,-3.14192364999997],[103.34580163,-3.14192360999994],[103.34580225,-3.14152930999995],[103.34580235,-3.14146304999997],[103.30677925,-3.19845771999996],[103.30290981,-3.20410855999995],[103.30286253,-3.20413025999994],[103.30276547,-3.20417479999998],[103.30128221,-3.20485546999994],[103.300895352,-3.20497097499998],[103.29957137,-3.20536627999997],[103.29885347,-3.20558061999999],[103.29673935,-3.20621182999998],[103.29652936,-3.20627452999998],[103.29458471,-3.20689197999997],[103.289040149,-3.20865239899996],[103.282943587,-3.21058808099996],[103.28249336,-3.21073102999998],[103.27866569,-3.21194628999996],[103.27810069,-3.21212566999998],[103.27765673,-3.21225536999999],[103.27199185,-3.21373048999994],[103.26926094,-3.21305787999995],[103.26762605,-3.21265520999999],[103.26743921,-3.21260918999997],[103.26303944,-3.21093421999996],[103.25895113,-3.20937779999997],[103.25599898,-3.20813546999996],[103.2538707,-3.20670243999996],[103.25374113,-3.20658179999998],[103.25357701,-3.20642900999997],[103.25240598,-3.20567714999993],[103.25227271,-3.20500134999998],[103.25150362,-3.20371791999998],[103.25016092,-3.20329363999997],[103.24996647,-3.20312552999997],[103.24933351,-3.20257831999993],[103.24932015,-3.20253948999994],[103.24913847,-3.20248801999997],[103.24888707,-3.20208215999998],[103.2487877,-3.20122045999995],[103.24838512,-3.20076366999996],[103.24825233,-3.20009029999995],[103.24779749,-3.20090991999996],[103.24626613,-3.20019630999997],[103.24625985,-3.20019337999997],[103.24626093,-3.20017046999994],[103.24633254,-3.19864447999992],[103.24638268,-3.19757596999996],[103.24601935,-3.19728277999997],[103.24595164,-3.19722814999995],[103.24594942,-3.19722635999994],[103.24586123,-3.19715519999995],[103.24520057,-3.19662207999994],[103.24531955,-3.19626532999996],[103.2455508,-3.19603367999998],[103.24555117,-3.19603330999996],[103.2455567,-3.19602777999995],[103.24556059,-3.19603958999995],[103.24567446,-3.19638492999997],[103.24650246,-3.19674329999999],[103.24709473,-3.19650634999994],[103.24714925,-3.19647905999995],[103.24733168,-3.19638776999994],[103.24682517,-3.19591338999994],[103.24578302,-3.19493736999993],[103.24567709,-3.19483814999996],[103.24506071,-3.19465998999994],[103.24484889,-3.19459876999997],[103.24414699,-3.19479903999997],[103.24319087,-3.19507184999998],[103.24165162,-3.19530716999998],[103.24101169,-3.19482302999996],[103.24078963,-3.19465501999997],[103.24070758,-3.19459294999997],[103.24070586,-3.19459164999996],[103.24061896,-3.19428391999998],[103.24047053,-3.19375835999994],[103.24047134,-3.19328243999997],[103.24165668,-3.19233260999993],[103.2416274,-3.19212400999993],[103.24158021,-3.19178786999993],[103.24153973,-3.19149952999993],[103.24000191,-3.19090197999999],[103.23986429,-3.19071108999998],[103.23905716,-3.18959154999993],[103.23902921,-3.18946884999998],[103.23898464,-3.18927319999995],[103.23866783,-3.18788239999998],[103.23866585,-3.18787368999995],[103.23835375,-3.18650357999997],[103.23835354,-3.18650266999993],[103.2383522,-3.18649678999998],[103.23834876,-3.18649519999998],[103.23625021,-3.18552402999995],[103.23545252,-3.18520171999995],[103.23530637,-3.18514265999994],[103.23513071,-3.18507167999997],[103.23522599,-3.18376236999996],[103.23528856,-3.18290257999997],[103.23525797,-3.18280042999994],[103.23510036,-3.18227414999996],[103.23497285,-3.18184836999996],[103.2347571,-3.18178934999998],[103.23464933,-3.18175986999995],[103.23459401,-3.18174473999995],[103.23455841,-3.18173500999996],[103.23428864,-3.18166120999997],[103.23409049,-3.18180295999997],[103.23397165,-3.18188797999994],[103.23386654,-3.18196317999996],[103.23374842,-3.18204766999997],[103.23353441,-3.18198860999996],[103.23320444,-3.18189753999997],[103.23290095,-3.18181377999997],[103.23250442,-3.18074533999993],[103.23198022,-3.17933290999998],[103.23166684,-3.17911160999995],[103.2312657,-3.17882832999993],[103.23126389,-3.17882450999998],[103.2323072,-3.17804077999995],[103.23244494,-3.17801658999997],[103.23242332,-3.17798386999995],[103.23240993,-3.17796360999995],[103.23241473,-3.17796000000001],[103.23141174,-3.17636971999997],[103.23141279,-3.17575378999994],[103.2315287,-3.17559125999998],[103.23167863,-3.17538102999993],[103.23268237,-3.17437554999998],[103.23219535,-3.17430475999993],[103.23202778,-3.17428040999995],[103.23160353,-3.17421873999996],[103.23141366,-3.17402722999999],[103.23107825,-3.17368892999998],[103.2310649,-3.17367546999998],[103.23106505,-3.17359149999994],[103.23106564,-3.17324237999998],[103.23106583,-3.17313312999993],[103.23111124,-3.17220782999994],[103.23114567,-3.17150623999993],[103.23076212,-3.17042088999995],[103.23064564,-3.17040605999996],[103.23063324,-3.17040446999995],[103.23021713,-3.17035146999997],[103.23014563,-3.17034235999995],[103.22981234,-3.17061549999994],[103.22929658,-3.17103819999995],[103.22888778,-3.17192453999996],[103.2288324,-3.17204460999994],[103.22798388,-3.17243052999993],[103.22786616,-3.17233817999995],[103.22759153,-3.17212270999994],[103.2272911,-3.171887],[103.22690703,-3.17111155999993],[103.22651192,-3.17031383999995],[103.22590844,-3.16909542999997],[103.22560132,-3.16839760999995],[103.22564869,-3.16829752999997],[103.22593214,-3.16769867999995],[103.22629753,-3.16692672999995],[103.22514136,-3.16692474999997],[103.22491256,-3.16655536999997],[103.22484519,-3.16644658999997],[103.22479553,-3.16636642999993],[103.22475703,-3.16630426999996],[103.22476822,-3.16620452999996],[103.22477026,-3.16618640999997],[103.22469954,-3.16568265999997],[103.2246337,-3.16521372999996],[103.2245489,-3.16527034999996],[103.2244436,-3.16534064999996],[103.22402955,-3.16556170999997],[103.22369842,-3.16567202999994],[103.2232294,-3.16578209999995],[103.22281526,-3.16605859999993],[103.22256654,-3.16636310999997],[103.22165111,-3.16949401999995],[103.22151978,-3.16987513999994],[103.22123189,-3.17087708999998],[103.22118968,-3.17083311999995],[103.21814562,-3.16766208999997],[103.21762062,-3.16716195999993],[103.21734986,-3.16690403999996],[103.21721692,-3.16677738999993],[103.21688691,-3.16620928999993],[103.21607153,-3.16559824999997],[103.2160043,-3.16554786999995],[103.21418614,-3.16438043999994],[103.21316992,-3.16398002999996],[103.2114302,-3.16329453999993],[103.2108294,-3.16318110999993],[103.21024472,-3.16307071999995],[103.20870074,-3.16284627999994],[103.20585931,-3.16224523999996],[103.20486879,-3.16203570999994],[103.20464731,-3.16197371999994],[103.20433536,-3.16188639999997],[103.20227772,-3.16131046999994],[103.20214021,-3.16108845999997],[103.20205227,-3.16089387999994],[103.20201577,-3.16081315999998],[103.20199922,-3.16069665999993],[103.20198852,-3.16056270999998],[103.20192193,-3.15972974999994],[103.20149702,-3.15682675999994],[103.20029513,-3.14861551999997],[103.19971406,-3.14464574999994],[103.199707061,-3.14462925399994],[103.19954927,-3.14425736999994],[103.19932673,-3.14395803999998],[103.19930164,-3.14392428999998],[103.19864021,-3.14367365999993],[103.19789496,-3.14406045999994],[103.19764719,-3.14381053999996],[103.19728974,-3.14320005999998],[103.19375036,-3.13725495999996],[103.19311006,-3.13617944999993],[103.1890772,-3.12899154999997],[103.18903276,-3.12880893999994],[103.18875923,-3.12919627999998],[103.18394998,-3.13299929999994],[103.18134395,-3.13506004999994],[103.18107756,-3.13530636999997],[103.18061898,-3.13573039999995]]]]},"properties":{"gid":1489,"luas":null,"idkec":"1605070","kdkab":"05","kdkec":"070","nmkab":"MUSI RAWAS","nmkec":"MUARA KELINGI","kdprov":"16","nmprov":"SUMATERA SELATAN","sumber":null,"periode":"2025_1"}},{"id":1490,"type":"Feature","geometry":{"type":"MultiPolygon","coordinates":[[[[103.08059678,-3.22446578999995],[103.0769685,-3.22361540999999],[103.06854909,-3.22226483999999],[103.06824056,-3.22221533999993],[103.06688444,-3.22142427999996],[103.06593414,-3.22086993999994],[103.06590217,-3.22085128999994],[103.06572469,-3.22083865999996],[103.06212256,-3.22058236999994],[103.061661473,-3.22046500299996],[103.06140064,-3.22039860999996],[103.060434066,-3.22015257299995],[103.059586107,-3.21993672899994],[103.05915157,-3.21982611999994],[103.05901375,-3.21979103999996],[103.057823742,-3.21938980099999],[103.05592804,-3.21875061999998],[103.04623901,-3.21491537999998],[103.04443328,-3.21420422999996],[103.040413228,-3.21260026099997],[103.04038934,-3.21259072999994],[103.03730551,-3.21136027999996],[103.03128746,-3.20895913999994],[103.03039156,-3.20860608999993],[103.02507328,-3.20651030999995],[103.02448363,-3.20627794999996],[103.02402039,-3.20609539999999],[103.0236453,-3.20594758999994],[103.0213661,-3.20504942999997],[103.01886884,-3.20406532999994],[103.01685882,-3.20298665999996],[103.01238512,-3.20077240999995],[103.01239037,-3.20073300999997],[103.01241325,-3.20066132999995],[103.01242571,-3.20065917999995],[103.0124265,-3.20065702999994],[103.01319021,-3.19857593999995],[103.01376948,-3.19764832999994],[103.0138837,-3.19746542999997],[103.01408969,-3.19707198999993],[103.01451249,-3.19626447999997],[103.01464699,-3.19600759999999],[103.01474005,-3.19587304999993],[103.01480795,-3.19577485999998],[103.01589488,-3.19420324999993],[103.01598066,-3.19390841999996],[103.0160689,-3.19360507999995],[103.016095369,-3.19351409799998],[103.0161977,-3.19316235999998],[103.0162887,-3.19284953999994],[103.01648868,-3.19216211999998],[103.01652123,-3.19205023999996],[103.01659423,-3.19203000999994],[103.01664826,-3.19201502999995],[103.01717159,-3.19187000999996],[103.01773993,-3.19171250999994],[103.01776632,-3.19170518999994],[103.01780546,-3.19161126999995],[103.01800526,-3.19113187999994],[103.01815029,-3.19033424999997],[103.01818169,-3.18987409999994],[103.01818472,-3.18982973999995],[103.01832445,-3.18906559999994],[103.01842246,-3.18902477999996],[103.01848742,-3.18899771999998],[103.01919532,-3.18861158999994],[103.01922234,-3.18853958999995],[103.01932045,-3.18827813999997],[103.01938885,-3.18793611999996],[103.01941167,-3.18773325999997],[103.01935716,-3.18746071999994],[103.01934729,-3.18741135999995],[103.01926091,-3.18697947999993],[103.01928282,-3.18698402999996],[103.01927335,-3.18695719999995],[103.0191557,-3.18693268999994],[103.015568892,-3.17659392799994],[103.01549142,-3.17637061999994],[103.014648085,-3.17393975799997],[103.0145098,-3.17354115999996],[103.01260487,-3.16805028999994],[103.01260483,-3.16805018999997],[103.01207861,-3.16655819999995],[103.011671826,-3.16540485699994],[103.01127327,-3.16427483899997],[103.01120291,-3.16407534999997],[103.011068561,-3.16369444499998],[103.01104431,-3.16362568999994],[103.01093371,-3.16331210999995],[103.01089258,-3.16319445999994],[103.01083269,-3.16302313999996],[103.00822713,-3.15556947999994],[103.00791553,-3.15588150999998],[103.00770423,-3.15618118999994],[103.00756317,-3.15638124999993],[103.00749963,-3.15647135999996],[103.00703903,-3.15712459999997],[103.00701144,-3.15716372999998],[103.00697998,-3.15720834999997],[103.006556807,-3.15738968299996],[103.00650454,-3.15741207999998],[103.00630788,-3.15749635999993],[103.00658997,-3.15644115999994],[103.00661516,-3.15632822999993],[103.006621173,-3.15630126699995],[103.00663988,-3.15621738999995],[103.003979299,-3.15502387899995],[102.998681058,-3.15258098299995],[102.99866242,-3.15257238999994],[102.998624868,-3.15245163799995],[102.998479339,-3.15198367599993],[102.99641116,-3.14533326999999],[102.99641105,-3.14533290999997],[102.995657841,-3.14291089799998],[102.99565197,-3.14289201999998],[102.99504664,-3.14094552999996],[102.99498553,-3.14074902999994],[102.9947571,-3.14001448999994],[102.99394479,-3.13740243999997],[102.99392298,-3.13740665999995],[102.99293751,-3.13426725999995],[102.99293749,-3.13426718999995],[102.99296745,-3.13425971999993],[102.99296606,-3.13425524999998],[102.99296135,-3.13424008999994],[102.9929594,-3.13423943999993],[102.99290084,-3.13421968999996],[102.99876708,-3.13205323999995],[103.00121398,-3.13114955999993],[103.00297247,-3.13047354999998],[103.00356355,-3.13024631999998],[103.00590327,-3.12936944999996],[103.00645528,-3.12916256999996],[103.00701898,-3.12903777999998],[103.00751629,-3.12892767999995],[103.00808141,-3.12880257999996],[103.00811741,-3.12866490999995],[103.00842547,-3.12844361999992],[103.0085762,-3.12833534999994],[103.01128556,-3.12703430999994],[103.0112856,-3.12703429999993],[103.0144541,-3.12556210999997],[103.01445646,-3.12556101999997],[103.01936148,-3.12329426999998],[103.019380492,-3.12328548399996],[103.01997649,-3.12301005999996],[103.02034116,-3.12284152999996],[103.02302544,-3.12158377999998],[103.02302547,-3.12158375999997],[103.02411153,-3.12107486999998],[103.02411156,-3.12107485999997],[103.026697008,-3.11987351999995],[103.02801715,-3.11926010999998],[103.032951144,-3.11696746199994],[103.034963835,-3.11665710199998],[103.035417214,-3.11613062499993],[103.035419688,-3.11612774599997],[103.035473472,-3.11597010099996],[103.035610423,-3.11576579699994],[103.03585626,-3.11561755999998],[103.036217425,-3.11555774099999],[103.03622703,-3.11555614999998],[103.03648127,-3.11551404999994],[103.03799575,-3.11526322999993],[103.039538983,-3.11524741699998],[103.05199169,-3.11511981999996],[103.05256917,-3.11519190999997],[103.052617701,-3.11520592099993],[103.05292785,-3.11459755099998],[103.054565661,-3.11184161899996],[103.05569953,-3.10982585199998],[103.056250717,-3.10892820599997],[103.056975133,-3.10760535799995],[103.058148373,-3.10565258299994],[103.058155284,-3.10565772299998],[103.06617313,-3.09179547899993],[103.06617402,-3.09179393999995],[103.067308806,-3.08983190099997],[103.06732145,-3.08981003999998],[103.06755239,-3.08941074999996],[103.07083938,-3.08375702999996],[103.07083941,-3.08375698999992],[103.071632109,-3.08239348599995],[103.076307405,-3.07435160899997],[103.07633831,-3.07429844999997],[103.076624473,-3.07398627499993],[103.07686802,-3.07372058999993],[103.07689493,-3.07369122999996],[103.07699431,-3.07358281999996],[103.07740139,-3.07315467999997],[103.07790282,-3.07262730999997],[103.07899642,-3.07221463999997],[103.07968197,-3.07190763999995],[103.08054544,-3.07123059999998],[103.08094165,-3.07091992999995],[103.08160028,-3.07031675999997],[103.08242974,-3.06955715999994],[103.08273734,-3.06886692999996],[103.08307196,-3.06811605999997],[103.08307334,-3.06811571999998],[103.08308365,-3.06811316999994],[103.08309182,-3.06809374999996],[103.08311865,-3.06808505999993],[103.083118784,-3.06808501699994],[103.08470658,-3.06757044999995],[103.08684344,-3.06763341599998],[103.08686121,-3.06763393999995],[103.09101366,-3.06775628999999],[103.09101389,-3.06775628999999],[103.09605959,-3.06790494999997],[103.09606198,-3.06790740999999],[103.09630839,-3.06816078999998],[103.096349543,-3.06820310499996],[103.09985954,-3.07181228999997],[103.11030987,-3.08279590999996],[103.11030992,-3.08279596999995],[103.11204676,-3.08462141999996],[103.11228249,-3.08485923999997],[103.11271907,-3.08482443999998],[103.11471707,-3.08466516999993],[103.11516611,-3.08462936999997],[103.1151815,-3.08462813999996],[103.11519551,-3.08462702999999],[103.11524293,-3.08442211999995],[103.11568364,-3.08251767999997],[103.12426852,-3.07956272999997],[103.12431301,-3.07954741999993],[103.124329681,-3.07954168199996],[103.12788237,-3.07831882999995],[103.12832358,-3.07840834999996],[103.12845893,-3.07843580999998],[103.12829504,-3.07849800999997],[103.12829507,-3.07849802999994],[103.12829512,-3.07849804999995],[103.13861974,-3.08276742999994],[103.13876535,-3.08287548999994],[103.14291818,-3.08595753999993],[103.14291821,-3.08595755999994],[103.14639632,-3.08910638999993],[103.14669817,-3.08937965999997],[103.14715889,-3.08979675999996],[103.1512697,-3.09378098999997],[103.15190121,-3.09424947999997],[103.15401134,-3.09581488999994],[103.155242326,-3.09684757099996],[103.159201926,-3.10016930099994],[103.16167057,-3.10224025999998],[103.16826064,-3.10838147999994],[103.16897797,-3.10904993999998],[103.16839742,-3.10948534999994],[103.16776607,-3.10929105999998],[103.16780245,-3.10973884999993],[103.16852441,-3.11080349999998],[103.16913549,-3.11158811999997],[103.17046825,-3.11360528999995],[103.17330147,-3.11724814999997],[103.17385757,-3.11764088999997],[103.17402238,-3.11892844999995],[103.17390938,-3.11987970999997],[103.17351722,-3.12127821999996],[103.17345671,-3.12407651999997],[103.17361811,-3.12506050999997],[103.17433825,-3.12945098999996],[103.17500338,-3.13118716999998],[103.17694667,-3.13432477999993],[103.17788931,-3.13656514999998],[103.17861303,-3.13662238999996],[103.17873507,-3.13656811999994],[103.17876155,-3.13655633999998],[103.18061898,-3.13573039999995],[103.18107756,-3.13530636999997],[103.18134395,-3.13506004999994],[103.18394998,-3.13299929999994],[103.18875923,-3.12919627999998],[103.18903276,-3.12880893999994],[103.1890772,-3.12899154999997],[103.19311006,-3.13617944999993],[103.19375036,-3.13725495999996],[103.19728974,-3.14320005999998],[103.19764719,-3.14381053999996],[103.19789496,-3.14406045999994],[103.19864021,-3.14367365999993],[103.19930164,-3.14392428999998],[103.19932673,-3.14395803999998],[103.19954927,-3.14425736999994],[103.199707061,-3.14462925399994],[103.19971406,-3.14464574999994],[103.20029513,-3.14861551999997],[103.20149702,-3.15682675999994],[103.20192193,-3.15972974999994],[103.20198852,-3.16056270999998],[103.20199922,-3.16069665999993],[103.20201577,-3.16081315999998],[103.20205227,-3.16089387999994],[103.20214021,-3.16108845999997],[103.20227772,-3.16131046999994],[103.20433536,-3.16188639999997],[103.20464731,-3.16197371999994],[103.20486879,-3.16203570999994],[103.20585931,-3.16224523999996],[103.20870074,-3.16284627999994],[103.21024472,-3.16307071999995],[103.2108294,-3.16318110999993],[103.2114302,-3.16329453999993],[103.21316992,-3.16398002999996],[103.21418614,-3.16438043999994],[103.2160043,-3.16554786999995],[103.21607153,-3.16559824999997],[103.21688691,-3.16620928999993],[103.21721692,-3.16677738999993],[103.21734986,-3.16690403999996],[103.21762062,-3.16716195999993],[103.21814562,-3.16766208999997],[103.22118968,-3.17083311999995],[103.22123189,-3.17087708999998],[103.22013905,-3.17468051999993],[103.21954846,-3.17480665999995],[103.21879143,-3.17495748999995],[103.21605821,-3.17550203999998],[103.21519135,-3.17567473999998],[103.2151063,-3.17569168999996],[103.2151057,-3.17568865999994],[103.21508746,-3.17559613999993],[103.21500923,-3.17519943999998],[103.21498065,-3.17498109999997],[103.2149652,-3.17497613999996],[103.21448374,-3.17482157999996],[103.21380358,-3.17460323999995],[103.21172665,-3.17393651999993],[103.2116115,-3.17330535999998],[103.21147067,-3.17253350999995],[103.21138308,-3.17239651999996],[103.21119167,-3.17209715999997],[103.21043986,-3.17092137999992],[103.21039039,-3.17094231999994],[103.2103468,-3.17096076999996],[103.20950652,-3.17131638999997],[103.20931481,-3.17139751999998],[103.20909523,-3.17149044999997],[103.2089676,-3.17155261999995],[103.20854664,-3.17175767999993],[103.20637477,-3.17281560999994],[103.20511265,-3.17340553999998],[103.2052489,-3.17353609999998],[103.20614452,-3.17439431999997],[103.20516092,-3.17537958999998],[103.20519305,-3.17572502999997],[103.20525551,-3.17639660999992],[103.20526239,-3.17647063999994],[103.20576475,-3.17647151999995],[103.20634111,-3.17647251999995],[103.20634765,-3.17647252999996],[103.20634595,-3.17745950999996],[103.20354967,-3.17721753999996],[103.20205722,-3.17708839999995],[103.20190344,-3.17636087999994],[103.20184662,-3.17635637999997],[103.2017088,-3.17634548999997],[103.20153692,-3.17630196999994],[103.20131309,-3.17624530999996],[103.20105955,-3.17638373999996],[103.19947328,-3.17708386999993],[103.19907278,-3.17703365999995],[103.19828467,-3.17708178999993],[103.19781649,-3.17884713999996],[103.19799498,-3.17993531999998],[103.1980022,-3.17999421999997],[103.19786505,-3.18081256999995],[103.19784347,-3.18080891999995],[103.19771031,-3.18078636999997],[103.19735151,-3.18072560999997],[103.19728896,-3.18071501999999],[103.19727823,-3.18071320999997],[103.19709867,-3.18068279999994],[103.19698647,-3.18066379999994],[103.19412309,-3.17942433999997],[103.19409462,-3.17941200999997],[103.19393615,-3.18138568999995],[103.1939776,-3.18142257999996],[103.19404099,-3.181479],[103.194164,-3.18158847999997],[103.19481334,-3.18216641999993],[103.19402953,-3.18359550999999],[103.1933954,-3.18475169999993],[103.19336602,-3.18480525999996],[103.19336171,-3.18481311999994],[103.19268817,-3.18466934999997],[103.19220349,-3.18456588999993],[103.19139863,-3.18439408999996],[103.19124692,-3.18445979999996],[103.19042195,-3.18481708999998],[103.19040073,-3.18481971999995],[103.18993491,-3.18487740999996],[103.18953599,-3.18486],[103.18906871,-3.18482785999994],[103.18906868,-3.18482785999994],[103.18786199,-3.18474485999996],[103.18697719,-3.18474830999998],[103.18677477,-3.18474909999998],[103.18673246,-3.18474925999993],[103.18669522,-3.18474940999995],[103.18666371,-3.18477570999994],[103.18629131,-3.18508652999998],[103.18607416,-3.18526776999995],[103.18534721,-3.18574544999995],[103.18534719,-3.18574546999997],[103.18477623,-3.18612064999997],[103.18453982,-3.186276],[103.18441853,-3.18635569999998],[103.184108215,-3.18656933299997],[103.1827628,-3.18749556999995],[103.18201537,-3.18804447999999],[103.18198661,-3.18806559999997],[103.18181334,-3.18800952999993],[103.18092066,-3.18772064999996],[103.18088156,-3.18770798999999],[103.18069537,-3.18764773999993],[103.18021137,-3.18755328999992],[103.17935218,-3.18738562999995],[103.17842019,-3.18727585999995],[103.17800881,-3.18722739999993],[103.17794691,-3.18723315999995],[103.17793201,-3.18723454999997],[103.17786315,-3.18724094999994],[103.17665076,-3.18735373999994],[103.17526938,-3.18748225999996],[103.17511315,-3.18815726999998],[103.17505218,-3.18872975999995],[103.17487909,-3.18954897999993],[103.17485458,-3.18962593999993],[103.17464429,-3.19028619999995],[103.17320797,-3.19162905999997],[103.17320794,-3.19162907999993],[103.17249318,-3.19229732999997],[103.17248819,-3.192302],[103.17181352,-3.19284253999997],[103.17095295,-3.19336272999993],[103.16953553,-3.19421951999994],[103.16633687,-3.19615298999998],[103.16043299,-3.19980648999996],[103.16033812,-3.19980509999994],[103.16033533,-3.19980505999997],[103.159407521,-3.19979145699995],[103.158773117,-3.19978215599997],[103.158750123,-3.19978181899996],[103.15831234,-3.19977539999997],[103.15719786,-3.19975904999996],[103.157115,-3.19975981999994],[103.15611719,-3.19976903999998],[103.15531083,-3.20001714999996],[103.155226801,-3.20004300499994],[103.154891698,-3.20014611299997],[103.15374965,-3.20049750999994],[103.15353896,-3.20077881999992],[103.15317643,-3.20146880999994],[103.15277587,-3.20231040999994],[103.15190573,-3.20405177999994],[103.15169383,-3.20429052999999],[103.15163254,-3.20435957999997],[103.1513711,-3.20465413999995],[103.150948771,-3.20477129299997],[103.150671707,-3.20481183899994],[103.150337202,-3.20486589999996],[103.150147987,-3.20493178799996],[103.150002697,-3.20503990999994],[103.149776315,-3.20523419299997],[103.149511077,-3.20552984199998],[103.149367476,-3.20565654799999],[103.149266111,-3.20579170099996],[103.149154609,-3.20589982399997],[103.148906265,-3.20613127399998],[103.148705224,-3.20633231499994],[103.14863089,-3.20643199099993],[103.148439986,-3.20678169999997],[103.148316658,-3.20695402099996],[103.147887546,-3.20743043699998],[103.147529389,-3.20756896899998],[103.146840107,-3.20777507799995],[103.14671325,-3.207808],[103.146351865,-3.20790178499994],[103.145976814,-3.20800990699997],[103.14558318,-3.20811802999998],[103.145167583,-3.20822615299995],[103.144806047,-3.20832920699996],[103.144650621,-3.20838664799994],[103.144444512,-3.20849476999997],[103.144291379,-3.20860613999998],[103.14154019,-3.20860613999998],[103.13936408,-3.20865132299997],[103.13928185,-3.20865302999995],[103.13924942,-3.20865369999996],[103.13922178,-3.21083757999998],[103.13921802,-3.21291446999993],[103.13921627,-3.21388297999994],[103.13787985,-3.21428735999996],[103.13751609,-3.21439742999997],[103.13701417,-3.21454929999994],[103.13692436,-3.21451618999992],[103.13597548,-3.21416637999994],[103.13134904,-3.21246078999997],[103.13092323,-3.21325217999993],[103.12949857,-3.21589993999994],[103.13002516,-3.21685126999996],[103.13188836,-3.21992825999997],[103.13227504,-3.22056682999995],[103.132266167,-3.22063885899997],[103.132263679,-3.22065905899996],[103.131684525,-3.22536052899994],[103.131571567,-3.22574402399994],[103.131534907,-3.22586848399994],[103.130245395,-3.23024640299997],[103.12992535,-3.23123476999996],[103.12894602,-3.23425915999997],[103.12893663,-3.23428813999994],[103.12892927,-3.23431086999994],[103.1289264,-3.23431085999994],[103.12702666,-3.23430389999992],[103.12514125,-3.234297],[103.12390081,-3.23351269999995],[103.12197553,-3.23311221999995],[103.120657768,-3.23283810599998],[103.1179475,-3.23227432999994],[103.11743336,-3.23216737999997],[103.11737173,-3.23215455999997],[103.117083087,-3.23209451899992],[103.09298659,-3.22708219999993],[103.08207678,-3.22481266999995],[103.08059678,-3.22446578999995]]]]},"properties":{"gid":1490,"luas":null,"idkec":"1605072","kdkab":"05","kdkec":"072","nmkab":"MUSI RAWAS","nmkec":"TUAH NEGERI","kdprov":"16","nmprov":"SUMATERA SELATAN","sumber":null,"periode":"2025_1"}},{"id":1491,"type":"Feature","geometry":{"type":"MultiPolygon","coordinates":[[[[102.991827974,-3.07155311199995],[102.98739914,-3.06851757999994],[102.98621464,-3.06770572999995],[102.9861206,-3.06764564999998],[102.98595334,-3.06753878999997],[102.98155891,-3.06710965999998],[102.98077949,-3.06703353999996],[102.98028288,-3.06698504999998],[102.980158443,-3.06697289799996],[102.97744626,-3.06670803999998],[102.97645057,-3.06661079999998],[102.97639749,-3.06660511999996],[102.97632403,-3.06659725999998],[102.97602739,-3.06656848599995],[102.97599289,-3.06656513999997],[102.97595819,-3.06622154999997],[102.97595458,-3.06619670999993],[102.97590883,-3.06588179999995],[102.97590763,-3.06588234999992],[102.97590488,-3.06588361999997],[102.97589387,-3.06575923999998],[102.97576874,-3.06434594999996],[102.97576874,-3.06434590999993],[102.975681703,-3.06348421399997],[102.97561167,-3.06279085999995],[102.97544929,-3.06209772999996],[102.975381816,-3.06180971099996],[102.97537472,-3.06177941999994],[102.9751523,-3.06083000999996],[102.97515229,-3.06082997999993],[102.97478975,-3.05928242999994],[102.97456803,-3.05862489999993],[102.97454869,-3.05856752999995],[102.97451045,-3.05845411999997],[102.97426258,-3.05771905999996],[102.97425865,-3.05761352999996],[102.97425287,-3.05745831999997],[102.974249542,-3.05736896099996],[102.97424904,-3.05735547999996],[102.97424418,-3.05735547999996],[102.9741714,-3.05527323999996],[102.97417139,-3.05527308999995],[102.97413227,-3.05422398999997],[102.97412162,-3.05393827999995],[102.97393893,-3.05317302999993],[102.97393891,-3.05317297999994],[102.97365958,-3.05204066999994],[102.97365691,-3.05202983999994],[102.9736569,-3.05202980999997],[102.97361869,-3.05187491299995],[102.97360485,-3.05181880999993],[102.97358759,-3.05174885999999],[102.973595422,-3.04756537099997],[102.973596,-3.04725631999997],[102.97360063,-3.04478491999994],[102.97360133,-3.04441097999995],[102.97359703,-3.04433967999995],[102.973412607,-3.04128103999995],[102.97337269,-3.04061901999995],[102.973347009,-3.04019312899993],[102.97334279,-3.04012316999995],[102.97333911,-3.04006209999994],[102.96996889,-3.03377900999993],[102.96985276,-3.03356251999997],[102.96985269,-3.03356237999998],[102.969842504,-3.03354339399993],[102.969842485,-3.03354335799997],[102.96983688,-3.03353290999996],[102.969880614,-3.03347703099996],[102.972578241,-3.03003026199997],[102.97376613,-3.02851248999997],[102.97377667,-3.02851066999996],[102.97392262,-3.02848542999993],[102.97396898,-3.02847741999995],[102.97651263,-3.02803760999996],[102.97687602,-3.02797477999997],[102.97765394,-3.02601073999995],[102.97823735,-3.02453778999996],[102.97980551,-3.02057864999995],[102.982206586,-3.01451661499994],[102.98230812,-3.01426026999997],[102.98408702,-3.01270127999994],[102.98408706,-3.01270123999996],[102.9844743,-3.01236186999995],[102.98453644,-3.01231586999996],[102.9856688,-3.01147769499995],[102.98757584,-3.01006609999996],[102.98758739,-3.01005754999994],[102.98784755,-3.00999989999997],[102.98784758,-3.00999989999997],[102.9888044,-3.00978802999993],[102.98882487,-3.00976192999997],[102.98933563,-3.00911087999998],[102.98933565,-3.00911084999996],[102.98933583,-3.00911061999995],[102.99029472,-3.00788834999998],[102.9904651,-3.00757163999999],[102.99124413,-3.00612354999993],[102.99129236,-3.00604306999998],[102.99132291,-3.00599208999995],[102.99175928,-3.00530222999993],[102.99204343,-3.00485300999998],[102.9921469,-3.00468034999994],[102.99259894,-3.00392607999993],[102.99259895,-3.00392604999997],[102.99299673,-3.00326230999997],[102.99324363,-3.00320498999998],[102.99376837,-3.00308314999995],[102.99376843,-3.00308313999995],[102.99629921,-3.00249554999994],[102.99630159,-3.002495],[102.99630191,-3.00249491999996],[102.99596488,-3.00206643999996],[102.99459026,-3.00031879999995],[102.99325645,-2.99862303999994],[102.99325339,-2.99861914999997],[102.99321918,-2.99857565999997],[102.99313528,-2.99846534999995],[102.99311349,-2.99843669999997],[102.99151424,-2.99635207999996],[102.99068556,-2.99525250999995],[102.986368023,-2.98952361999995],[102.98494011,-2.98762893999998],[102.984695955,-2.98721812999998],[102.98421013,-2.98640068999992],[102.98413389,-2.98631191999993],[102.98403109,-2.98619222999998],[102.98262701,-2.98455740999998],[102.98196786,-2.98370215999995],[102.98177477,-2.98345162999993],[102.97647141,-2.97605553999995],[102.97507985,-2.97411485999993],[102.973500386,-2.97216104499995],[102.97130713,-2.96944795999997],[102.9713053,-2.96944568999993],[102.97126608,-2.96936645999996],[102.97112563,-2.96908274999993],[102.97094055,-2.96870887999995],[102.97092378,-2.96868593999995],[102.97092211,-2.96868365999996],[102.97090386,-2.96864741999997],[102.97061247,-2.96824991999995],[102.96829062,-2.96508254999998],[102.96364573,-2.95874613999997],[102.96350616,-2.95855575999997],[102.963431068,-2.95845332099999],[102.96276764,-2.95717182999994],[102.96276879,-2.95716489999996],[102.96286266,-2.95659933999997],[102.96288995,-2.95643490999993],[102.9631407,-2.95469301999998],[102.96315729,-2.95456786999995],[102.96339508,-2.95406225999994],[102.96369057,-2.95366026999995],[102.96411927,-2.95301630999995],[102.96400676,-2.95188276999994],[102.96368682,-2.95169817999994],[102.96333002,-2.95150002999998],[102.96313501,-2.95139171999995],[102.96312464,-2.95138596999993],[102.96311869,-2.95138265999998],[102.96253606,-2.95130651999995],[102.96181392,-2.95121214999996],[102.96181388,-2.95121214999996],[102.96181384,-2.95121213999995],[102.96136757,-2.95115381999995],[102.96136212,-2.95115073999995],[102.96061799,-2.95072979999998],[102.96026306,-2.95052901999998],[102.96054912,-2.95006096999993],[102.96086452,-2.94954488999997],[102.96087184,-2.94953292999998],[102.96193838,-2.94917767999993],[102.96227259,-2.94873464999995],[102.96292443,-2.94783698999994],[102.96292666,-2.94661064999997],[102.962541499,-2.94572612799994],[102.96130001,-2.94478779999998],[102.9608891,-2.94544610999999],[102.96082374,-2.94545777999998],[102.96013013,-2.94558162999994],[102.95982065,-2.94563688999995],[102.959791561,-2.94561881899996],[102.95909144,-2.94518386999994],[102.958536579,-2.94532053799997],[102.95804945,-2.94544052099996],[102.95804139,-2.94544250999996],[102.95784262,-2.94549146999999],[102.95749833,-2.94557626999994],[102.95748811,-2.94557877999995],[102.95662641,-2.94508161999994],[102.95477821,-2.94495431999997],[102.95428258,-2.94644012999993],[102.95230911,-2.94742762999993],[102.95058414,-2.94730054999997],[102.94921364,-2.94761102999996],[102.94787198,-2.94791498999996],[102.94693086,-2.94704442999995],[102.94644138,-2.94659164999996],[102.94639574,-2.94654942999995],[102.94600439,-2.94630251999996],[102.945559613,-2.94602187799996],[102.94544042,-2.94594666999996],[102.94541929,-2.94593334999997],[102.94541105,-2.94592813999998],[102.94515059,-2.94592765999994],[102.94468809,-2.94592679999994],[102.94467168,-2.94592676999997],[102.94147026,-2.94455801999993],[102.94126838,-2.94450686999995],[102.94087415,-2.94442466999993],[102.94042233,-2.94433044999995],[102.93910917,-2.94431365999999],[102.93910444,-2.94431359999993],[102.93906041,-2.94431303999994],[102.93803302,-2.944724],[102.93780595,-2.94481482999993],[102.93751797,-2.94493001999996],[102.93750514,-2.94493514999994],[102.93750487,-2.94493525999997],[102.93720415,-2.94521188999994],[102.93605163,-2.94627207999997],[102.93592713,-2.94606556999997],[102.93590626,-2.94603095999997],[102.93586276,-2.94595880999999],[102.93584501,-2.94592936999994],[102.93585152,-2.94595601999992],[102.93585192,-2.94595764999998],[102.9360396,-2.94672639999993],[102.93619764,-2.94737372999992],[102.93717883,-2.94915118999995],[102.93774109,-2.95100055999995],[102.93791385,-2.95137858999993],[102.93804778,-2.95167163999998],[102.93856277,-2.95279850999999],[102.939633547,-2.95514153099992],[102.9396916,-2.95526855999999],[102.93969138,-2.95531218999997],[102.93968809,-2.95597291999997],[102.93967187,-2.95922006999996],[102.93966811,-2.95997173999996],[102.93966324,-2.96031814999998],[102.93963767,-2.96213400999994],[102.93962489,-2.96304182999995],[102.93961966,-2.96341349999995],[102.93962231,-2.96351758999998],[102.93962537,-2.96363726999993],[102.939717234,-2.96723661999993],[102.939595793,-2.96725022899995],[102.93959575,-2.96725546999995],[102.939575932,-2.96726206999994],[102.93935821,-2.96733457999995],[102.93800638,-2.96778479999995],[102.93755241,-2.96785998999996],[102.93641729,-2.96816203999993],[102.93581303,-2.96827476999994],[102.93520668,-2.96838789999992],[102.93477027,-2.96852053999993],[102.93346603,-2.96891692999997],[102.93159489,-2.96940089999993],[102.93142284,-2.96944539999993],[102.93111463,-2.96956093999996],[102.930993888,-2.96960620299996],[102.93097813,-2.96961210999996],[102.93081732,-2.96967238999997],[102.93078618,-2.96967232999999],[102.92309096,-2.96965781999996],[102.92238911,-2.96965649999993],[102.91725517,-2.96964678999996],[102.91248683,-2.96963774999994],[102.90877568,-2.96963068999997],[102.90737004,-2.96962801999996],[102.90704727,-2.96965689999996],[102.90655184,-2.96970122999994],[102.9065379,-2.96970246999997],[102.90572724,-2.96970092999993],[102.90564483,-2.96970076999998],[102.9058059,-2.96984988999998],[102.9058102,-2.96985801999994],[102.90589042,-2.97000992999995],[102.902941473,-2.96950641299998],[102.90158645,-2.96927504999997],[102.9015863,-2.96927502999995],[102.89385952,-2.96795566999999],[102.89385713,-2.96785949999998],[102.89293214,-2.96778618999997],[102.892641633,-2.96776316099994],[102.89164415,-2.96768408999997],[102.889431706,-2.96805544699993],[102.88853836,-2.96820539499993],[102.88853517,-2.96820592999996],[102.88327185,-2.96908937999996],[102.88229578,-2.96925320999998],[102.87852194,-2.96988663999997],[102.87625893,-2.97030123999998],[102.87515508,-2.97050345999998],[102.87514528,-2.97050484999995],[102.87287963,-2.97079430999998],[102.8728684,-2.97079573999997],[102.87262992,-2.97082620999993],[102.87240428,-2.97085503999995],[102.87241213,-2.97076867999994],[102.872913396,-2.96525295199997],[102.87335749,-2.96036631999994],[102.8734002,-2.95989635999997],[102.87343286,-2.95957429999993],[102.87369699,-2.95696918999995],[102.873747202,-2.95647395099996],[102.87385186,-2.95544169999994],[102.873911357,-2.95441956999997],[102.87405522,-2.95194808999998],[102.87412674,-2.95071935999994],[102.874181295,-2.95019885899995],[102.87493915,-2.94296828999995],[102.87519105,-2.94002436999995],[102.875695637,-2.93412720099997],[102.87569564,-2.93412716999995],[102.87575487,-2.933435],[102.87575767,-2.93194989999995],[102.87577236,-2.92415521999994],[102.875772586,-2.92403573399997],[102.87577259,-2.92403382999994],[102.87710804,-2.92427812999995],[102.88055705,-2.92490907999997],[102.880557285,-2.92490912299997],[102.88223841,-2.92521665999993],[102.88643945,-2.92598515999993],[102.893737289,-2.92768256999994],[102.89374418,-2.92768416999997],[102.89854529,-2.92880083999995],[102.90920744,-2.93127856999997],[102.91429996,-2.93225450999995],[102.9137297,-2.93062033999996],[102.91343054,-2.92985263999998],[102.91341838,-2.92976055999997],[102.91220682,-2.92058260999994],[102.9115775,-2.91687462999994],[102.91157781,-2.91670539999996],[102.911568083,-2.91666549699994],[102.91028731,-2.91141146999996],[102.91007911,-2.91055739999997],[102.907340156,-2.89840600799994],[102.90567069,-2.89099940999996],[102.90550843,-2.88859727999994],[102.90462203,-2.88725507999993],[102.904034,-2.88440410999994],[102.90383019,-2.88341596999994],[102.90363086,-2.88244958999997],[102.9043047,-2.88225232999998],[102.90430049,-2.88224945999997],[102.90431932,-2.88224804999994],[102.91829675,-2.88120661999995],[102.92296438,-2.88076835999993],[102.92634735,-2.88045071999995],[102.92947527,-2.88015701999996],[102.93139687,-2.87993326999999],[102.93139692,-2.87993325999998],[102.94101835,-2.87908716999994],[102.94292208,-2.87894708999994],[102.94427903,-2.87884723999997],[102.94525397,-2.87884900999996],[102.94596334,-2.87867205999994],[102.94605554,-2.87866220999996],[102.94700851,-2.87856036999995],[102.94700859,-2.87856035999994],[102.94924334,-2.87832153999995],[102.94924423,-2.87833104999993],[102.94925957,-2.87849486999995],[102.95749035,-2.87606097999998],[102.95749044,-2.87606094999996],[102.96272219,-2.87451384999998],[102.9653513,-2.87373525999994],[102.97822988,-2.87006041999997],[102.97824125,-2.87005757999999],[102.97824647,-2.87005568999996],[102.97957426,-2.86957288999998],[102.98153347,-2.86886048999998],[102.98514343,-2.86729865999996],[102.98514347,-2.86729863999995],[102.98711035,-2.86644766999996],[102.98719151,-2.86638775999996],[102.9936512,-2.86161952999993],[102.99385513,-2.86146898999994],[102.99645269,-2.86077740999997],[102.99642672,-2.86076056999997],[102.99732574,-2.86052120999994],[102.99775683,-2.86040642999996],[103.00414071,-2.85908083999994],[103.0042668,-2.85901976999998],[103.0044457,-2.85898411999994],[103.0051546,-2.85858974999997],[103.00689065,-2.85774886999996],[103.00751601,-2.85731516999995],[103.00751606,-2.85731512999997],[103.007801,-2.85711751999998],[103.00804426,-2.85694881999996],[103.00962301,-2.85457664999995],[103.009623157,-2.85457642999995],[103.0096438,-2.85454540999996],[103.01274871,-2.85294666999993],[103.012859,-2.85294685999998],[103.01446357,-2.85294964999997],[103.01523044,-2.85295097999995],[103.01525274,-2.85293501999997],[103.01528572,-2.85291141999995],[103.01687493,-2.85177420999997],[103.01698185,-2.85169769999993],[103.01919244,-2.85297288999994],[103.01919246,-2.85297290999995],[103.02152081,-2.85447688999995],[103.02270506,-2.85512903999996],[103.02541704,-2.85662248999995],[103.02589133,-2.85665736999993],[103.02688303,-2.85673031999995],[103.02825304,-2.85687045999993],[103.02887316,-2.85698492999995],[103.02891726,-2.85697366999994],[103.02901591,-2.85694848999998],[103.02971804,-2.85676925999997],[103.02972823,-2.85676665999996],[103.02983129,-2.85674034999994],[103.03098704,-2.85552248999995],[103.03146672,-2.85501702999994],[103.03280106,-2.85367996999998],[103.03338136,-2.85331006999996],[103.03375472,-2.85307206999994],[103.03417829,-2.85289040999993],[103.03423492,-2.85286611999994],[103.03600749,-2.85267116999995],[103.03603795,-2.85266781999997],[103.03617603,-2.85265263999998],[103.03641656,-2.852656],[103.037162682,-2.85266643899996],[103.04021844,-2.85270918999993],[103.04164378,-2.85272911999994],[103.04171824,-2.85269184999993],[103.04232119,-2.85239000999997],[103.04377282,-2.85166331999995],[103.04437077,-2.85123541999997],[103.04439401,-2.85121877999995],[103.04440433,-2.85121489999995],[103.04441296,-2.85121164999993],[103.04489326,-2.85103082999996],[103.04499935,-2.85099088999993],[103.04501084,-2.85098655999996],[103.04507832,-2.85096115999994],[103.04512497,-2.85095503999998],[103.04581277,-2.85086471999994],[103.04607095,-2.85071718999996],[103.04618345,-2.85065290999995],[103.04715872,-2.85037452999995],[103.04750169,-2.85038352999994],[103.04788348,-2.85051220999998],[103.04792413,-2.85052590999993],[103.04824022,-2.85051347999996],[103.04980907,-2.85045176999995],[103.04989448,-2.85044840999996],[103.04992688,-2.85044713999998],[103.05262064,-2.85051777999997],[103.05263825,-2.85051985999997],[103.05270423,-2.85051997999994],[103.054162411,-2.85055821899994],[103.05463342,-2.85057056999994],[103.05464607,-2.85056456999996],[103.05477002,-2.85057232999998],[103.05638762,-2.84980679999996],[103.05695132,-2.84947140999999],[103.05787041,-2.84892456999995],[103.0586318,-2.84892708999996],[103.0588878,-2.84892792999995],[103.05888789,-2.84892792999995],[103.05947086,-2.84892984999993],[103.06069319,-2.84893388999996],[103.060758562,-2.84891101699998],[103.0611756,-2.84876509999998],[103.06192116,-2.84850422999995],[103.06287129,-2.84822498999995],[103.062871452,-2.84822494199995],[103.06299119,-2.84818974999997],[103.06363548,-2.84803991999997],[103.06758017,-2.84930925999993],[103.06825888,-2.84849311999995],[103.06850785,-2.84822957999996],[103.06949634,-2.84822775999993],[103.07043054,-2.84822603999993],[103.07111119,-2.84827281999998],[103.07127557,-2.84823768999997],[103.07137826,-2.84821573999995],[103.07213998,-2.84821701999994],[103.07234527,-2.84825177999994],[103.07290972,-2.84836003999994],[103.07294995,-2.84836775999998],[103.073303177,-2.84842463499996],[103.07437813,-2.84859771999993],[103.0743046,-2.84814949999998],[103.07424335,-2.84777614999996],[103.07411662,-2.84711182999996],[103.07397703,-2.84638012999994],[103.07688636,-2.84455860999998],[103.07831385,-2.84389170999999],[103.07860664,-2.84376798999994],[103.07872428,-2.84370627999994],[103.07883441,-2.84364850999999],[103.07913128,-2.84349278999997],[103.07956048,-2.84326764999998],[103.07960038,-2.84329065999998],[103.07984479,-2.84343162999994],[103.07987237,-2.84344753999995],[103.08051259,-2.84381679999996],[103.0808233,-2.84401278999996],[103.08086349,-2.84403813999995],[103.08087527,-2.84404555999993],[103.08091599,-2.84405291999997],[103.08112155,-2.84409002999996],[103.081122555,-2.84409021099999],[103.08214864,-2.84427548999998],[103.08249017,-2.84431065999997],[103.08282906,-2.84434554999996],[103.08308553,-2.84438565999994],[103.08352608,-2.84453413999996],[103.0842323,-2.84478125999994],[103.08435297,-2.84444932999998],[103.08457228,-2.84384602999996],[103.08582063,-2.84420690999997],[103.08717258,-2.84382094999995],[103.08837904,-2.84372188999993],[103.08844316,-2.84372421999996],[103.08886297,-2.84373946999995],[103.08888792,-2.84371968999994],[103.08894358,-2.84367552999993],[103.08964717,-2.84311735999995],[103.08995356,-2.84287429999995],[103.09063549,-2.84214533999995],[103.09089489,-2.84190537999996],[103.09118103,-2.84164068999997],[103.09151531,-2.84159922999993],[103.09195246,-2.84159995999994],[103.09214384,-2.84154532599997],[103.09229263,-2.84150284999994],[103.092571,-2.84146832999995],[103.09347959,-2.84330304999997],[103.09384028,-2.84354568999993],[103.09411356,-2.84378194999994],[103.09503386,-2.84438855999997],[103.09514989,-2.84441620999996],[103.09651898,-2.84487760999997],[103.0967154,-2.84496157999996],[103.09678321,-2.84499057999995],[103.09740708,-2.84580884999997],[103.09743671,-2.84585273999994],[103.09766213,-2.84676572999997],[103.09534241,-2.85067909999997],[103.095309,-2.85072930999996],[103.0943407,-2.85218448999996],[103.09434067,-2.85218454999995],[103.09283309,-2.85445013999993],[103.09135293,-2.85667452999997],[103.09135289,-2.85667457999996],[103.08984942,-2.85893397999996],[103.08963796,-2.85925176999996],[103.08879884,-2.86050927999997],[103.08879879,-2.86050937999994],[103.08879762,-2.86051112999997],[103.08879596,-2.86051359999993],[103.08392589,-2.86781194999998],[103.08392591,-2.86781197999995],[103.08302707,-2.869159],[103.08246505,-2.87000122999996],[103.08117388,-2.87193615999996],[103.08078858,-2.87251355999996],[103.08076057,-2.87255720999997],[103.080339742,-2.87321297599994],[103.080328806,-2.87322800799996],[103.0781788,-2.87658031799999],[103.078179028,-2.87658148999998],[103.078224453,-2.87681462299997],[103.07828539,-2.87676808999993],[103.07828543,-2.87676805999996],[103.078422101,-2.87667394199997],[103.078424726,-2.87667493999993],[103.07905873,-2.88085014999996],[103.079309786,-2.88250349799996],[103.082633063,-2.90446818199996],[103.08273362,-2.90554920999995],[103.082947582,-2.90654694399996],[103.084114594,-2.91426016499998],[103.085214988,-2.91386339899998],[103.085217481,-2.91386173699994],[103.085217767,-2.91386163799996],[103.085240632,-2.91384630299996],[103.086205868,-2.91320281299994],[103.086355679,-2.91312519899998],[103.087056019,-2.91278710399997],[103.087975519,-2.91286591899996],[103.088042867,-2.91287190499999],[103.088328714,-2.91297191599995],[103.088925374,-2.91318363399995],[103.089929331,-2.91413610599994],[103.090029772,-2.91423179999993],[103.090075628,-2.91424586699998],[103.0918427,-2.91479807699994],[103.09335057,-2.91439597799997],[103.093575701,-2.91433712399993],[103.094927368,-2.91365251399998],[103.095011027,-2.91348282899998],[103.095581409,-2.91253219199996],[103.0996285,-2.90411850699997],[103.099990928,-2.90413360799994],[103.100104271,-2.90413833099996],[103.100054691,-2.90371194099993],[103.101182116,-2.89859516499997],[103.104502828,-2.89629621099994],[103.10769582,-2.89731796899998],[103.110505654,-2.89786077699995],[103.112405484,-2.89916990399997],[103.113267592,-2.89939341399997],[103.114480929,-2.89897832499997],[103.115378958,-2.89764924099996],[103.115762117,-2.89669134399998],[103.11882739,-2.89685099299994],[103.118443715,-2.90879973499995],[103.11550346,-2.90879989999997],[103.115286123,-2.90907831699998],[103.115207601,-2.90908773899997],[103.114242001,-2.90931493899996],[103.113617201,-2.90988293899995],[103.113600219,-2.91003577799996],[103.113503601,-2.91090533899996],[103.113503601,-2.91153013899998],[103.11389826,-2.91235892199995],[103.114071601,-2.91272293899994],[103.114047059,-2.91280883499996],[103.114021542,-2.91308951999998],[103.112539114,-2.91413593999993],[103.112510792,-2.91415593199998],[103.111887918,-2.91538251399994],[103.1106068,-2.91783493899994],[103.108343566,-2.92349302499997],[103.108334655,-2.92351506799998],[103.1045292,-2.92686613999996],[103.104211309,-2.92717225699994],[103.1022288,-2.92908133999993],[103.1002124,-2.93118293999992],[103.099514753,-2.93175139299996],[103.0994456,-2.93180773999996],[103.099353926,-2.93188809599997],[103.097733999,-2.93326503399993],[103.096701344,-2.93407010399995],[103.09659495,-2.93415073999995],[103.096527212,-2.93420585999996],[103.095496138,-2.93500969899997],[103.089901086,-2.93937167199994],[103.08989965,-2.93937278999994],[103.0899094,-2.93940566999993],[103.089911,-2.93940873999997],[103.089911567,-2.93940982799996],[103.09039901,-2.94034483999997],[103.090477436,-2.94057847599993],[103.0908863,-2.94179649999995],[103.091234991,-2.94283573799993],[103.091879356,-2.94475619899993],[103.09256148,-2.94678919999996],[103.09394282,-2.95086777999996],[103.09464177,-2.95293152999995],[103.09626221,-2.95778189999993],[103.09812352,-2.96328918999996],[103.09941845,-2.96713349999994],[103.10057608,-2.97057020999995],[103.10145199,-2.97313224999993],[103.10163272,-2.97368166999996],[103.10172561,-2.97396405999997],[103.10173486,-2.97395684999999],[103.10181718,-2.97402366999995],[103.106265935,-2.97763492299993],[103.10656015,-2.97787374999996],[103.11061244,-2.98116314999993],[103.11623663,-2.98554053999993],[103.11909746,-2.98776714999996],[103.11918089,-2.98841525999995],[103.11931699,-2.98947263999997],[103.11932243,-2.98951490599995],[103.12005579,-2.99521236999993],[103.120472136,-2.99822640799994],[103.12113484,-3.00302388999995],[103.12115514,-3.00319259999998],[103.12116741,-3.00329462999997],[103.121167448,-3.00329494799996],[103.121725214,-3.00793156499999],[103.12261693,-3.01534425999995],[103.12660253,-3.02390739999994],[103.127426557,-3.02567782699993],[103.13033292,-3.03192216999997],[103.13051957,-3.03230435999995],[103.130680404,-3.03263369099995],[103.13068074,-3.03263437999994],[103.130739127,-3.03275393399997],[103.13113601,-3.03356658999997],[103.13124191,-3.03422845999995],[103.13128898,-3.03452264999993],[103.13162866,-3.03480056999997],[103.13255097,-3.03555519999998],[103.13255097,-3.03654949999999],[103.13250784,-3.03664852999998],[103.13243885,-3.03680694999997],[103.13258385,-3.03702694999993],[103.13357449,-3.03852998999998],[103.13353288,-3.03861553999997],[103.13322205,-3.03925445999994],[103.13345701,-3.04187818999998],[103.13674062,-3.04468540999994],[103.13695294,-3.04486692999996],[103.13696663,-3.04487863999999],[103.136977164,-3.04486792799998],[103.137157434,-3.04511291099993],[103.13873688,-3.04564224999995],[103.13876478,-3.04565351999999],[103.136643125,-3.04657266899994],[103.133279498,-3.04711197399996],[103.133271317,-3.04711328499996],[103.131460712,-3.04748727699996],[103.128132892,-3.04817465899994],[103.120622849,-3.05088845199998],[103.11971372,-3.05121696999993],[103.11493218,-3.05294479999997],[103.11434685,-3.05315631999997],[103.11342181,-3.05348549999997],[103.11000007,-3.05470313999996],[103.109735232,-3.05491798699995],[103.109694782,-3.05495027799998],[103.108704174,-3.05574107099995],[103.106911585,-3.05717207799995],[103.105395084,-3.05916017499993],[103.105117675,-3.06025131599996],[103.104821772,-3.06136095199998],[103.104821772,-3.06402407699994],[103.105172189,-3.06630178399997],[103.105410918,-3.06792668099996],[103.105326795,-3.06969323699997],[103.10470804,-3.06956183999995],[103.10263287,-3.06931121999998],[103.10162241,-3.06907122999996],[103.10022687,-3.06873978999994],[103.09816172,-3.06886008999994],[103.09726949,-3.06793778999998],[103.09664424,-3.06792205999995],[103.09614632,-3.06790953999996],[103.09606198,-3.06790740999999],[103.09605959,-3.06790494999997],[103.09101389,-3.06775628999999],[103.09101366,-3.06775628999999],[103.08686121,-3.06763393999995],[103.08684344,-3.06763341599998],[103.08470658,-3.06757044999995],[103.083118784,-3.06808501699994],[103.08311865,-3.06808505999993],[103.08309182,-3.06809374999996],[103.08308365,-3.06811316999994],[103.08307334,-3.06811571999998],[103.08307196,-3.06811605999997],[103.08273734,-3.06886692999996],[103.08242974,-3.06955715999994],[103.08160028,-3.07031675999997],[103.08094165,-3.07091992999995],[103.08054544,-3.07123059999998],[103.07968197,-3.07190763999995],[103.07899642,-3.07221463999997],[103.07790282,-3.07262730999997],[103.07740139,-3.07315467999997],[103.07699431,-3.07358281999996],[103.07689493,-3.07369122999996],[103.07686802,-3.07372058999993],[103.076624473,-3.07398627499993],[103.07633831,-3.07429844999997],[103.076307405,-3.07435160899997],[103.071632109,-3.08239348599995],[103.07083941,-3.08375698999992],[103.07083938,-3.08375702999996],[103.06755239,-3.08941074999996],[103.06732145,-3.08981003999998],[103.067308806,-3.08983190099997],[103.06617402,-3.09179393999995],[103.06617313,-3.09179547899993],[103.058155284,-3.10565772299998],[103.058148373,-3.10565258299994],[103.056975133,-3.10760535799995],[103.056250717,-3.10892820599997],[103.05569953,-3.10982585199998],[103.054565661,-3.11184161899996],[103.05292785,-3.11459755099998],[103.052617701,-3.11520592099993],[103.05256917,-3.11519190999997],[103.05199169,-3.11511981999996],[103.039538983,-3.11524741699998],[103.03799575,-3.11526322999993],[103.03648127,-3.11551404999994],[103.03622703,-3.11555614999998],[103.036217425,-3.11555774099999],[103.036161649,-3.11355242999997],[103.037879347,-3.11033446399995],[103.037670436,-3.11019518999996],[103.038459657,-3.10857032299998],[103.038181108,-3.10824534899996],[103.038552507,-3.10743291599994],[103.03848287,-3.10734006599995],[103.038227533,-3.10713115499993],[103.037740073,-3.10689903099995],[103.037066914,-3.10641156999998],[103.037206188,-3.10580804799998],[103.037206188,-3.10555271199997],[103.037252613,-3.10525095099997],[103.0374151,-3.10497240199993],[103.037740073,-3.10476349099998],[103.037972197,-3.10450815499997],[103.037972197,-3.10413675599995],[103.037786498,-3.10376535799998],[103.037507949,-3.10374214599995],[103.036672303,-3.10371893299992],[103.036533029,-3.10357965899993],[103.03625448,-3.10330110999997],[103.036115206,-3.10325468599997],[103.035743808,-3.10330110999997],[103.035024224,-3.10334753499996],[103.034768887,-3.10311541099998],[103.034351064,-3.10288328699995],[103.033515418,-3.10292971199994],[103.032958321,-3.10313862399995],[103.032308374,-3.10327789799994],[103.031797701,-3.10346359699998],[103.031147754,-3.10378856999996],[103.030714682,-3.10431186599994],[103.030537778,-3.10401702599996],[103.030547902,-3.10384493899994],[103.030584162,-3.10322850299997],[103.030594434,-3.10305389899997],[103.030594736,-3.10305146299993],[103.030764398,-3.10169416599997],[103.030764385,-3.10169414299997],[103.030764338,-3.10169406099993],[103.03076431,-3.10169401199995],[103.030764292,-3.10169397999994],[103.030764262,-3.10169392699993],[103.030764231,-3.10169387299994],[103.030755826,-3.10167916699994],[103.030717474,-3.10161204999997],[103.030538605,-3.10129909099993],[103.03053781,-3.10129767299998],[103.030341329,-3.10122885999994],[103.029599426,-3.10096915299994],[103.029599426,-3.10095386599994],[103.029599427,-3.10094513499996],[103.029599428,-3.10008398199995],[103.029599427,-3.10005824799992],[103.029599401,-3.10005798599998],[103.029599362,-3.10005796899998],[103.029598291,-3.10004686799994],[103.029597392,-3.10003789599994],[103.029597388,-3.10003785999993],[103.029597385,-3.10003783099996],[103.029542772,-3.09949169699997],[103.029537058,-3.09948915699994],[103.02953702,-3.09948914099993],[103.029032926,-3.09926511799995],[103.0289984,-3.09925473399994],[103.028466324,-3.09909511099994],[103.028465655,-3.09909450899995],[103.028464973,-3.09909430399996],[103.028258563,-3.09890812599997],[103.027899773,-3.09858521499997],[103.027899773,-3.09858450399998],[103.027899773,-3.09820626099997],[103.027899773,-3.09799178299994],[103.027882761,-3.09772383899997],[103.027856996,-3.09736313299994],[103.027842511,-3.09716833099998],[103.027842357,-3.09716625899995],[103.027496525,-3.09687708199993],[103.02703702,-3.09669132399995],[103.026823325,-3.09660228499997],[103.026144685,-3.09620641099997],[103.026143464,-3.09620569899994],[103.025860188,-3.09529921699993],[103.02587577,-3.09526445799998],[103.026319994,-3.09427349599997],[103.026478281,-3.09392039399996],[103.026492028,-3.09388972899996],[103.02676185,-3.09359012999994],[103.02676007,-3.09358986999997],[103.02657223,-3.09356253999995],[103.02625658,-3.09351660999994],[103.02625528,-3.09351641999997],[103.02615216,-3.09321901999993],[103.02615212,-3.09321889999996],[103.02528324,-3.09071304999999],[103.024663475,-3.08897229199994],[103.02463512,-3.08889264999993],[103.02462995,-3.08888105999995],[103.02445919,-3.08849767999993],[103.0243343,-3.08821728999994],[103.02434685,-3.08820081999994],[103.02432045,-3.08812071999994],[103.02431086,-3.08809159999993],[103.02431877,-3.08807553999998],[103.024335381,-3.08804180999994],[103.02433543,-3.08804170999997],[103.02432225,-3.08800414999997],[103.026249302,-3.08403457599996],[103.02643854,-3.08364475999998],[103.02848805,-3.07942287999994],[103.02848806,-3.07942284999996],[103.02917926,-3.07805872999995],[103.02982508,-3.07666864999993],[103.02982527,-3.07666824999997],[103.03039607,-3.07549239999998],[103.030400385,-3.07548350799994],[103.03040512,-3.07547374999996],[103.03085322,-3.07510302999999],[103.033114238,-3.07323241599995],[103.034154994,-3.07237136499999],[103.0345106,-3.07207715999993],[103.03451063,-3.07205895999994],[103.03451486,-3.06974797999993],[103.03451609,-3.06974184999997],[103.03453418,-3.06965178999997],[103.03459913,-3.06932839999997],[103.03491609,-3.06806376999999],[103.03559312,-3.06687777999998],[103.0359469,-3.06634641999995],[103.036223918,-3.06404312699994],[103.036224738,-3.06403631299998],[103.036224342,-3.06403567199994],[103.035910503,-3.06352568299997],[103.035698046,-3.06288831099994],[103.035698046,-3.06246434499997],[103.035724533,-3.06244353399996],[103.03610806,-3.06214219099997],[103.035749539,-3.06135543699998],[103.034847013,-3.06119111499993],[103.034901809,-3.06099216499996],[103.035008845,-3.06060353899995],[103.034705673,-3.06052893099997],[103.034371475,-3.06044668699997],[103.03432567,-3.06040288199995],[103.033471546,-3.05958605599994],[103.033470834,-3.05958554499995],[103.033401009,-3.05952688699995],[103.032723652,-3.05895786299994],[103.032882999,-3.05863917699999],[103.032617426,-3.05773623699997],[103.032829887,-3.05768312499992],[103.033520364,-3.05794869299996],[103.033839049,-3.05778935099995],[103.033839066,-3.05778923599997],[103.033839322,-3.05778910799996],[103.034000123,-3.05672919999996],[103.033998349,-3.05672735699995],[103.033118905,-3.05581375299995],[103.033118848,-3.05581369399994],[103.033118805,-3.05581364899995],[103.033118778,-3.05581361999999],[103.033118755,-3.05581359699995],[103.0330038,-3.05600539999995],[103.03313109,-3.05665134999993],[103.03324438,-3.05722628999996],[103.03319691,-3.05723982999996],[103.03281925,-3.05734754999997],[103.03215864,-3.05729097999995],[103.03214679,-3.05728996999995],[103.03213148,-3.05728865999993],[103.03209095,-3.05728518999996],[103.03150314,-3.05751121999998],[103.03142011,-3.05754314999997],[103.03135563,-3.05754972999995],[103.03111323,-3.05757448999999],[103.02802388,-3.05733870999996],[103.02638875,-3.05829823999994],[103.02530608,-3.05862257999996],[103.02526798,-3.05857863999996],[103.02508964,-3.05837300000001],[103.02508214,-3.05836162999998],[103.02505748,-3.05832428999998],[103.02504775,-3.05830955999994],[103.02595131,-3.05686213999997],[103.02595305,-3.05685934999997],[103.02596094,-3.05684671999996],[103.02591549,-3.05675492999996],[103.02583998,-3.05660240999992],[103.02578855,-3.05659926999994],[103.02578346,-3.05659105999996],[103.02578031,-3.05658595999995],[103.02559145,-3.05657882999998],[103.02522909,-3.05656514999993],[103.02480818,-3.05653947999997],[103.02478492,-3.05654588999994],[103.02477694,-3.05654807999997],[103.02452875,-3.05661641999996],[103.02384642,-3.05680427999994],[103.02384639,-3.05680428999995],[103.02384628,-3.05680431999997],[103.02310877,-3.05700737999997],[103.02304697,-3.05702439999993],[103.02285307,-3.05691563999994],[103.02250122,-3.05671827999993],[103.02222386,-3.05668987999997],[103.02189432,-3.05665613999998],[103.0208075,-3.05679659999993],[103.02080859,-3.05679076999997],[103.020804544,-3.05679135799994],[103.02053196,-3.05683093999995],[103.02000664,-3.05677127999996],[103.01912312,-3.05665375999997],[103.0191021,-3.05665095999997],[103.01902261,-3.05667742999999],[103.01898832,-3.05668884999994],[103.01874805,-3.05676886999993],[103.01873767,-3.05677232999995],[103.01870584,-3.05679223999994],[103.01870442,-3.05679312999996],[103.01825146,-3.05704500999997],[103.01820246,-3.05721135999994],[103.01800747,-3.05774731999998],[103.01793263,-3.05804592999993],[103.01788517,-3.05823526999995],[103.01789703,-3.05824822999995],[103.0180221,-3.05838494999995],[103.01844835,-3.05885087999997],[103.01861212,-3.05902989999993],[103.01868018,-3.05916735999996],[103.01882552,-3.05946093999995],[103.01883869,-3.05948753999997],[103.01885403,-3.05951851999993],[103.01867872,-3.06010205999997],[103.01867081,-3.06012839999994],[103.01747291,-3.06012617999995],[103.01716798,-3.06012560999994],[103.01703189,-3.06012535999998],[103.0170046,-3.06014096999997],[103.0157834,-3.06083946999997],[103.01575583,-3.06085523999998],[103.01575515,-3.06122136999994],[103.01577271,-3.06124667999995],[103.01578263,-3.06126098999994],[103.01617893,-3.06183237999994],[103.01617805,-3.06184451999997],[103.01612622,-3.06255537999994],[103.01611666,-3.06268655999998],[103.01588258,-3.06332165999993],[103.01580121,-3.06354242999993],[103.01568962,-3.06384517999994],[103.01569964,-3.06408712999996],[103.01570481,-3.06421203999997],[103.01574773,-3.06524878999994],[103.01554219,-3.06547751999995],[103.01529947,-3.06574761999997],[103.0152003,-3.06585797999998],[103.01457049,-3.06597188999996],[103.01453237,-3.06597877999997],[103.01431453,-3.06550198999997],[103.01431243,-3.06549738999996],[103.01416962,-3.06518481999997],[103.01392466,-3.06522912999997],[103.01350169,-3.06530561999995],[103.0131451,-3.06566276999996],[103.01283274,-3.06597560999996],[103.01258814,-3.06695149999996],[103.01223738,-3.06771175999995],[103.01221101,-3.06776015999998],[103.01191817,-3.06817067999999],[103.01185447,-3.06817969999998],[103.01169233,-3.06820267999996],[103.01149315,-3.06823089999994],[103.01149889,-3.06820052999996],[103.0112491,-3.06836308999993],[103.010973,-3.06854276999997],[103.01058485,-3.06879536999998],[103.01016146,-3.06907089999993],[103.00982628,-3.06880030999998],[103.00961861,-3.06827557999998],[103.00947288,-3.06790734999993],[103.00935505,-3.06792074999993],[103.008806,-3.06798321999998],[103.00874953,-3.06930760999996],[103.00875774,-3.06930776999997],[103.00870996,-3.07027826999997],[103.00817634,-3.07102632999994],[103.00833617,-3.07141400000001],[103.00870619,-3.07231143999996],[103.008704216,-3.07337829699998],[103.00870421,-3.07338152999995],[103.00866312,-3.07341091999996],[103.00803558,-3.07380356999994],[103.00786929,-3.07390760999994],[103.00584066,-3.07426549999997],[103.00562462,-3.07430361999997],[103.00511503,-3.07495131999997],[103.00465522,-3.07551411999999],[103.00456097,-3.07607608999996],[103.00454135,-3.07619312999998],[103.00447606,-3.07658243999993],[103.00447605,-3.07658246999995],[103.00443994,-3.07679781999997],[103.00507624,-3.07808312999993],[103.00507339,-3.07809165999993],[103.005063739,-3.07812058499997],[103.00486214,-3.07872477999996],[103.00468442,-3.07900944999994],[103.0045395,-3.07924157999997],[103.00432831,-3.07957984999996],[103.00418222,-3.08023493999997],[103.00410517,-3.08058042999994],[103.003944963,-3.08129880599996],[103.00391688,-3.08142472999998],[103.00333634,-3.08129018999995],[103.00268029,-3.08113813999995],[103.00205916,-3.08143203999993],[103.00166332,-3.081608],[103.00124543,-3.08181705999994],[103.00081093,-3.08203442999997],[103.00064903,-3.08211542599998],[102.99995855,-3.08246085999997],[102.99904898,-3.08245913999997],[102.99901548,-3.08245907999997],[102.99900051,-3.08245904999996],[102.99885444,-3.08282414999997],[102.998822902,-3.08290298199995],[102.99857272,-3.08352832999998],[102.99842403,-3.08358235999998],[102.99816101,-3.08367794999998],[102.99815136,-3.08368144999998],[102.99744406,-3.08393848999998],[102.99740099,-3.08395414999996],[102.99711767,-3.08409587999995],[102.99678397,-3.08426281999994],[102.9967617,-3.08427395999997],[102.99674097,-3.08424780999997],[102.99639811,-3.08381530999997],[102.99633691,-3.08373811999997],[102.9959906,-3.08398578999993],[102.995646758,-3.08423170699996],[102.99559077,-3.08427174999998],[102.995568307,-3.08425731699999],[102.99555351,-3.08424780999997],[102.99551353,-3.08422212999995],[102.99542529,-3.08416543999994],[102.99442125,-3.08352046999994],[102.994421761,-3.08351443799996],[102.99444652,-3.08322243999993],[102.994488432,-3.08272807299995],[102.994128864,-3.08150408699993],[102.994134635,-3.08079417899995],[102.994207743,-3.08024395199994],[102.994230829,-3.07972065899998],[102.994404839,-3.07910130099998],[102.9943198,-3.07842879999993],[102.994230495,-3.07772260599996],[102.99421937,-3.07763462999998],[102.9942237,-3.07531738999995],[102.994225482,-3.07436425099997],[102.99422743,-3.07332228999997],[102.99422743,-3.07332224999994],[102.99422743,-3.07332221999997],[102.994227665,-3.07319661199995],[102.99422533,-3.07319625999998],[102.9922082,-3.07181371999997],[102.991827974,-3.07155311199995]]]]},"properties":{"gid":1491,"luas":null,"idkec":"1605090","kdkab":"05","kdkec":"090","nmkab":"MUSI RAWAS","nmkec":"MEGANG SAKTI","kdprov":"16","nmprov":"SUMATERA SELATAN","sumber":null,"periode":"2025_1"}}]}